2026-05-08 18:07:48  INFO      Pipeline starting  |  output=runs
2026-05-08 18:07:48  INFO      Log file: runs\pipeline.log
2026-05-08 18:07:48  INFO      Discovered 9 samples in ..\segmentation_results
2026-05-08 18:07:48  INFO      Found 9 samples: ['Cont1_5', 'Frag_4', 'Odam-CRE-A', 'Odam-CRE-B', 'Odam-CRE-C', 'Odam-CRE-Hifla-A', 'Odam-CRE-Hifla-B', 'Odam-CRE-Hifla-C', 'P27RKO_8um_2K__reoriented']
2026-05-08 18:07:48  INFO      Folds to train: [0, 1, 2, 3, 4, 5, 6, 7, 8]  (9 total)
2026-05-08 18:07:48  INFO        [Cont1_5             ]  starting ...
2026-05-08 18:07:48  INFO        [Frag_4              ]  starting ...
2026-05-08 18:07:48  INFO        [Odam-CRE-A          ]  starting ...
2026-05-08 18:07:48  INFO        [Odam-CRE-B          ]  starting ...
2026-05-08 18:07:51  INFO        [Cont1_5             ]  imread image   3.1s  shape=(1428, 327, 514)  960 MB
2026-05-08 18:07:55  INFO        [Frag_4              ]  imread image   6.7s  shape=(1468, 425, 474)  1183 MB
2026-05-08 18:08:00  INFO        [Odam-CRE-A          ]  imread image   12.0s  shape=(1405, 479, 839)  2259 MB
2026-05-08 18:08:05  INFO        [Odam-CRE-B          ]  imread image   17.0s  shape=(1555, 448, 805)  2243 MB
2026-05-08 18:08:09  INFO        [Cont1_5             ]  imread masks   17.1s
2026-05-08 18:08:10  INFO        [Cont1_5             ]  load+combine   21.7s total
2026-05-08 18:08:10  INFO        [Frag_4              ]  imread masks   14.2s
2026-05-08 18:08:10  INFO        [Cont1_5             ]  det_transform   22.5s  cropped=torch.Size([1, 1444, 343, 530])
2026-05-08 18:08:11  INFO        [Frag_4              ]  load+combine   22.7s total
2026-05-08 18:08:12  INFO        [Frag_4              ]  det_transform   23.7s  cropped=torch.Size([1, 1484, 441, 490])
2026-05-08 18:08:13  INFO        [Cont1_5             ]  saved npy       2.7s  img=1050 MB  lbl=263 MB
2026-05-08 18:08:14  INFO        [Cont1_5             ]  done            26.1s total  idx=1.6 MB
2026-05-08 18:08:14  INFO        [Odam-CRE-A          ]  imread masks   11.5s
2026-05-08 18:08:14  INFO        [Odam-CRE-C          ]  starting ...
2026-05-08 18:08:15  INFO        [Frag_4              ]  saved npy       3.0s  img=1283 MB  lbl=321 MB
2026-05-08 18:08:15  INFO        [Odam-CRE-A          ]  load+combine   26.9s total
2026-05-08 18:08:16  INFO        [Odam-CRE-B          ]  imread masks   7.9s
2026-05-08 18:08:16  INFO        [Frag_4              ]  done            28.3s total  idx=1.6 MB
2026-05-08 18:08:16  INFO        [Odam-CRE-Hifla-A    ]  starting ...
2026-05-08 18:08:17  INFO        [Odam-CRE-A          ]  det_transform   28.7s  cropped=torch.Size([1, 1421, 495, 855])
2026-05-08 18:08:17  INFO        [Odam-CRE-B          ]  load+combine   28.8s total
2026-05-08 18:08:18  INFO        [Odam-CRE-B          ]  det_transform   30.3s  cropped=torch.Size([1, 1571, 464, 821])
2026-05-08 18:08:19  INFO        [Odam-CRE-C          ]  imread image   4.5s  shape=(1337, 390, 804)  1677 MB
2026-05-08 18:08:23  INFO        [Odam-CRE-Hifla-A    ]  imread image   6.4s  shape=(1453, 456, 830)  2200 MB
2026-05-08 18:08:24  INFO        [Odam-CRE-A          ]  saved npy       7.4s  img=2406 MB  lbl=601 MB
2026-05-08 18:08:25  INFO        [Odam-CRE-C          ]  imread masks   4.4s
2026-05-08 18:08:26  INFO        [Odam-CRE-B          ]  saved npy       7.3s  img=2394 MB  lbl=598 MB
2026-05-08 18:08:26  INFO        [Odam-CRE-C          ]  load+combine   11.8s total
2026-05-08 18:08:27  INFO        [Odam-CRE-A          ]  done            39.1s total  idx=1.6 MB
2026-05-08 18:08:27  INFO        [Odam-CRE-Hifla-B    ]  starting ...
2026-05-08 18:08:28  INFO        [Odam-CRE-C          ]  det_transform   13.6s  cropped=torch.Size([1, 1353, 406, 820])
2026-05-08 18:08:28  INFO        [Odam-CRE-B          ]  done            40.3s total  idx=1.6 MB
2026-05-08 18:08:28  INFO        [Odam-CRE-Hifla-C    ]  starting ...
2026-05-08 18:08:34  INFO        [Odam-CRE-C          ]  saved npy       5.9s  img=1802 MB  lbl=450 MB
2026-05-08 18:08:35  INFO        [Odam-CRE-Hifla-B    ]  imread image   7.4s  shape=(1455, 470, 802)  2194 MB
2026-05-08 18:08:35  INFO        [Odam-CRE-C          ]  done            20.8s total  idx=1.6 MB
2026-05-08 18:08:35  INFO        [Odam-CRE-Hifla-A    ]  imread masks   9.6s
2026-05-08 18:08:35  INFO        [P27RKO_8um_2K__reoriented]  starting ...
2026-05-08 18:08:36  INFO        [Odam-CRE-Hifla-A    ]  load+combine   19.5s total
2026-05-08 18:08:37  INFO        [Odam-CRE-Hifla-C    ]  imread image   8.6s  shape=(1614, 418, 736)  1986 MB
2026-05-08 18:08:38  INFO        [Odam-CRE-Hifla-A    ]  det_transform   21.4s  cropped=torch.Size([1, 1469, 472, 846])
2026-05-08 18:08:40  INFO        [P27RKO_8um_2K__reoriented]  imread image   4.7s  shape=(1534, 229, 656)  922 MB
2026-05-08 18:08:45  INFO        [Odam-CRE-Hifla-A    ]  saved npy       6.8s  img=2346 MB  lbl=587 MB
2026-05-08 18:08:47  INFO        [Odam-CRE-Hifla-B    ]  imread masks   9.7s
2026-05-08 18:08:48  INFO        [Odam-CRE-Hifla-A    ]  done            31.4s total  idx=1.6 MB
2026-05-08 18:08:48  INFO        [Odam-CRE-Hifla-B    ]  load+combine   20.6s total
2026-05-08 18:08:49  INFO        [Odam-CRE-Hifla-B    ]  det_transform   22.1s  cropped=torch.Size([1, 1471, 486, 818])
2026-05-08 18:08:50  INFO        [P27RKO_8um_2K__reoriented]  imread masks   8.7s
2026-05-08 18:08:50  INFO        [P27RKO_8um_2K__reoriented]  load+combine   14.9s total
2026-05-08 18:08:50  INFO        [Odam-CRE-Hifla-C    ]  imread masks   10.3s
2026-05-08 18:08:51  INFO        [P27RKO_8um_2K__reoriented]  det_transform   15.5s  cropped=torch.Size([1, 1550, 245, 672])
2026-05-08 18:08:51  INFO        [Odam-CRE-Hifla-C    ]  load+combine   22.3s total
2026-05-08 18:08:52  INFO        [Odam-CRE-Hifla-C    ]  det_transform   23.6s  cropped=torch.Size([1, 1630, 434, 752])
2026-05-08 18:08:53  INFO        [P27RKO_8um_2K__reoriented]  saved npy       2.8s  img=1021 MB  lbl=255 MB
2026-05-08 18:08:54  INFO        [P27RKO_8um_2K__reoriented]  done            19.3s total  idx=1.6 MB
2026-05-08 18:08:56  INFO        [Odam-CRE-Hifla-B    ]  saved npy       6.3s  img=2339 MB  lbl=585 MB
2026-05-08 18:08:57  INFO        [Odam-CRE-Hifla-C    ]  saved npy       5.5s  img=2128 MB  lbl=532 MB
2026-05-08 18:08:58  INFO        [Odam-CRE-Hifla-B    ]  done            30.4s total  idx=1.6 MB
2026-05-08 18:08:59  INFO        [Odam-CRE-Hifla-C    ]  done            30.7s total  idx=1.6 MB
2026-05-08 18:08:59  INFO      Disk cache ready for 9 samples  |  time=1m11s
2026-05-08 18:09:00  INFO      Fold 0: loading 8 training samples into RAM...
2026-05-08 18:09:01  INFO        Loaded Frag_4                shape=(1, 1484, 441, 490)  1603 MB  1.1s
2026-05-08 18:09:03  INFO        Loaded Odam-CRE-A            shape=(1, 1421, 495, 855)  3007 MB  2.1s
2026-05-08 18:09:05  INFO        Loaded Odam-CRE-B            shape=(1, 1571, 464, 821)  2992 MB  2.1s
2026-05-08 18:09:07  INFO        Loaded Odam-CRE-C            shape=(1, 1353, 406, 820)  2252 MB  1.9s
2026-05-08 18:09:09  INFO        Loaded Odam-CRE-Hifla-A      shape=(1, 1469, 472, 846)  2933 MB  2.5s
2026-05-08 18:09:12  INFO        Loaded Odam-CRE-Hifla-B      shape=(1, 1471, 486, 818)  2924 MB  2.5s
2026-05-08 18:09:14  INFO        Loaded Odam-CRE-Hifla-C      shape=(1, 1630, 434, 752)  2660 MB  2.1s
2026-05-08 18:09:15  INFO        Loaded P27RKO_8um_2K__reoriented  shape=(1, 1550, 245, 672)  1276 MB  1.1s
2026-05-08 18:09:15  INFO      All 8 samples in RAM  total=19648 MB  15.3s
2026-05-08 18:09:15  INFO      Fold 0: dataset ready  items=8  load=15.4s
2026-05-08 18:09:26  INFO      Fold 0: starting fresh | val=Cont1_5 | params=4,743,653
2026-05-08 18:09:26  INFO      Fold 0: entering training loop  start_epoch=0
2026-05-08 18:09:29  INFO      Fold 0 ep 1: first batch  wait=3.2s  shape=[48, 1, 96, 96, 96]
2026-05-08 18:09:48  INFO      Fold 0 ep 1: loss=2.3264  epoch=22.0s  data_wait=3.2s  gpu=18.8s
2026-05-08 18:10:02  INFO      Fold 0 ep 2: loss=2.1039  epoch=13.5s  data_wait=11.4s  gpu=2.1s
2026-05-08 18:10:16  INFO      Fold 0 ep 3: loss=2.0235  epoch=14.0s  data_wait=11.8s  gpu=2.2s
2026-05-08 18:10:30  INFO      Fold 0 ep 4: loss=2.0109  epoch=14.6s  data_wait=12.3s  gpu=2.3s
2026-05-08 18:10:43  INFO      Fold 0 ep 5: loss=1.9786  epoch=12.9s  data_wait=10.7s  gpu=2.3s
2026-05-08 18:10:46  INFO        [Cont1_5             ]  imread image   2.5s  shape=(1428, 327, 514)  960 MB
2026-05-08 18:10:51  INFO        [Cont1_5             ]  imread masks   3.9s
2026-05-08 18:10:52  INFO        [Cont1_5             ]  load+combine   8.5s total
2026-05-08 18:11:16  INFO      fold=0 ep=5 loss=1.9786 dice=0.0245 inc=0.021 bone=0.000 molar=0.052 ep_s=12.9 val_s=32.3
2026-05-08 18:11:30  INFO      Fold 0 ep 6: loss=1.9177  epoch=14.1s  data_wait=11.7s  gpu=2.4s
2026-05-08 18:11:44  INFO      Fold 0 ep 7: loss=1.8987  epoch=13.7s  data_wait=11.7s  gpu=2.1s
2026-05-08 18:11:57  INFO      Fold 0 ep 8: loss=1.8873  epoch=13.2s  data_wait=11.0s  gpu=2.2s
2026-05-08 18:12:11  INFO      Fold 0 ep 9: loss=1.8867  epoch=13.6s  data_wait=11.4s  gpu=2.1s
2026-05-08 18:12:24  INFO      Fold 0 ep 10: loss=1.8684  epoch=13.4s  data_wait=11.2s  gpu=2.1s
2026-05-08 18:12:26  INFO        [Cont1_5             ]  imread image   2.5s  shape=(1428, 327, 514)  960 MB
2026-05-08 18:12:31  INFO        [Cont1_5             ]  imread masks   3.2s
2026-05-08 18:12:32  INFO        [Cont1_5             ]  load+combine   7.9s total
2026-05-08 18:12:35  INFO      fold=0 ep=10 loss=1.8684 dice=0.0210 inc=0.011 bone=0.000 molar=0.052 ep_s=13.4 val_s=10.6
2026-05-08 18:12:48  INFO      Fold 0 ep 11: loss=1.8687  epoch=13.4s  data_wait=11.0s  gpu=2.4s
2026-05-08 18:13:02  INFO      Fold 0 ep 12: loss=1.8495  epoch=14.0s  data_wait=11.8s  gpu=2.2s
2026-05-08 18:13:18  INFO      Fold 0 ep 13: loss=1.8697  epoch=15.4s  data_wait=13.0s  gpu=2.4s
2026-05-08 18:13:34  INFO      Fold 0 ep 14: loss=1.8044  epoch=16.2s  data_wait=14.0s  gpu=2.2s
2026-05-08 18:13:48  INFO      Fold 0 ep 15: loss=1.8474  epoch=14.8s  data_wait=12.5s  gpu=2.2s
2026-05-08 18:13:51  INFO        [Cont1_5             ]  imread image   2.4s  shape=(1428, 327, 514)  960 MB
2026-05-08 18:13:56  INFO        [Cont1_5             ]  imread masks   4.2s
2026-05-08 18:13:57  INFO        [Cont1_5             ]  load+combine   8.3s total
2026-05-08 18:13:59  INFO      fold=0 ep=15 loss=1.8474 dice=0.0178 inc=0.003 bone=0.000 molar=0.050 ep_s=14.8 val_s=11.0
2026-05-08 18:14:17  INFO      Fold 0 ep 16: loss=1.8189  epoch=17.0s  data_wait=14.8s  gpu=2.1s
2026-05-08 18:14:31  INFO      Fold 0 ep 17: loss=1.8080  epoch=14.0s  data_wait=12.0s  gpu=2.0s
2026-05-08 18:14:46  INFO      Fold 0 ep 18: loss=1.8222  epoch=15.4s  data_wait=13.2s  gpu=2.2s
2026-05-08 18:15:01  INFO      Fold 0 ep 19: loss=1.8146  epoch=14.7s  data_wait=12.4s  gpu=2.3s
2026-05-08 18:15:16  INFO      Fold 0 ep 20: loss=1.8542  epoch=15.3s  data_wait=12.9s  gpu=2.4s
2026-05-08 18:15:18  INFO        [Cont1_5             ]  imread image   2.2s  shape=(1428, 327, 514)  960 MB
2026-05-08 18:15:23  INFO        [Cont1_5             ]  imread masks   2.9s
2026-05-08 18:15:23  INFO        [Cont1_5             ]  load+combine   7.1s total
2026-05-08 18:15:26  INFO      fold=0 ep=20 loss=1.8542 dice=0.0301 inc=0.004 bone=0.031 molar=0.056 ep_s=15.3 val_s=9.7
2026-05-08 18:15:40  INFO      Fold 0 ep 21: loss=1.7692  epoch=14.3s  data_wait=12.2s  gpu=2.1s
2026-05-08 18:15:54  INFO      Fold 0 ep 22: loss=1.7610  epoch=13.8s  data_wait=11.7s  gpu=2.1s
2026-05-08 18:16:09  INFO      Fold 0 ep 23: loss=1.7753  epoch=14.6s  data_wait=12.5s  gpu=2.2s
2026-05-08 18:16:23  INFO      Fold 0 ep 24: loss=1.7844  epoch=14.2s  data_wait=11.9s  gpu=2.2s
2026-05-08 18:16:37  INFO      Fold 0 ep 25: loss=1.7422  epoch=14.1s  data_wait=11.7s  gpu=2.4s
2026-05-08 18:16:39  INFO        [Cont1_5             ]  imread image   2.4s  shape=(1428, 327, 514)  960 MB
2026-05-08 18:16:44  INFO        [Cont1_5             ]  imread masks   3.2s
2026-05-08 18:16:44  INFO        [Cont1_5             ]  load+combine   7.2s total
2026-05-08 18:16:47  INFO      fold=0 ep=25 loss=1.7422 dice=0.0264 inc=0.001 bone=0.012 molar=0.066 ep_s=14.1 val_s=9.8
2026-05-08 18:17:01  INFO      Fold 0 ep 26: loss=1.7575  epoch=13.9s  data_wait=11.9s  gpu=2.0s
2026-05-08 18:17:16  INFO      Fold 0 ep 27: loss=1.7511  epoch=14.9s  data_wait=12.8s  gpu=2.1s
2026-05-08 18:17:30  INFO      Fold 0 ep 28: loss=1.7497  epoch=13.9s  data_wait=11.6s  gpu=2.4s
2026-05-08 18:17:43  INFO      Fold 0 ep 29: loss=1.7037  epoch=13.1s  data_wait=10.8s  gpu=2.3s
2026-05-08 18:17:56  INFO      Fold 0 ep 30: loss=1.7001  epoch=13.2s  data_wait=10.9s  gpu=2.3s
2026-05-08 18:17:59  INFO        [Cont1_5             ]  imread image   2.3s  shape=(1428, 327, 514)  960 MB
2026-05-08 18:18:03  INFO        [Cont1_5             ]  imread masks   3.2s
2026-05-08 18:18:03  INFO        [Cont1_5             ]  load+combine   7.2s total
2026-05-08 18:18:06  INFO      fold=0 ep=30 loss=1.7001 dice=0.0435 inc=0.002 bone=0.021 molar=0.107 ep_s=13.2 val_s=9.8
2026-05-08 18:18:20  INFO      Fold 0 ep 31: loss=1.6930  epoch=13.5s  data_wait=11.3s  gpu=2.3s
2026-05-08 18:18:34  INFO      Fold 0 ep 32: loss=1.6864  epoch=13.9s  data_wait=11.8s  gpu=2.1s
2026-05-08 18:18:48  INFO      Fold 0 ep 33: loss=1.6869  epoch=14.1s  data_wait=11.9s  gpu=2.2s
2026-05-08 18:19:02  INFO      Fold 0 ep 34: loss=1.6366  epoch=14.3s  data_wait=12.2s  gpu=2.1s
2026-05-08 18:19:16  INFO      Fold 0 ep 35: loss=1.6924  epoch=13.3s  data_wait=11.1s  gpu=2.2s
2026-05-08 18:19:18  INFO        [Cont1_5             ]  imread image   2.3s  shape=(1428, 327, 514)  960 MB
2026-05-08 18:19:23  INFO        [Cont1_5             ]  imread masks   3.4s
2026-05-08 18:19:23  INFO        [Cont1_5             ]  load+combine   7.3s total
2026-05-08 18:19:26  INFO      fold=0 ep=35 loss=1.6924 dice=0.0974 inc=0.020 bone=0.146 molar=0.126 ep_s=13.3 val_s=10.0
2026-05-08 18:19:40  INFO      Fold 0 ep 36: loss=1.6502  epoch=14.2s  data_wait=11.9s  gpu=2.3s
2026-05-08 18:19:52  INFO      Fold 0 ep 37: loss=1.6698  epoch=12.3s  data_wait=10.1s  gpu=2.2s
2026-05-08 18:20:08  INFO      Fold 0 ep 38: loss=1.6382  epoch=15.4s  data_wait=13.1s  gpu=2.3s
2026-05-08 18:20:22  INFO      Fold 0 ep 39: loss=1.6188  epoch=14.3s  data_wait=12.2s  gpu=2.1s
2026-05-08 18:20:37  INFO      Fold 0 ep 40: loss=1.6347  epoch=14.5s  data_wait=12.1s  gpu=2.3s
2026-05-08 18:20:39  INFO        [Cont1_5             ]  imread image   2.3s  shape=(1428, 327, 514)  960 MB
2026-05-08 18:20:43  INFO        [Cont1_5             ]  imread masks   3.1s
2026-05-08 18:20:44  INFO        [Cont1_5             ]  load+combine   7.1s total
2026-05-08 18:20:46  INFO      fold=0 ep=40 loss=1.6347 dice=0.2117 inc=0.025 bone=0.445 molar=0.165 ep_s=14.5 val_s=9.7
2026-05-08 18:21:00  INFO      Fold 0 ep 41: loss=1.6252  epoch=13.3s  data_wait=11.1s  gpu=2.3s
2026-05-08 18:21:14  INFO      Fold 0 ep 42: loss=1.6418  epoch=14.3s  data_wait=12.2s  gpu=2.1s
2026-05-08 18:21:27  INFO      Fold 0 ep 43: loss=1.6320  epoch=13.1s  data_wait=10.8s  gpu=2.2s
2026-05-08 18:21:40  INFO      Fold 0 ep 44: loss=1.6097  epoch=12.7s  data_wait=10.7s  gpu=2.0s
2026-05-08 18:21:54  INFO      Fold 0 ep 45: loss=1.6367  epoch=14.2s  data_wait=11.9s  gpu=2.2s
2026-05-08 18:21:57  INFO        [Cont1_5             ]  imread image   2.3s  shape=(1428, 327, 514)  960 MB
2026-05-08 18:22:01  INFO        [Cont1_5             ]  imread masks   3.2s
2026-05-08 18:22:01  INFO        [Cont1_5             ]  load+combine   7.2s total
2026-05-08 18:22:04  INFO      fold=0 ep=45 loss=1.6367 dice=0.2312 inc=0.152 bone=0.372 molar=0.169 ep_s=14.2 val_s=9.8
2026-05-08 18:22:19  INFO      Fold 0 ep 46: loss=1.5652  epoch=14.3s  data_wait=12.0s  gpu=2.2s
2026-05-08 18:22:32  INFO      Fold 0 ep 47: loss=1.6005  epoch=13.0s  data_wait=10.8s  gpu=2.2s
2026-05-08 18:22:45  INFO      Fold 0 ep 48: loss=1.5875  epoch=12.9s  data_wait=10.6s  gpu=2.2s
2026-05-08 18:22:58  INFO      Fold 0 ep 49: loss=1.5684  epoch=13.6s  data_wait=11.5s  gpu=2.1s
2026-05-08 18:23:12  INFO      Fold 0 ep 50: loss=1.5685  epoch=13.7s  data_wait=11.4s  gpu=2.2s
2026-05-08 18:23:14  INFO        [Cont1_5             ]  imread image   2.3s  shape=(1428, 327, 514)  960 MB
2026-05-08 18:23:19  INFO        [Cont1_5             ]  imread masks   3.2s
2026-05-08 18:23:19  INFO        [Cont1_5             ]  load+combine   7.1s total
2026-05-08 18:23:22  INFO      fold=0 ep=50 loss=1.5685 dice=0.2202 inc=0.045 bone=0.442 molar=0.174 ep_s=13.7 val_s=9.7
2026-05-08 18:23:35  INFO      Fold 0 ep 51: loss=1.5924  epoch=13.6s  data_wait=11.3s  gpu=2.4s
2026-05-08 18:23:49  INFO      Fold 0 ep 52: loss=1.5609  epoch=13.2s  data_wait=11.0s  gpu=2.2s
2026-05-08 18:24:03  INFO      Fold 0 ep 53: loss=1.6039  epoch=14.2s  data_wait=12.1s  gpu=2.1s
2026-05-08 18:24:16  INFO      Fold 0 ep 54: loss=1.5293  epoch=13.5s  data_wait=11.3s  gpu=2.2s
2026-05-08 18:24:30  INFO      Fold 0 ep 55: loss=1.5572  epoch=13.4s  data_wait=11.2s  gpu=2.1s
2026-05-08 18:24:32  INFO        [Cont1_5             ]  imread image   2.2s  shape=(1428, 327, 514)  960 MB
2026-05-08 18:24:36  INFO        [Cont1_5             ]  imread masks   3.2s
2026-05-08 18:24:37  INFO        [Cont1_5             ]  load+combine   6.9s total
2026-05-08 18:24:39  INFO      fold=0 ep=55 loss=1.5572 dice=0.3056 inc=0.343 bone=0.445 molar=0.129 ep_s=13.4 val_s=9.5
2026-05-08 18:24:54  INFO      Fold 0 ep 56: loss=1.5392  epoch=14.1s  data_wait=11.6s  gpu=2.5s
2026-05-08 18:25:06  INFO      Fold 0 ep 57: loss=1.5525  epoch=12.5s  data_wait=10.4s  gpu=2.1s
2026-05-08 18:25:19  INFO      Fold 0 ep 58: loss=1.5186  epoch=12.8s  data_wait=10.7s  gpu=2.1s
2026-05-08 18:25:32  INFO      Fold 0 ep 59: loss=1.5889  epoch=13.3s  data_wait=11.1s  gpu=2.2s
2026-05-08 18:25:46  INFO      Fold 0 ep 60: loss=1.5013  epoch=13.8s  data_wait=11.5s  gpu=2.3s
2026-05-08 18:25:48  INFO        [Cont1_5             ]  imread image   2.3s  shape=(1428, 327, 514)  960 MB
2026-05-08 18:25:53  INFO        [Cont1_5             ]  imread masks   3.3s
2026-05-08 18:25:53  INFO        [Cont1_5             ]  load+combine   7.3s total
2026-05-08 18:25:56  INFO      fold=0 ep=60 loss=1.5013 dice=0.2099 inc=0.029 bone=0.422 molar=0.178 ep_s=13.8 val_s=9.9
2026-05-08 18:26:11  INFO      Fold 0 ep 61: loss=1.5786  epoch=15.0s  data_wait=12.5s  gpu=2.5s
2026-05-08 18:26:28  INFO      Fold 0 ep 62: loss=1.5446  epoch=16.6s  data_wait=14.5s  gpu=2.1s
2026-05-08 18:26:43  INFO      Fold 0 ep 63: loss=1.4969  epoch=15.6s  data_wait=13.1s  gpu=2.6s
2026-05-08 18:26:57  INFO      Fold 0 ep 64: loss=1.5349  epoch=13.8s  data_wait=11.5s  gpu=2.3s
2026-05-08 18:27:11  INFO      Fold 0 ep 65: loss=1.5411  epoch=13.3s  data_wait=11.2s  gpu=2.1s
2026-05-08 18:27:13  INFO        [Cont1_5             ]  imread image   2.4s  shape=(1428, 327, 514)  960 MB
2026-05-08 18:27:18  INFO        [Cont1_5             ]  imread masks   3.2s
2026-05-08 18:27:18  INFO        [Cont1_5             ]  load+combine   7.5s total
2026-05-08 18:27:21  INFO      fold=0 ep=65 loss=1.5411 dice=0.3007 inc=0.132 bone=0.552 molar=0.218 ep_s=13.3 val_s=10.2
2026-05-08 18:27:35  INFO      Fold 0 ep 66: loss=1.5362  epoch=14.1s  data_wait=11.7s  gpu=2.4s
2026-05-08 18:27:50  INFO      Fold 0 ep 67: loss=1.5193  epoch=14.5s  data_wait=12.3s  gpu=2.2s
2026-05-08 18:28:02  INFO      Fold 0 ep 68: loss=1.5327  epoch=12.4s  data_wait=10.3s  gpu=2.1s
2026-05-08 18:28:15  INFO      Fold 0 ep 69: loss=1.5482  epoch=13.5s  data_wait=11.3s  gpu=2.2s
2026-05-08 18:28:29  INFO      Fold 0 ep 70: loss=1.5546  epoch=14.0s  data_wait=11.9s  gpu=2.1s
2026-05-08 18:28:32  INFO        [Cont1_5             ]  imread image   2.4s  shape=(1428, 327, 514)  960 MB
2026-05-08 18:28:36  INFO        [Cont1_5             ]  imread masks   3.4s
2026-05-08 18:28:37  INFO        [Cont1_5             ]  load+combine   7.4s total
2026-05-08 18:28:39  INFO      fold=0 ep=70 loss=1.5546 dice=0.1422 inc=0.119 bone=0.124 molar=0.184 ep_s=14.0 val_s=10.1
2026-05-08 18:28:53  INFO      Fold 0 ep 71: loss=1.5314  epoch=13.2s  data_wait=11.0s  gpu=2.2s
2026-05-08 18:29:06  INFO      Fold 0 ep 72: loss=1.5211  epoch=13.2s  data_wait=10.9s  gpu=2.3s
2026-05-08 18:29:19  INFO      Fold 0 ep 73: loss=1.5078  epoch=13.4s  data_wait=11.1s  gpu=2.2s
2026-05-08 18:29:34  INFO      Fold 0 ep 74: loss=1.5511  epoch=14.4s  data_wait=12.4s  gpu=2.0s
2026-05-08 18:29:46  INFO      Fold 0 ep 75: loss=1.5083  epoch=12.4s  data_wait=10.4s  gpu=2.0s
2026-05-08 18:29:49  INFO        [Cont1_5             ]  imread image   2.3s  shape=(1428, 327, 514)  960 MB
2026-05-08 18:29:53  INFO        [Cont1_5             ]  imread masks   3.1s
2026-05-08 18:29:53  INFO        [Cont1_5             ]  load+combine   7.0s total
2026-05-08 18:29:56  INFO      fold=0 ep=75 loss=1.5083 dice=0.2714 inc=0.218 bone=0.398 molar=0.199 ep_s=12.4 val_s=9.6
2026-05-08 18:30:10  INFO      Fold 0 ep 76: loss=1.5305  epoch=13.5s  data_wait=11.2s  gpu=2.4s
2026-05-08 18:30:23  INFO      Fold 0 ep 77: loss=1.4675  epoch=13.4s  data_wait=11.5s  gpu=2.0s
2026-05-08 18:30:37  INFO      Fold 0 ep 78: loss=1.4845  epoch=13.9s  data_wait=11.8s  gpu=2.1s
2026-05-08 18:30:49  INFO      Fold 0 ep 79: loss=1.4426  epoch=12.3s  data_wait=10.3s  gpu=2.0s
2026-05-08 18:31:03  INFO      Fold 0 ep 80: loss=1.4760  epoch=13.7s  data_wait=11.2s  gpu=2.5s
2026-05-08 18:31:05  INFO        [Cont1_5             ]  imread image   2.3s  shape=(1428, 327, 514)  960 MB
2026-05-08 18:31:10  INFO        [Cont1_5             ]  imread masks   3.3s
2026-05-08 18:31:10  INFO        [Cont1_5             ]  load+combine   7.3s total
2026-05-08 18:31:13  INFO      fold=0 ep=80 loss=1.4760 dice=0.3292 inc=0.305 bone=0.467 molar=0.216 ep_s=13.7 val_s=9.9
2026-05-08 18:31:30  INFO      Fold 0 ep 81: loss=1.4731  epoch=16.5s  data_wait=14.3s  gpu=2.2s
2026-05-08 18:31:48  INFO      Fold 0 ep 82: loss=1.4815  epoch=18.2s  data_wait=16.0s  gpu=2.2s
2026-05-08 18:32:06  INFO      Fold 0 ep 83: loss=1.4824  epoch=18.6s  data_wait=16.4s  gpu=2.2s
2026-05-08 18:32:24  INFO      Fold 0 ep 84: loss=1.4547  epoch=17.3s  data_wait=15.1s  gpu=2.2s
2026-05-08 18:32:40  INFO      Fold 0 ep 85: loss=1.4812  epoch=16.0s  data_wait=14.2s  gpu=1.8s
2026-05-08 18:32:42  INFO        [Cont1_5             ]  imread image   2.1s  shape=(1428, 327, 514)  960 MB
2026-05-08 18:32:46  INFO        [Cont1_5             ]  imread masks   3.0s
2026-05-08 18:32:47  INFO        [Cont1_5             ]  load+combine   6.8s total
2026-05-08 18:32:49  INFO      fold=0 ep=85 loss=1.4812 dice=0.2874 inc=0.197 bone=0.460 molar=0.205 ep_s=16.0 val_s=9.5
2026-05-08 18:33:07  INFO      Fold 0 ep 86: loss=1.4201  epoch=17.1s  data_wait=14.7s  gpu=2.4s
2026-05-08 18:33:27  INFO      Fold 0 ep 87: loss=1.4214  epoch=20.3s  data_wait=18.0s  gpu=2.3s
2026-05-08 18:33:44  INFO      Fold 0 ep 88: loss=1.4414  epoch=17.0s  data_wait=15.0s  gpu=2.1s
2026-05-08 18:33:58  INFO      Fold 0 ep 89: loss=1.4451  epoch=14.5s  data_wait=12.0s  gpu=2.5s
2026-05-08 18:34:11  INFO      Fold 0 ep 90: loss=1.4435  epoch=12.9s  data_wait=10.7s  gpu=2.2s
2026-05-08 18:34:14  INFO        [Cont1_5             ]  imread image   2.3s  shape=(1428, 327, 514)  960 MB
2026-05-08 18:34:18  INFO        [Cont1_5             ]  imread masks   3.3s
2026-05-08 18:34:19  INFO        [Cont1_5             ]  load+combine   7.2s total
2026-05-08 18:34:22  INFO      fold=0 ep=90 loss=1.4435 dice=0.4079 inc=0.269 bone=0.692 molar=0.262 ep_s=12.9 val_s=9.9
2026-05-08 18:34:36  INFO      Fold 0 ep 91: loss=1.4853  epoch=14.0s  data_wait=11.7s  gpu=2.3s
2026-05-08 18:34:50  INFO      Fold 0 ep 92: loss=1.4521  epoch=13.9s  data_wait=11.7s  gpu=2.2s
2026-05-08 18:35:04  INFO      Fold 0 ep 93: loss=1.4067  epoch=14.8s  data_wait=12.6s  gpu=2.2s
2026-05-08 18:35:18  INFO      Fold 0 ep 94: loss=1.4293  epoch=13.1s  data_wait=11.0s  gpu=2.1s
2026-05-08 18:35:31  INFO      Fold 0 ep 95: loss=1.4246  epoch=13.7s  data_wait=11.5s  gpu=2.2s
2026-05-08 18:35:34  INFO        [Cont1_5             ]  imread image   2.4s  shape=(1428, 327, 514)  960 MB
2026-05-08 18:35:38  INFO        [Cont1_5             ]  imread masks   3.5s
2026-05-08 18:35:39  INFO        [Cont1_5             ]  load+combine   7.4s total
2026-05-08 18:35:42  INFO      fold=0 ep=95 loss=1.4246 dice=0.4505 inc=0.381 bone=0.707 molar=0.263 ep_s=13.7 val_s=10.1
2026-05-08 18:35:55  INFO      Fold 0 ep 96: loss=1.4446  epoch=13.0s  data_wait=10.7s  gpu=2.2s
2026-05-08 18:36:10  INFO      Fold 0 ep 97: loss=1.4500  epoch=14.9s  data_wait=12.5s  gpu=2.4s
2026-05-08 18:36:24  INFO      Fold 0 ep 98: loss=1.4149  epoch=14.7s  data_wait=12.3s  gpu=2.3s
2026-05-08 18:36:38  INFO      Fold 0 ep 99: loss=1.3796  epoch=14.0s  data_wait=12.0s  gpu=2.1s
2026-05-08 18:36:51  INFO      Fold 0 ep 100: loss=1.4067  epoch=13.0s  data_wait=10.9s  gpu=2.1s
2026-05-08 18:36:54  INFO        [Cont1_5             ]  imread image   2.4s  shape=(1428, 327, 514)  960 MB
2026-05-08 18:36:58  INFO        [Cont1_5             ]  imread masks   3.2s
2026-05-08 18:36:59  INFO        [Cont1_5             ]  load+combine   7.4s total
2026-05-08 18:37:02  INFO      fold=0 ep=100 loss=1.4067 dice=0.3625 inc=0.336 bone=0.519 molar=0.233 ep_s=13.0 val_s=10.3
2026-05-08 18:37:15  INFO      Fold 0 ep 101: loss=1.3990  epoch=13.2s  data_wait=11.1s  gpu=2.1s
2026-05-08 18:37:29  INFO      Fold 0 ep 102: loss=1.3790  epoch=13.8s  data_wait=11.6s  gpu=2.3s
2026-05-08 18:37:42  INFO      Fold 0 ep 103: loss=1.4034  epoch=12.9s  data_wait=10.8s  gpu=2.1s
2026-05-08 18:37:57  INFO      Fold 0 ep 104: loss=1.3787  epoch=15.0s  data_wait=13.0s  gpu=2.0s
2026-05-08 18:38:11  INFO      Fold 0 ep 105: loss=1.4739  epoch=14.5s  data_wait=12.1s  gpu=2.4s
2026-05-08 18:38:14  INFO        [Cont1_5             ]  imread image   2.3s  shape=(1428, 327, 514)  960 MB
2026-05-08 18:38:18  INFO        [Cont1_5             ]  imread masks   3.3s
2026-05-08 18:38:19  INFO        [Cont1_5             ]  load+combine   7.3s total
2026-05-08 18:38:21  INFO      fold=0 ep=105 loss=1.4739 dice=0.4544 inc=0.381 bone=0.719 molar=0.264 ep_s=14.5 val_s=10.1
2026-05-08 18:38:36  INFO      Fold 0 ep 106: loss=1.4343  epoch=14.7s  data_wait=12.6s  gpu=2.1s
2026-05-08 18:38:49  INFO      Fold 0 ep 107: loss=1.4047  epoch=12.8s  data_wait=10.8s  gpu=2.0s
2026-05-08 18:39:04  INFO      Fold 0 ep 108: loss=1.4102  epoch=14.6s  data_wait=12.4s  gpu=2.2s
2026-05-08 18:39:18  INFO      Fold 0 ep 109: loss=1.4184  epoch=14.1s  data_wait=11.8s  gpu=2.3s
2026-05-08 18:39:32  INFO      Fold 0 ep 110: loss=1.3745  epoch=14.2s  data_wait=11.7s  gpu=2.5s
2026-05-08 18:39:34  INFO        [Cont1_5             ]  imread image   2.4s  shape=(1428, 327, 514)  960 MB
2026-05-08 18:39:39  INFO        [Cont1_5             ]  imread masks   3.7s
2026-05-08 18:39:40  INFO        [Cont1_5             ]  load+combine   7.6s total
2026-05-08 18:39:42  INFO      fold=0 ep=110 loss=1.3745 dice=0.4783 inc=0.386 bone=0.767 molar=0.282 ep_s=14.2 val_s=10.3
2026-05-08 18:39:56  INFO      Fold 0 ep 111: loss=1.4127  epoch=13.2s  data_wait=11.2s  gpu=2.0s
2026-05-08 18:40:10  INFO      Fold 0 ep 112: loss=1.3140  epoch=14.1s  data_wait=12.0s  gpu=2.2s
2026-05-08 18:40:24  INFO      Fold 0 ep 113: loss=1.3719  epoch=13.9s  data_wait=11.7s  gpu=2.2s
2026-05-08 18:40:38  INFO      Fold 0 ep 114: loss=1.3570  epoch=13.8s  data_wait=11.5s  gpu=2.2s
2026-05-08 18:40:51  INFO      Fold 0 ep 115: loss=1.3359  epoch=13.3s  data_wait=11.0s  gpu=2.3s
2026-05-08 18:40:53  INFO        [Cont1_5             ]  imread image   2.3s  shape=(1428, 327, 514)  960 MB
2026-05-08 18:40:58  INFO        [Cont1_5             ]  imread masks   3.6s
2026-05-08 18:40:58  INFO        [Cont1_5             ]  load+combine   7.5s total
2026-05-08 18:41:01  INFO      fold=0 ep=115 loss=1.3359 dice=0.4645 inc=0.461 bone=0.650 molar=0.283 ep_s=13.3 val_s=10.2
2026-05-08 18:41:16  INFO      Fold 0 ep 116: loss=1.3462  epoch=14.7s  data_wait=12.2s  gpu=2.5s
2026-05-08 18:41:29  INFO      Fold 0 ep 117: loss=1.3274  epoch=13.4s  data_wait=11.4s  gpu=2.0s
2026-05-08 18:41:43  INFO      Fold 0 ep 118: loss=1.3324  epoch=13.6s  data_wait=11.5s  gpu=2.1s
2026-05-08 18:41:58  INFO      Fold 0 ep 119: loss=1.3704  epoch=14.9s  data_wait=12.7s  gpu=2.3s
2026-05-08 18:42:12  INFO      Fold 0 ep 120: loss=1.3716  epoch=13.8s  data_wait=11.6s  gpu=2.2s
2026-05-08 18:42:14  INFO        [Cont1_5             ]  imread image   2.3s  shape=(1428, 327, 514)  960 MB
2026-05-08 18:42:19  INFO        [Cont1_5             ]  imread masks   3.6s
2026-05-08 18:42:19  INFO        [Cont1_5             ]  load+combine   7.6s total
2026-05-08 18:42:22  INFO      fold=0 ep=120 loss=1.3716 dice=0.3387 inc=0.364 bone=0.428 molar=0.223 ep_s=13.8 val_s=10.3
2026-05-08 18:42:35  INFO      Fold 0 ep 121: loss=1.3638  epoch=12.7s  data_wait=10.4s  gpu=2.3s
2026-05-08 18:42:48  INFO      Fold 0 ep 122: loss=1.3273  epoch=12.7s  data_wait=10.5s  gpu=2.1s
2026-05-08 18:42:59  INFO      Fold 0 ep 123: loss=1.2899  epoch=11.7s  data_wait=9.5s  gpu=2.2s
2026-05-08 18:43:13  INFO      Fold 0 ep 124: loss=1.2886  epoch=13.6s  data_wait=11.6s  gpu=2.1s
2026-05-08 18:43:26  INFO      Fold 0 ep 125: loss=1.3215  epoch=13.4s  data_wait=11.1s  gpu=2.3s
2026-05-08 18:43:29  INFO        [Cont1_5             ]  imread image   2.3s  shape=(1428, 327, 514)  960 MB
2026-05-08 18:43:34  INFO        [Cont1_5             ]  imread masks   3.5s
2026-05-08 18:43:34  INFO        [Cont1_5             ]  load+combine   7.5s total
2026-05-08 18:43:37  INFO      fold=0 ep=125 loss=1.3215 dice=0.5886 inc=0.547 bone=0.822 molar=0.397 ep_s=13.4 val_s=10.0
2026-05-08 18:43:50  INFO      Fold 0 ep 126: loss=1.3062  epoch=13.4s  data_wait=11.2s  gpu=2.2s
2026-05-08 18:44:04  INFO      Fold 0 ep 127: loss=1.2997  epoch=13.7s  data_wait=11.5s  gpu=2.2s
2026-05-08 18:44:17  INFO      Fold 0 ep 128: loss=1.2730  epoch=13.0s  data_wait=10.8s  gpu=2.2s
2026-05-08 18:44:30  INFO      Fold 0 ep 129: loss=1.3303  epoch=12.9s  data_wait=10.7s  gpu=2.3s
2026-05-08 18:44:45  INFO      Fold 0 ep 130: loss=1.3035  epoch=14.7s  data_wait=12.2s  gpu=2.4s
2026-05-08 18:44:47  INFO        [Cont1_5             ]  imread image   2.2s  shape=(1428, 327, 514)  960 MB
2026-05-08 18:44:52  INFO        [Cont1_5             ]  imread masks   3.5s
2026-05-08 18:44:52  INFO        [Cont1_5             ]  load+combine   7.3s total
2026-05-08 18:44:55  INFO      fold=0 ep=130 loss=1.3035 dice=0.5532 inc=0.557 bone=0.767 molar=0.336 ep_s=14.7 val_s=10.0
2026-05-08 18:45:08  INFO      Fold 0 ep 131: loss=1.2962  epoch=13.0s  data_wait=10.8s  gpu=2.1s
2026-05-08 18:45:21  INFO      Fold 0 ep 132: loss=1.3034  epoch=13.4s  data_wait=11.2s  gpu=2.2s
2026-05-08 18:45:35  INFO      Fold 0 ep 133: loss=1.2656  epoch=14.1s  data_wait=11.9s  gpu=2.2s
2026-05-08 18:45:49  INFO      Fold 0 ep 134: loss=1.2551  epoch=13.8s  data_wait=11.5s  gpu=2.3s
2026-05-08 18:46:03  INFO      Fold 0 ep 135: loss=1.2218  epoch=14.4s  data_wait=12.3s  gpu=2.2s
2026-05-08 18:46:06  INFO        [Cont1_5             ]  imread image   2.3s  shape=(1428, 327, 514)  960 MB
2026-05-08 18:46:11  INFO        [Cont1_5             ]  imread masks   3.7s
2026-05-08 18:46:11  INFO        [Cont1_5             ]  load+combine   7.7s total
2026-05-08 18:46:14  INFO      fold=0 ep=135 loss=1.2218 dice=0.5956 inc=0.546 bone=0.845 molar=0.396 ep_s=14.4 val_s=10.3
2026-05-08 18:46:28  INFO      Fold 0 ep 136: loss=1.2259  epoch=14.3s  data_wait=12.3s  gpu=2.0s
2026-05-08 18:46:42  INFO      Fold 0 ep 137: loss=1.2094  epoch=13.8s  data_wait=11.6s  gpu=2.1s
2026-05-08 18:46:56  INFO      Fold 0 ep 138: loss=1.2474  epoch=13.7s  data_wait=11.6s  gpu=2.1s
2026-05-08 18:47:10  INFO      Fold 0 ep 139: loss=1.2715  epoch=13.7s  data_wait=11.5s  gpu=2.1s
2026-05-08 18:47:23  INFO      Fold 0 ep 140: loss=1.3099  epoch=13.9s  data_wait=11.8s  gpu=2.1s
2026-05-08 18:47:26  INFO        [Cont1_5             ]  imread image   2.2s  shape=(1428, 327, 514)  960 MB
2026-05-08 18:47:30  INFO        [Cont1_5             ]  imread masks   2.9s
2026-05-08 18:47:30  INFO        [Cont1_5             ]  load+combine   6.7s total
2026-05-08 18:47:33  INFO      fold=0 ep=140 loss=1.3099 dice=0.5092 inc=0.332 bone=0.816 molar=0.380 ep_s=13.9 val_s=9.2
2026-05-08 18:47:49  INFO      Fold 0 ep 141: loss=1.2981  epoch=15.7s  data_wait=13.4s  gpu=2.3s
2026-05-08 18:48:05  INFO      Fold 0 ep 142: loss=1.2894  epoch=16.8s  data_wait=14.7s  gpu=2.1s
2026-05-08 18:48:20  INFO      Fold 0 ep 143: loss=1.2530  epoch=14.3s  data_wait=12.3s  gpu=2.0s
2026-05-08 18:48:33  INFO      Fold 0 ep 144: loss=1.2477  epoch=13.3s  data_wait=11.0s  gpu=2.3s
2026-05-08 18:48:46  INFO      Fold 0 ep 145: loss=1.2326  epoch=13.4s  data_wait=11.2s  gpu=2.2s
2026-05-08 18:48:49  INFO        [Cont1_5             ]  imread image   2.2s  shape=(1428, 327, 514)  960 MB
2026-05-08 18:48:53  INFO        [Cont1_5             ]  imread masks   3.3s
2026-05-08 18:48:54  INFO        [Cont1_5             ]  load+combine   7.3s total
2026-05-08 18:48:56  INFO      fold=0 ep=145 loss=1.2326 dice=0.5923 inc=0.595 bone=0.807 molar=0.375 ep_s=13.4 val_s=9.9
2026-05-08 18:49:11  INFO      Fold 0 ep 146: loss=1.1912  epoch=14.1s  data_wait=11.9s  gpu=2.2s
2026-05-08 18:49:23  INFO      Fold 0 ep 147: loss=1.2054  epoch=12.8s  data_wait=10.5s  gpu=2.2s
2026-05-08 18:49:37  INFO      Fold 0 ep 148: loss=1.2328  epoch=13.3s  data_wait=11.2s  gpu=2.1s
2026-05-08 18:49:49  INFO      Fold 0 ep 149: loss=1.2092  epoch=12.8s  data_wait=10.6s  gpu=2.1s
2026-05-08 18:50:04  INFO      Fold 0 ep 150: loss=1.1930  epoch=15.0s  data_wait=12.9s  gpu=2.1s
2026-05-08 18:50:07  INFO        [Cont1_5             ]  imread image   2.2s  shape=(1428, 327, 514)  960 MB
2026-05-08 18:50:11  INFO        [Cont1_5             ]  imread masks   3.5s
2026-05-08 18:50:12  INFO        [Cont1_5             ]  load+combine   7.3s total
2026-05-08 18:50:14  INFO      fold=0 ep=150 loss=1.1930 dice=0.6449 inc=0.550 bone=0.868 molar=0.516 ep_s=15.0 val_s=9.8
2026-05-08 18:50:28  INFO      Fold 0 ep 151: loss=1.1891  epoch=13.0s  data_wait=10.9s  gpu=2.2s
2026-05-08 18:50:42  INFO      Fold 0 ep 152: loss=1.2061  epoch=14.3s  data_wait=12.2s  gpu=2.1s
2026-05-08 18:50:55  INFO      Fold 0 ep 153: loss=1.1740  epoch=13.1s  data_wait=11.0s  gpu=2.1s
2026-05-08 18:51:10  INFO      Fold 0 ep 154: loss=1.2424  epoch=14.5s  data_wait=12.3s  gpu=2.1s
2026-05-08 18:51:22  INFO      Fold 0 ep 155: loss=1.1362  epoch=12.3s  data_wait=10.2s  gpu=2.0s
2026-05-08 18:51:24  INFO        [Cont1_5             ]  imread image   2.3s  shape=(1428, 327, 514)  960 MB
2026-05-08 18:51:29  INFO        [Cont1_5             ]  imread masks   3.4s
2026-05-08 18:51:29  INFO        [Cont1_5             ]  load+combine   7.2s total
2026-05-08 18:51:32  INFO      fold=0 ep=155 loss=1.1362 dice=0.6718 inc=0.740 bone=0.832 molar=0.444 ep_s=12.3 val_s=9.9
2026-05-08 18:51:48  INFO      Fold 0 ep 156: loss=1.1338  epoch=15.7s  data_wait=13.5s  gpu=2.1s
2026-05-08 18:52:02  INFO      Fold 0 ep 157: loss=1.2115  epoch=14.6s  data_wait=12.5s  gpu=2.1s
2026-05-08 18:52:17  INFO      Fold 0 ep 158: loss=1.1391  epoch=14.4s  data_wait=12.1s  gpu=2.3s
2026-05-08 18:52:31  INFO      Fold 0 ep 159: loss=1.1336  epoch=14.6s  data_wait=12.2s  gpu=2.4s
2026-05-08 18:52:46  INFO      Fold 0 ep 160: loss=1.1348  epoch=15.1s  data_wait=13.0s  gpu=2.1s
2026-05-08 18:52:49  INFO        [Cont1_5             ]  imread image   2.3s  shape=(1428, 327, 514)  960 MB
2026-05-08 18:52:54  INFO        [Cont1_5             ]  imread masks   3.6s
2026-05-08 18:52:54  INFO        [Cont1_5             ]  load+combine   7.5s total
2026-05-08 18:52:57  INFO      fold=0 ep=160 loss=1.1348 dice=0.6917 inc=0.691 bone=0.863 molar=0.521 ep_s=15.1 val_s=10.2
2026-05-08 18:53:11  INFO      Fold 0 ep 161: loss=1.1568  epoch=14.4s  data_wait=12.2s  gpu=2.3s
2026-05-08 18:53:25  INFO      Fold 0 ep 162: loss=1.0966  epoch=13.8s  data_wait=11.7s  gpu=2.1s
2026-05-08 18:53:40  INFO      Fold 0 ep 163: loss=1.1471  epoch=14.5s  data_wait=12.2s  gpu=2.2s
2026-05-08 18:53:53  INFO      Fold 0 ep 164: loss=1.0992  epoch=13.6s  data_wait=11.7s  gpu=2.0s
2026-05-08 18:54:07  INFO      Fold 0 ep 165: loss=1.1072  epoch=13.5s  data_wait=11.4s  gpu=2.1s
2026-05-08 18:54:09  INFO        [Cont1_5             ]  imread image   2.3s  shape=(1428, 327, 514)  960 MB
2026-05-08 18:54:14  INFO        [Cont1_5             ]  imread masks   3.4s
2026-05-08 18:54:14  INFO        [Cont1_5             ]  load+combine   7.4s total
2026-05-08 18:54:17  INFO      fold=0 ep=165 loss=1.1072 dice=0.7407 inc=0.763 bone=0.864 molar=0.595 ep_s=13.5 val_s=10.1
2026-05-08 18:54:32  INFO      Fold 0 ep 166: loss=1.0889  epoch=15.0s  data_wait=12.7s  gpu=2.3s
2026-05-08 18:54:47  INFO      Fold 0 ep 167: loss=1.0834  epoch=14.5s  data_wait=12.5s  gpu=2.0s
2026-05-08 18:54:58  INFO      Fold 0 ep 168: loss=1.1075  epoch=11.6s  data_wait=9.5s  gpu=2.1s
2026-05-08 18:55:13  INFO      Fold 0 ep 169: loss=1.0933  epoch=14.7s  data_wait=12.5s  gpu=2.2s
2026-05-08 18:55:26  INFO      Fold 0 ep 170: loss=1.0392  epoch=12.8s  data_wait=10.6s  gpu=2.2s
2026-05-08 18:55:28  INFO        [Cont1_5             ]  imread image   2.3s  shape=(1428, 327, 514)  960 MB
2026-05-08 18:55:33  INFO        [Cont1_5             ]  imread masks   3.5s
2026-05-08 18:55:33  INFO        [Cont1_5             ]  load+combine   7.5s total
2026-05-08 18:55:36  INFO      fold=0 ep=170 loss=1.0392 dice=0.7526 inc=0.768 bone=0.881 molar=0.609 ep_s=12.8 val_s=10.1
2026-05-08 18:55:49  INFO      Fold 0 ep 171: loss=1.0352  epoch=13.0s  data_wait=11.0s  gpu=2.0s
2026-05-08 18:56:03  INFO      Fold 0 ep 172: loss=1.0657  epoch=13.2s  data_wait=11.3s  gpu=2.0s
2026-05-08 18:56:17  INFO      Fold 0 ep 173: loss=1.0276  epoch=14.6s  data_wait=12.2s  gpu=2.3s
2026-05-08 18:56:32  INFO      Fold 0 ep 174: loss=1.0672  epoch=14.4s  data_wait=12.3s  gpu=2.1s
2026-05-08 18:56:46  INFO      Fold 0 ep 175: loss=1.1010  epoch=14.7s  data_wait=12.5s  gpu=2.2s
2026-05-08 18:56:49  INFO        [Cont1_5             ]  imread image   2.3s  shape=(1428, 327, 514)  960 MB
2026-05-08 18:56:53  INFO        [Cont1_5             ]  imread masks   3.5s
2026-05-08 18:56:54  INFO        [Cont1_5             ]  load+combine   7.4s total
2026-05-08 18:56:56  INFO      fold=0 ep=175 loss=1.1010 dice=0.7311 inc=0.801 bone=0.849 molar=0.543 ep_s=14.7 val_s=10.1
2026-05-08 18:57:11  INFO      Fold 0 ep 176: loss=1.0952  epoch=14.0s  data_wait=12.0s  gpu=2.0s
2026-05-08 18:57:23  INFO      Fold 0 ep 177: loss=1.0117  epoch=12.9s  data_wait=10.8s  gpu=2.1s
2026-05-08 18:57:37  INFO      Fold 0 ep 178: loss=1.0109  epoch=13.5s  data_wait=11.4s  gpu=2.0s
2026-05-08 18:57:50  INFO      Fold 0 ep 179: loss=1.0246  epoch=13.3s  data_wait=11.0s  gpu=2.3s
2026-05-08 18:58:04  INFO      Fold 0 ep 180: loss=1.0013  epoch=13.3s  data_wait=11.3s  gpu=2.0s
2026-05-08 18:58:06  INFO        [Cont1_5             ]  imread image   2.3s  shape=(1428, 327, 514)  960 MB
2026-05-08 18:58:11  INFO        [Cont1_5             ]  imread masks   3.8s
2026-05-08 18:58:11  INFO        [Cont1_5             ]  load+combine   7.7s total
2026-05-08 18:58:14  INFO      fold=0 ep=180 loss=1.0013 dice=0.7447 inc=0.795 bone=0.841 molar=0.598 ep_s=13.3 val_s=10.3
2026-05-08 18:58:27  INFO      Fold 0 ep 181: loss=1.0520  epoch=13.3s  data_wait=11.1s  gpu=2.2s
2026-05-08 18:58:40  INFO      Fold 0 ep 182: loss=1.0402  epoch=13.0s  data_wait=10.8s  gpu=2.2s
2026-05-08 18:58:54  INFO      Fold 0 ep 183: loss=1.1050  epoch=14.1s  data_wait=12.1s  gpu=1.9s
2026-05-08 18:59:08  INFO      Fold 0 ep 184: loss=1.0215  epoch=14.0s  data_wait=11.9s  gpu=2.1s
2026-05-08 18:59:23  INFO      Fold 0 ep 185: loss=0.9986  epoch=14.7s  data_wait=12.4s  gpu=2.3s
2026-05-08 18:59:25  INFO        [Cont1_5             ]  imread image   2.1s  shape=(1428, 327, 514)  960 MB
2026-05-08 18:59:30  INFO        [Cont1_5             ]  imread masks   3.6s
2026-05-08 18:59:30  INFO        [Cont1_5             ]  load+combine   7.3s total
2026-05-08 18:59:33  INFO      fold=0 ep=185 loss=0.9986 dice=0.7657 inc=0.743 bone=0.891 molar=0.663 ep_s=14.7 val_s=9.9
2026-05-08 18:59:48  INFO      Fold 0 ep 186: loss=1.0063  epoch=14.7s  data_wait=12.4s  gpu=2.3s
2026-05-08 19:00:01  INFO      Fold 0 ep 187: loss=1.0773  epoch=13.5s  data_wait=11.3s  gpu=2.2s
2026-05-08 19:00:15  INFO      Fold 0 ep 188: loss=0.9840  epoch=14.0s  data_wait=11.9s  gpu=2.1s
2026-05-08 19:00:30  INFO      Fold 0 ep 189: loss=1.0243  epoch=14.3s  data_wait=12.0s  gpu=2.2s
2026-05-08 19:00:44  INFO      Fold 0 ep 190: loss=1.0309  epoch=14.2s  data_wait=12.0s  gpu=2.2s
2026-05-08 19:00:46  INFO        [Cont1_5             ]  imread image   2.2s  shape=(1428, 327, 514)  960 MB
2026-05-08 19:00:51  INFO        [Cont1_5             ]  imread masks   3.5s
2026-05-08 19:00:51  INFO        [Cont1_5             ]  load+combine   7.3s total
2026-05-08 19:00:54  INFO      fold=0 ep=190 loss=1.0309 dice=0.6885 inc=0.792 bone=0.778 molar=0.496 ep_s=14.2 val_s=9.9
2026-05-08 19:01:08  INFO      Fold 0 ep 191: loss=1.0187  epoch=14.0s  data_wait=11.8s  gpu=2.2s
2026-05-08 19:01:22  INFO      Fold 0 ep 192: loss=0.9871  epoch=13.9s  data_wait=11.8s  gpu=2.1s
2026-05-08 19:01:37  INFO      Fold 0 ep 193: loss=0.9917  epoch=14.7s  data_wait=12.4s  gpu=2.3s
2026-05-08 19:01:50  INFO      Fold 0 ep 194: loss=0.9814  epoch=13.5s  data_wait=11.3s  gpu=2.2s
2026-05-08 19:02:03  INFO      Fold 0 ep 195: loss=0.9526  epoch=12.2s  data_wait=10.2s  gpu=2.0s
2026-05-08 19:02:05  INFO        [Cont1_5             ]  imread image   2.4s  shape=(1428, 327, 514)  960 MB
2026-05-08 19:02:10  INFO        [Cont1_5             ]  imread masks   3.4s
2026-05-08 19:02:10  INFO        [Cont1_5             ]  load+combine   7.4s total
2026-05-08 19:02:13  INFO      fold=0 ep=195 loss=0.9526 dice=0.8086 inc=0.824 bone=0.879 molar=0.722 ep_s=12.2 val_s=9.9
2026-05-08 19:02:26  INFO      Fold 0 ep 196: loss=0.9685  epoch=13.5s  data_wait=11.3s  gpu=2.2s
2026-05-08 19:02:40  INFO      Fold 0 ep 197: loss=1.0261  epoch=13.5s  data_wait=11.5s  gpu=2.1s
2026-05-08 19:02:53  INFO      Fold 0 ep 198: loss=0.9904  epoch=13.4s  data_wait=11.2s  gpu=2.3s
2026-05-08 19:03:06  INFO      Fold 0 ep 199: loss=0.9392  epoch=13.2s  data_wait=10.9s  gpu=2.2s
2026-05-08 19:03:19  INFO      Fold 0 ep 200: loss=0.9763  epoch=12.7s  data_wait=10.6s  gpu=2.1s
2026-05-08 19:03:21  INFO        [Cont1_5             ]  imread image   2.3s  shape=(1428, 327, 514)  960 MB
2026-05-08 19:03:26  INFO        [Cont1_5             ]  imread masks   3.6s
2026-05-08 19:03:27  INFO        [Cont1_5             ]  load+combine   7.6s total
2026-05-08 19:03:29  INFO      fold=0 ep=200 loss=0.9763 dice=0.8248 inc=0.853 bone=0.892 molar=0.730 ep_s=12.7 val_s=10.1
2026-05-08 19:03:42  INFO      Fold 0 ep 201: loss=0.9412  epoch=12.6s  data_wait=10.5s  gpu=2.1s
2026-05-08 19:03:56  INFO      Fold 0 ep 202: loss=0.9370  epoch=14.1s  data_wait=11.8s  gpu=2.3s
2026-05-08 19:04:10  INFO      Fold 0 ep 203: loss=0.9045  epoch=13.7s  data_wait=11.7s  gpu=2.0s
2026-05-08 19:04:25  INFO      Fold 0 ep 204: loss=0.9924  epoch=14.9s  data_wait=12.6s  gpu=2.2s
2026-05-08 19:04:39  INFO      Fold 0 ep 205: loss=0.9649  epoch=13.7s  data_wait=11.7s  gpu=2.0s
2026-05-08 19:04:41  INFO        [Cont1_5             ]  imread image   2.3s  shape=(1428, 327, 514)  960 MB
2026-05-08 19:04:46  INFO        [Cont1_5             ]  imread masks   3.6s
2026-05-08 19:04:46  INFO        [Cont1_5             ]  load+combine   7.6s total
2026-05-08 19:04:49  INFO      fold=0 ep=205 loss=0.9649 dice=0.8060 inc=0.758 bone=0.897 molar=0.763 ep_s=13.7 val_s=10.2
2026-05-08 19:05:03  INFO      Fold 0 ep 206: loss=0.9670  epoch=13.7s  data_wait=11.3s  gpu=2.3s
2026-05-08 19:05:16  INFO      Fold 0 ep 207: loss=0.9545  epoch=13.7s  data_wait=11.4s  gpu=2.3s
2026-05-08 19:05:31  INFO      Fold 0 ep 208: loss=0.9366  epoch=14.9s  data_wait=12.9s  gpu=2.0s
2026-05-08 19:05:45  INFO      Fold 0 ep 209: loss=0.9225  epoch=13.4s  data_wait=11.3s  gpu=2.0s
2026-05-08 19:05:59  INFO      Fold 0 ep 210: loss=0.9753  epoch=14.5s  data_wait=12.4s  gpu=2.1s
2026-05-08 19:06:02  INFO        [Cont1_5             ]  imread image   2.3s  shape=(1428, 327, 514)  960 MB
2026-05-08 19:06:06  INFO        [Cont1_5             ]  imread masks   3.5s
2026-05-08 19:06:07  INFO        [Cont1_5             ]  load+combine   7.4s total
2026-05-08 19:06:10  INFO      fold=0 ep=210 loss=0.9753 dice=0.8557 inc=0.843 bone=0.904 molar=0.820 ep_s=14.5 val_s=10.0
2026-05-08 19:06:23  INFO      Fold 0 ep 211: loss=0.9032  epoch=13.6s  data_wait=11.4s  gpu=2.2s
2026-05-08 19:06:37  INFO      Fold 0 ep 212: loss=0.9831  epoch=13.9s  data_wait=11.5s  gpu=2.4s
2026-05-08 19:06:50  INFO      Fold 0 ep 213: loss=0.9044  epoch=12.6s  data_wait=10.5s  gpu=2.1s
2026-05-08 19:07:03  INFO      Fold 0 ep 214: loss=0.9293  epoch=13.3s  data_wait=11.1s  gpu=2.2s
2026-05-08 19:07:17  INFO      Fold 0 ep 215: loss=0.9508  epoch=14.2s  data_wait=12.1s  gpu=2.1s
2026-05-08 19:07:20  INFO        [Cont1_5             ]  imread image   2.3s  shape=(1428, 327, 514)  960 MB
2026-05-08 19:07:25  INFO        [Cont1_5             ]  imread masks   3.7s
2026-05-08 19:07:25  INFO        [Cont1_5             ]  load+combine   7.7s total
2026-05-08 19:07:28  INFO      fold=0 ep=215 loss=0.9508 dice=0.8583 inc=0.870 bone=0.898 molar=0.807 ep_s=14.2 val_s=10.3
2026-05-08 19:07:42  INFO      Fold 0 ep 216: loss=0.9431  epoch=14.4s  data_wait=12.2s  gpu=2.2s
2026-05-08 19:07:55  INFO      Fold 0 ep 217: loss=0.9591  epoch=13.1s  data_wait=11.0s  gpu=2.2s
2026-05-08 19:08:10  INFO      Fold 0 ep 218: loss=0.9761  epoch=14.3s  data_wait=12.1s  gpu=2.1s
2026-05-08 19:08:23  INFO      Fold 0 ep 219: loss=0.9077  epoch=13.3s  data_wait=11.1s  gpu=2.1s
2026-05-08 19:08:37  INFO      Fold 0 ep 220: loss=0.9254  epoch=14.4s  data_wait=12.2s  gpu=2.2s
2026-05-08 19:08:40  INFO        [Cont1_5             ]  imread image   2.3s  shape=(1428, 327, 514)  960 MB
2026-05-08 19:08:45  INFO        [Cont1_5             ]  imread masks   3.7s
2026-05-08 19:08:45  INFO        [Cont1_5             ]  load+combine   7.6s total
2026-05-08 19:08:48  INFO      fold=0 ep=220 loss=0.9254 dice=0.8579 inc=0.876 bone=0.900 molar=0.797 ep_s=14.4 val_s=10.2
2026-05-08 19:09:02  INFO      Fold 0 ep 221: loss=0.8940  epoch=14.2s  data_wait=12.0s  gpu=2.3s
2026-05-08 19:09:17  INFO      Fold 0 ep 222: loss=0.8739  epoch=14.6s  data_wait=12.3s  gpu=2.3s
2026-05-08 19:09:31  INFO      Fold 0 ep 223: loss=0.8965  epoch=14.6s  data_wait=12.3s  gpu=2.4s
2026-05-08 19:09:45  INFO      Fold 0 ep 224: loss=0.8673  epoch=13.4s  data_wait=11.0s  gpu=2.4s
2026-05-08 19:09:58  INFO      Fold 0 ep 225: loss=0.9150  epoch=13.2s  data_wait=11.0s  gpu=2.2s
2026-05-08 19:10:00  INFO        [Cont1_5             ]  imread image   2.3s  shape=(1428, 327, 514)  960 MB
2026-05-08 19:10:05  INFO        [Cont1_5             ]  imread masks   3.9s
2026-05-08 19:10:06  INFO        [Cont1_5             ]  load+combine   7.9s total
2026-05-08 19:10:08  INFO      fold=0 ep=225 loss=0.9150 dice=0.8366 inc=0.898 bone=0.896 molar=0.716 ep_s=13.2 val_s=10.5
2026-05-08 19:10:21  INFO      Fold 0 ep 226: loss=0.9031  epoch=12.9s  data_wait=10.9s  gpu=2.1s
2026-05-08 19:10:35  INFO      Fold 0 ep 227: loss=0.8646  epoch=13.6s  data_wait=11.4s  gpu=2.2s
2026-05-08 19:10:49  INFO      Fold 0 ep 228: loss=0.8699  epoch=13.5s  data_wait=11.5s  gpu=2.0s
2026-05-08 19:11:03  INFO      Fold 0 ep 229: loss=0.8654  epoch=14.6s  data_wait=12.3s  gpu=2.3s
2026-05-08 19:11:17  INFO      Fold 0 ep 230: loss=0.8831  epoch=13.8s  data_wait=11.5s  gpu=2.3s
2026-05-08 19:11:19  INFO        [Cont1_5             ]  imread image   2.3s  shape=(1428, 327, 514)  960 MB
2026-05-08 19:11:24  INFO        [Cont1_5             ]  imread masks   3.9s
2026-05-08 19:11:25  INFO        [Cont1_5             ]  load+combine   7.8s total
2026-05-08 19:11:28  INFO      fold=0 ep=230 loss=0.8831 dice=0.8685 inc=0.869 bone=0.905 molar=0.832 ep_s=13.8 val_s=10.5
2026-05-08 19:11:41  INFO      Fold 0 ep 231: loss=0.8765  epoch=13.4s  data_wait=11.2s  gpu=2.2s
2026-05-08 19:11:55  INFO      Fold 0 ep 232: loss=0.8968  epoch=14.2s  data_wait=11.9s  gpu=2.3s
2026-05-08 19:12:10  INFO      Fold 0 ep 233: loss=0.8674  epoch=14.2s  data_wait=11.9s  gpu=2.3s
2026-05-08 19:12:23  INFO      Fold 0 ep 234: loss=0.8920  epoch=13.2s  data_wait=11.1s  gpu=2.2s
2026-05-08 19:12:37  INFO      Fold 0 ep 235: loss=0.8673  epoch=14.0s  data_wait=12.0s  gpu=2.0s
2026-05-08 19:12:39  INFO        [Cont1_5             ]  imread image   2.3s  shape=(1428, 327, 514)  960 MB
2026-05-08 19:12:44  INFO        [Cont1_5             ]  imread masks   3.7s
2026-05-08 19:12:44  INFO        [Cont1_5             ]  load+combine   7.6s total
2026-05-08 19:12:47  INFO      fold=0 ep=235 loss=0.8673 dice=0.8733 inc=0.882 bone=0.907 molar=0.831 ep_s=14.0 val_s=10.4
2026-05-08 19:13:02  INFO      Fold 0 ep 236: loss=0.8768  epoch=14.5s  data_wait=12.1s  gpu=2.4s
2026-05-08 19:13:16  INFO      Fold 0 ep 237: loss=0.8579  epoch=14.1s  data_wait=12.0s  gpu=2.1s
2026-05-08 19:13:30  INFO      Fold 0 ep 238: loss=0.8321  epoch=13.3s  data_wait=11.3s  gpu=2.0s
2026-05-08 19:13:44  INFO      Fold 0 ep 239: loss=0.8266  epoch=14.2s  data_wait=12.1s  gpu=2.0s
2026-05-08 19:13:58  INFO      Fold 0 ep 240: loss=0.8715  epoch=14.5s  data_wait=12.2s  gpu=2.3s
2026-05-08 19:14:01  INFO        [Cont1_5             ]  imread image   2.4s  shape=(1428, 327, 514)  960 MB
2026-05-08 19:14:06  INFO        [Cont1_5             ]  imread masks   3.9s
2026-05-08 19:14:06  INFO        [Cont1_5             ]  load+combine   7.9s total
2026-05-08 19:14:09  INFO      fold=0 ep=240 loss=0.8715 dice=0.8894 inc=0.903 bone=0.906 molar=0.858 ep_s=14.5 val_s=10.6
2026-05-08 19:14:24  INFO      Fold 0 ep 241: loss=0.8585  epoch=14.5s  data_wait=12.3s  gpu=2.2s
2026-05-08 19:14:37  INFO      Fold 0 ep 242: loss=0.8485  epoch=13.4s  data_wait=11.1s  gpu=2.2s
2026-05-08 19:14:50  INFO      Fold 0 ep 243: loss=0.8416  epoch=13.1s  data_wait=10.9s  gpu=2.1s
2026-05-08 19:15:03  INFO      Fold 0 ep 244: loss=0.8590  epoch=12.4s  data_wait=10.0s  gpu=2.4s
2026-05-08 19:15:16  INFO      Fold 0 ep 245: loss=0.8957  epoch=13.7s  data_wait=11.3s  gpu=2.4s
2026-05-08 19:15:19  INFO        [Cont1_5             ]  imread image   2.2s  shape=(1428, 327, 514)  960 MB
2026-05-08 19:15:24  INFO        [Cont1_5             ]  imread masks   3.8s
2026-05-08 19:15:24  INFO        [Cont1_5             ]  load+combine   7.7s total
2026-05-08 19:15:27  INFO      fold=0 ep=245 loss=0.8957 dice=0.8917 inc=0.904 bone=0.908 molar=0.863 ep_s=13.7 val_s=10.3
2026-05-08 19:15:41  INFO      Fold 0 ep 246: loss=0.8387  epoch=13.7s  data_wait=11.5s  gpu=2.2s
2026-05-08 19:15:54  INFO      Fold 0 ep 247: loss=0.8467  epoch=13.7s  data_wait=11.5s  gpu=2.2s
2026-05-08 19:16:07  INFO      Fold 0 ep 248: loss=0.8459  epoch=12.8s  data_wait=10.5s  gpu=2.3s
2026-05-08 19:16:20  INFO      Fold 0 ep 249: loss=0.8340  epoch=13.0s  data_wait=10.7s  gpu=2.2s
2026-05-08 19:16:34  INFO      Fold 0 ep 250: loss=0.8416  epoch=14.0s  data_wait=11.8s  gpu=2.2s
2026-05-08 19:16:37  INFO        [Cont1_5             ]  imread image   2.3s  shape=(1428, 327, 514)  960 MB
2026-05-08 19:16:42  INFO        [Cont1_5             ]  imread masks   3.8s
2026-05-08 19:16:42  INFO        [Cont1_5             ]  load+combine   7.7s total
2026-05-08 19:16:45  INFO      fold=0 ep=250 loss=0.8416 dice=0.8941 inc=0.904 bone=0.908 molar=0.870 ep_s=14.0 val_s=10.4
2026-05-08 19:16:59  INFO      Fold 0 ep 251: loss=0.8060  epoch=14.0s  data_wait=11.9s  gpu=2.1s
2026-05-08 19:17:14  INFO      Fold 0 ep 252: loss=0.8533  epoch=14.7s  data_wait=12.5s  gpu=2.2s
2026-05-08 19:17:29  INFO      Fold 0 ep 253: loss=0.8545  epoch=15.1s  data_wait=12.6s  gpu=2.5s
2026-05-08 19:17:42  INFO      Fold 0 ep 254: loss=0.8497  epoch=13.7s  data_wait=11.3s  gpu=2.4s
2026-05-08 19:17:56  INFO      Fold 0 ep 255: loss=0.8407  epoch=13.3s  data_wait=11.0s  gpu=2.3s
2026-05-08 19:17:58  INFO        [Cont1_5             ]  imread image   2.3s  shape=(1428, 327, 514)  960 MB
2026-05-08 19:18:03  INFO        [Cont1_5             ]  imread masks   3.9s
2026-05-08 19:18:04  INFO        [Cont1_5             ]  load+combine   7.9s total
2026-05-08 19:18:06  INFO      fold=0 ep=255 loss=0.8407 dice=0.8946 inc=0.901 bone=0.906 molar=0.877 ep_s=13.3 val_s=10.5
2026-05-08 19:18:21  INFO      Fold 0 ep 256: loss=0.8569  epoch=14.0s  data_wait=11.9s  gpu=2.1s
2026-05-08 19:18:34  INFO      Fold 0 ep 257: loss=0.8376  epoch=13.8s  data_wait=11.8s  gpu=2.0s
2026-05-08 19:18:47  INFO      Fold 0 ep 258: loss=0.8410  epoch=12.8s  data_wait=10.7s  gpu=2.1s
2026-05-08 19:19:00  INFO      Fold 0 ep 259: loss=0.8266  epoch=12.8s  data_wait=10.6s  gpu=2.2s
2026-05-08 19:19:14  INFO      Fold 0 ep 260: loss=0.8345  epoch=14.3s  data_wait=11.8s  gpu=2.4s
2026-05-08 19:19:17  INFO        [Cont1_5             ]  imread image   2.3s  shape=(1428, 327, 514)  960 MB
2026-05-08 19:19:22  INFO        [Cont1_5             ]  imread masks   3.7s
2026-05-08 19:19:22  INFO        [Cont1_5             ]  load+combine   7.6s total
2026-05-08 19:19:25  INFO      fold=0 ep=260 loss=0.8345 dice=0.8982 inc=0.915 bone=0.907 molar=0.872 ep_s=14.3 val_s=10.3
2026-05-08 19:19:40  INFO      Fold 0 ep 261: loss=0.8377  epoch=14.8s  data_wait=12.4s  gpu=2.4s
2026-05-08 19:19:54  INFO      Fold 0 ep 262: loss=0.8540  epoch=14.2s  data_wait=12.0s  gpu=2.1s
2026-05-08 19:20:07  INFO      Fold 0 ep 263: loss=0.8188  epoch=13.4s  data_wait=11.3s  gpu=2.1s
2026-05-08 19:20:20  INFO      Fold 0 ep 264: loss=0.8388  epoch=13.1s  data_wait=11.1s  gpu=2.1s
2026-05-08 19:20:35  INFO      Fold 0 ep 265: loss=0.8539  epoch=14.2s  data_wait=12.0s  gpu=2.2s
2026-05-08 19:20:37  INFO        [Cont1_5             ]  imread image   2.3s  shape=(1428, 327, 514)  960 MB
2026-05-08 19:20:42  INFO        [Cont1_5             ]  imread masks   3.7s
2026-05-08 19:20:42  INFO        [Cont1_5             ]  load+combine   7.7s total
2026-05-08 19:20:45  INFO      fold=0 ep=265 loss=0.8539 dice=0.8990 inc=0.907 bone=0.908 molar=0.882 ep_s=14.2 val_s=10.3
2026-05-08 19:21:00  INFO      Fold 0 ep 266: loss=0.8421  epoch=14.5s  data_wait=12.1s  gpu=2.4s
2026-05-08 19:21:13  INFO      Fold 0 ep 267: loss=0.8267  epoch=13.1s  data_wait=10.9s  gpu=2.2s
2026-05-08 19:21:26  INFO      Fold 0 ep 268: loss=0.8354  epoch=13.2s  data_wait=11.2s  gpu=2.1s
2026-05-08 19:21:39  INFO      Fold 0 ep 269: loss=0.8453  epoch=13.0s  data_wait=10.9s  gpu=2.1s
2026-05-08 19:21:53  INFO      Fold 0 ep 270: loss=0.8388  epoch=13.4s  data_wait=11.4s  gpu=2.0s
2026-05-08 19:21:55  INFO        [Cont1_5             ]  imread image   2.3s  shape=(1428, 327, 514)  960 MB
2026-05-08 19:22:00  INFO        [Cont1_5             ]  imread masks   3.8s
2026-05-08 19:22:00  INFO        [Cont1_5             ]  load+combine   7.8s total
2026-05-08 19:22:03  INFO      fold=0 ep=270 loss=0.8388 dice=0.9004 inc=0.908 bone=0.908 molar=0.886 ep_s=13.4 val_s=10.4
2026-05-08 19:22:16  INFO      Fold 0 ep 271: loss=0.8359  epoch=13.0s  data_wait=10.9s  gpu=2.1s
2026-05-08 19:22:31  INFO      Fold 0 ep 272: loss=0.8201  epoch=14.3s  data_wait=12.0s  gpu=2.3s
2026-05-08 19:22:44  INFO      Fold 0 ep 273: loss=0.8371  epoch=13.2s  data_wait=11.2s  gpu=2.0s
2026-05-08 19:22:56  INFO      Fold 0 ep 274: loss=0.8130  epoch=12.6s  data_wait=10.6s  gpu=2.0s
2026-05-08 19:23:10  INFO      Fold 0 ep 275: loss=0.8209  epoch=13.3s  data_wait=11.1s  gpu=2.2s
2026-05-08 19:23:12  INFO        [Cont1_5             ]  imread image   2.3s  shape=(1428, 327, 514)  960 MB
2026-05-08 19:23:17  INFO        [Cont1_5             ]  imread masks   3.7s
2026-05-08 19:23:17  INFO        [Cont1_5             ]  load+combine   7.7s total
2026-05-08 19:23:20  INFO      fold=0 ep=275 loss=0.8209 dice=0.8998 inc=0.904 bone=0.908 molar=0.888 ep_s=13.3 val_s=10.3
2026-05-08 19:23:35  INFO      Fold 0 ep 276: loss=0.8334  epoch=14.5s  data_wait=12.2s  gpu=2.3s
2026-05-08 19:23:49  INFO      Fold 0 ep 277: loss=0.8565  epoch=14.8s  data_wait=12.7s  gpu=2.1s
2026-05-08 19:24:04  INFO      Fold 0 ep 278: loss=0.7990  epoch=14.5s  data_wait=12.3s  gpu=2.2s
2026-05-08 19:24:17  INFO      Fold 0 ep 279: loss=0.8073  epoch=13.4s  data_wait=10.8s  gpu=2.5s
2026-05-08 19:24:31  INFO      Fold 0 ep 280: loss=0.8064  epoch=13.2s  data_wait=11.0s  gpu=2.2s
2026-05-08 19:24:33  INFO        [Cont1_5             ]  imread image   2.3s  shape=(1428, 327, 514)  960 MB
2026-05-08 19:24:38  INFO        [Cont1_5             ]  imread masks   3.8s
2026-05-08 19:24:38  INFO        [Cont1_5             ]  load+combine   7.7s total
2026-05-08 19:24:41  INFO      fold=0 ep=280 loss=0.8064 dice=0.9024 inc=0.911 bone=0.909 molar=0.887 ep_s=13.2 val_s=10.4
2026-05-08 19:24:56  INFO      Fold 0 ep 281: loss=0.8312  epoch=14.3s  data_wait=12.1s  gpu=2.3s
2026-05-08 19:25:09  INFO      Fold 0 ep 282: loss=0.8388  epoch=13.3s  data_wait=11.1s  gpu=2.2s
2026-05-08 19:25:23  INFO      Fold 0 ep 283: loss=0.8315  epoch=13.8s  data_wait=11.6s  gpu=2.1s
2026-05-08 19:25:36  INFO      Fold 0 ep 284: loss=0.8211  epoch=13.7s  data_wait=11.6s  gpu=2.1s
2026-05-08 19:25:49  INFO      Fold 0 ep 285: loss=0.8236  epoch=13.1s  data_wait=11.1s  gpu=2.0s
2026-05-08 19:25:52  INFO        [Cont1_5             ]  imread image   2.4s  shape=(1428, 327, 514)  960 MB
2026-05-08 19:25:57  INFO        [Cont1_5             ]  imread masks   3.8s
2026-05-08 19:25:57  INFO        [Cont1_5             ]  load+combine   7.8s total
2026-05-08 19:26:00  INFO      fold=0 ep=285 loss=0.8236 dice=0.8993 inc=0.913 bone=0.909 molar=0.876 ep_s=13.1 val_s=10.4
2026-05-08 19:26:14  INFO      Fold 0 ep 286: loss=0.8147  epoch=14.3s  data_wait=12.3s  gpu=2.1s
2026-05-08 19:26:29  INFO      Fold 0 ep 287: loss=0.8291  epoch=14.4s  data_wait=12.2s  gpu=2.2s
2026-05-08 19:26:41  INFO      Fold 0 ep 288: loss=0.8496  epoch=12.3s  data_wait=10.1s  gpu=2.3s
2026-05-08 19:26:55  INFO      Fold 0 ep 289: loss=0.7885  epoch=14.0s  data_wait=11.9s  gpu=2.1s
2026-05-08 19:27:10  INFO      Fold 0 ep 290: loss=0.8080  epoch=14.4s  data_wait=12.1s  gpu=2.3s
2026-05-08 19:27:12  INFO        [Cont1_5             ]  imread image   2.4s  shape=(1428, 327, 514)  960 MB
2026-05-08 19:27:17  INFO        [Cont1_5             ]  imread masks   3.8s
2026-05-08 19:27:17  INFO        [Cont1_5             ]  load+combine   7.8s total
2026-05-08 19:27:20  INFO      fold=0 ep=290 loss=0.8080 dice=0.9016 inc=0.912 bone=0.909 molar=0.885 ep_s=14.4 val_s=10.4
2026-05-08 19:27:34  INFO      Fold 0 ep 291: loss=0.8361  epoch=13.5s  data_wait=11.1s  gpu=2.4s
2026-05-08 19:27:47  INFO      Fold 0 ep 292: loss=0.8672  epoch=13.3s  data_wait=11.2s  gpu=2.1s
2026-05-08 19:28:01  INFO      Fold 0 ep 293: loss=0.8192  epoch=14.5s  data_wait=12.2s  gpu=2.3s
2026-05-08 19:28:14  INFO      Fold 0 ep 294: loss=0.7902  epoch=12.3s  data_wait=10.3s  gpu=2.0s
2026-05-08 19:28:28  INFO      Fold 0 ep 295: loss=0.8031  epoch=13.9s  data_wait=11.7s  gpu=2.2s
2026-05-08 19:28:30  INFO        [Cont1_5             ]  imread image   2.3s  shape=(1428, 327, 514)  960 MB
2026-05-08 19:28:35  INFO        [Cont1_5             ]  imread masks   4.0s
2026-05-08 19:28:36  INFO        [Cont1_5             ]  load+combine   7.9s total
2026-05-08 19:28:38  INFO      fold=0 ep=295 loss=0.8031 dice=0.9014 inc=0.911 bone=0.909 molar=0.885 ep_s=13.9 val_s=10.5
2026-05-08 19:28:52  INFO      Fold 0 ep 296: loss=0.8113  epoch=13.5s  data_wait=11.2s  gpu=2.2s
2026-05-08 19:29:05  INFO      Fold 0 ep 297: loss=0.8142  epoch=13.6s  data_wait=11.3s  gpu=2.3s
2026-05-08 19:29:19  INFO      Fold 0 ep 298: loss=0.8004  epoch=13.8s  data_wait=11.4s  gpu=2.4s
2026-05-08 19:29:33  INFO      Fold 0 ep 299: loss=0.8143  epoch=13.6s  data_wait=11.3s  gpu=2.3s
2026-05-08 19:29:46  INFO      Fold 0 ep 300: loss=0.8030  epoch=13.2s  data_wait=10.9s  gpu=2.3s
2026-05-08 19:29:48  INFO        [Cont1_5             ]  imread image   2.3s  shape=(1428, 327, 514)  960 MB
2026-05-08 19:29:54  INFO        [Cont1_5             ]  imread masks   4.1s
2026-05-08 19:29:54  INFO        [Cont1_5             ]  load+combine   8.0s total
2026-05-08 19:29:57  INFO      fold=0 ep=300 loss=0.8030 dice=0.9012 inc=0.911 bone=0.909 molar=0.884 ep_s=13.2 val_s=10.7
2026-05-08 19:30:00  INFO      Fold 1: loading 8 training samples into RAM...
2026-05-08 19:30:01  INFO        Loaded Cont1_5               shape=(1, 1444, 343, 530)  1313 MB  1.2s
2026-05-08 19:30:03  INFO        Loaded Odam-CRE-A            shape=(1, 1421, 495, 855)  3007 MB  2.1s
2026-05-08 19:30:05  INFO        Loaded Odam-CRE-B            shape=(1, 1571, 464, 821)  2992 MB  2.0s
2026-05-08 19:30:07  INFO        Loaded Odam-CRE-C            shape=(1, 1353, 406, 820)  2252 MB  1.6s
2026-05-08 19:30:09  INFO        Loaded Odam-CRE-Hifla-A      shape=(1, 1469, 472, 846)  2933 MB  2.2s
2026-05-08 19:30:11  INFO        Loaded Odam-CRE-Hifla-B      shape=(1, 1471, 486, 818)  2924 MB  2.1s
2026-05-08 19:30:13  INFO        Loaded Odam-CRE-Hifla-C      shape=(1, 1630, 434, 752)  2660 MB  1.9s
2026-05-08 19:30:14  INFO        Loaded P27RKO_8um_2K__reoriented  shape=(1, 1550, 245, 672)  1276 MB  0.9s
2026-05-08 19:30:14  INFO      All 8 samples in RAM  total=19357 MB  13.9s
2026-05-08 19:30:14  INFO      Fold 1: dataset ready  items=8  load=14.0s
2026-05-08 19:30:14  INFO      Fold 1: starting fresh | val=Frag_4 | params=4,743,653
2026-05-08 19:30:14  INFO      Fold 1: entering training loop  start_epoch=0
2026-05-08 19:30:17  INFO      Fold 1 ep 1: first batch  wait=3.3s  shape=[48, 1, 96, 96, 96]
2026-05-08 19:30:27  INFO      Fold 1 ep 1: loss=2.3360  epoch=13.3s  data_wait=10.8s  gpu=2.5s
2026-05-08 19:30:40  INFO      Fold 1 ep 2: loss=2.1245  epoch=12.9s  data_wait=10.7s  gpu=2.2s
2026-05-08 19:30:53  INFO      Fold 1 ep 3: loss=2.0308  epoch=12.8s  data_wait=10.5s  gpu=2.3s
2026-05-08 19:31:07  INFO      Fold 1 ep 4: loss=2.0077  epoch=14.0s  data_wait=12.0s  gpu=2.0s
2026-05-08 19:31:21  INFO      Fold 1 ep 5: loss=1.9664  epoch=13.6s  data_wait=11.4s  gpu=2.2s
2026-05-08 19:31:25  INFO        [Frag_4              ]  imread image   3.9s  shape=(1468, 425, 474)  1183 MB
2026-05-08 19:31:30  INFO        [Frag_4              ]  imread masks   3.7s
2026-05-08 19:31:30  INFO        [Frag_4              ]  load+combine   9.6s total
2026-05-08 19:31:44  INFO      fold=1 ep=5 loss=1.9664 dice=0.0145 inc=0.006 bone=0.001 molar=0.037 ep_s=13.6 val_s=22.8
2026-05-08 19:31:58  INFO      Fold 1 ep 6: loss=1.9666  epoch=14.2s  data_wait=12.1s  gpu=2.1s
2026-05-08 19:32:12  INFO      Fold 1 ep 7: loss=1.8908  epoch=14.0s  data_wait=11.9s  gpu=2.1s
2026-05-08 19:32:25  INFO      Fold 1 ep 8: loss=1.9038  epoch=13.4s  data_wait=11.2s  gpu=2.2s
2026-05-08 19:32:40  INFO      Fold 1 ep 9: loss=1.8536  epoch=14.6s  data_wait=12.4s  gpu=2.2s
2026-05-08 19:32:53  INFO      Fold 1 ep 10: loss=1.8184  epoch=13.2s  data_wait=11.0s  gpu=2.2s
2026-05-08 19:32:56  INFO        [Frag_4              ]  imread image   2.6s  shape=(1468, 425, 474)  1183 MB
2026-05-08 19:33:01  INFO        [Frag_4              ]  imread masks   3.7s
2026-05-08 19:33:02  INFO        [Frag_4              ]  load+combine   8.5s total
2026-05-08 19:33:05  INFO      fold=1 ep=10 loss=1.8184 dice=0.0137 inc=0.003 bone=0.000 molar=0.038 ep_s=13.2 val_s=12.2
2026-05-08 19:33:19  INFO      Fold 1 ep 11: loss=1.8714  epoch=13.5s  data_wait=11.3s  gpu=2.3s
2026-05-08 19:33:33  INFO      Fold 1 ep 12: loss=1.8599  epoch=13.6s  data_wait=11.3s  gpu=2.4s
2026-05-08 19:33:45  INFO      Fold 1 ep 13: loss=1.8314  epoch=11.9s  data_wait=10.0s  gpu=2.0s
2026-05-08 19:33:59  INFO      Fold 1 ep 14: loss=1.8261  epoch=14.0s  data_wait=11.7s  gpu=2.3s
2026-05-08 19:34:13  INFO      Fold 1 ep 15: loss=1.8002  epoch=14.7s  data_wait=12.3s  gpu=2.4s
2026-05-08 19:34:16  INFO        [Frag_4              ]  imread image   2.6s  shape=(1468, 425, 474)  1183 MB
2026-05-08 19:34:21  INFO        [Frag_4              ]  imread masks   3.7s
2026-05-08 19:34:22  INFO        [Frag_4              ]  load+combine   8.4s total
2026-05-08 19:34:25  INFO      fold=1 ep=15 loss=1.8002 dice=0.0135 inc=0.001 bone=0.000 molar=0.039 ep_s=14.7 val_s=11.8
2026-05-08 19:34:40  INFO      Fold 1 ep 16: loss=1.8057  epoch=14.0s  data_wait=11.7s  gpu=2.4s
2026-05-08 19:34:52  INFO      Fold 1 ep 17: loss=1.7998  epoch=12.7s  data_wait=10.4s  gpu=2.2s
2026-05-08 19:35:07  INFO      Fold 1 ep 18: loss=1.7956  epoch=14.9s  data_wait=12.6s  gpu=2.3s
2026-05-08 19:35:20  INFO      Fold 1 ep 19: loss=1.7633  epoch=13.0s  data_wait=10.8s  gpu=2.2s
2026-05-08 19:35:33  INFO      Fold 1 ep 20: loss=1.7435  epoch=13.3s  data_wait=11.1s  gpu=2.2s
2026-05-08 19:35:36  INFO        [Frag_4              ]  imread image   2.6s  shape=(1468, 425, 474)  1183 MB
2026-05-08 19:35:41  INFO        [Frag_4              ]  imread masks   3.8s
2026-05-08 19:35:42  INFO        [Frag_4              ]  load+combine   8.4s total
2026-05-08 19:35:45  INFO      fold=1 ep=20 loss=1.7435 dice=0.0140 inc=0.000 bone=0.000 molar=0.042 ep_s=13.3 val_s=12.0
2026-05-08 19:35:59  INFO      Fold 1 ep 21: loss=1.8166  epoch=13.5s  data_wait=11.4s  gpu=2.1s
2026-05-08 19:36:12  INFO      Fold 1 ep 22: loss=1.7798  epoch=12.5s  data_wait=10.3s  gpu=2.2s
2026-05-08 19:36:25  INFO      Fold 1 ep 23: loss=1.7568  epoch=13.5s  data_wait=11.2s  gpu=2.3s
2026-05-08 19:36:39  INFO      Fold 1 ep 24: loss=1.7732  epoch=14.1s  data_wait=12.0s  gpu=2.1s
2026-05-08 19:36:52  INFO      Fold 1 ep 25: loss=1.7577  epoch=13.0s  data_wait=10.9s  gpu=2.1s
2026-05-08 19:36:55  INFO        [Frag_4              ]  imread image   2.6s  shape=(1468, 425, 474)  1183 MB
2026-05-08 19:37:00  INFO        [Frag_4              ]  imread masks   4.1s
2026-05-08 19:37:01  INFO        [Frag_4              ]  load+combine   8.7s total
2026-05-08 19:37:05  INFO      fold=1 ep=25 loss=1.7577 dice=0.0374 inc=0.005 bone=0.050 molar=0.057 ep_s=13.0 val_s=12.2
2026-05-08 19:37:18  INFO      Fold 1 ep 26: loss=1.7412  epoch=13.3s  data_wait=10.9s  gpu=2.3s
2026-05-08 19:37:32  INFO      Fold 1 ep 27: loss=1.7128  epoch=13.9s  data_wait=11.6s  gpu=2.3s
2026-05-08 19:37:45  INFO      Fold 1 ep 28: loss=1.7400  epoch=13.6s  data_wait=11.3s  gpu=2.3s
2026-05-08 19:38:00  INFO      Fold 1 ep 29: loss=1.6951  epoch=14.1s  data_wait=11.9s  gpu=2.2s
2026-05-08 19:38:13  INFO      Fold 1 ep 30: loss=1.7036  epoch=13.7s  data_wait=11.6s  gpu=2.1s
2026-05-08 19:38:16  INFO        [Frag_4              ]  imread image   2.6s  shape=(1468, 425, 474)  1183 MB
2026-05-08 19:38:21  INFO        [Frag_4              ]  imread masks   3.9s
2026-05-08 19:38:22  INFO        [Frag_4              ]  load+combine   8.5s total
2026-05-08 19:38:25  INFO      fold=1 ep=30 loss=1.7036 dice=0.0929 inc=0.066 bone=0.112 molar=0.101 ep_s=13.7 val_s=11.9
2026-05-08 19:38:39  INFO      Fold 1 ep 31: loss=1.6677  epoch=13.8s  data_wait=11.8s  gpu=2.0s
2026-05-08 19:38:53  INFO      Fold 1 ep 32: loss=1.6667  epoch=13.6s  data_wait=11.5s  gpu=2.1s
2026-05-08 19:39:07  INFO      Fold 1 ep 33: loss=1.6723  epoch=13.6s  data_wait=11.5s  gpu=2.1s
2026-05-08 19:39:21  INFO      Fold 1 ep 34: loss=1.6585  epoch=14.5s  data_wait=12.1s  gpu=2.4s
2026-05-08 19:39:34  INFO      Fold 1 ep 35: loss=1.6498  epoch=13.1s  data_wait=10.9s  gpu=2.1s
2026-05-08 19:39:37  INFO        [Frag_4              ]  imread image   2.6s  shape=(1468, 425, 474)  1183 MB
2026-05-08 19:39:42  INFO        [Frag_4              ]  imread masks   3.9s
2026-05-08 19:39:43  INFO        [Frag_4              ]  load+combine   8.5s total
2026-05-08 19:39:46  INFO      fold=1 ep=35 loss=1.6498 dice=0.1040 inc=0.011 bone=0.160 molar=0.140 ep_s=13.1 val_s=12.0
2026-05-08 19:40:00  INFO      Fold 1 ep 36: loss=1.6842  epoch=13.9s  data_wait=11.5s  gpu=2.4s
2026-05-08 19:40:14  INFO      Fold 1 ep 37: loss=1.6247  epoch=13.6s  data_wait=11.5s  gpu=2.2s
2026-05-08 19:40:28  INFO      Fold 1 ep 38: loss=1.6464  epoch=13.9s  data_wait=11.8s  gpu=2.1s
2026-05-08 19:40:42  INFO      Fold 1 ep 39: loss=1.6397  epoch=14.4s  data_wait=12.3s  gpu=2.1s
2026-05-08 19:40:55  INFO      Fold 1 ep 40: loss=1.6128  epoch=12.8s  data_wait=10.7s  gpu=2.2s
2026-05-08 19:40:58  INFO        [Frag_4              ]  imread image   2.6s  shape=(1468, 425, 474)  1183 MB
2026-05-08 19:41:04  INFO        [Frag_4              ]  imread masks   4.3s
2026-05-08 19:41:04  INFO        [Frag_4              ]  load+combine   8.9s total
2026-05-08 19:41:08  INFO      fold=1 ep=40 loss=1.6128 dice=0.1669 inc=0.036 bone=0.313 molar=0.152 ep_s=12.8 val_s=12.2
2026-05-08 19:41:21  INFO      Fold 1 ep 41: loss=1.6366  epoch=13.5s  data_wait=11.1s  gpu=2.4s
2026-05-08 19:41:36  INFO      Fold 1 ep 42: loss=1.5858  epoch=14.9s  data_wait=12.8s  gpu=2.1s
2026-05-08 19:41:50  INFO      Fold 1 ep 43: loss=1.6150  epoch=14.1s  data_wait=12.0s  gpu=2.1s
2026-05-08 19:42:05  INFO      Fold 1 ep 44: loss=1.6069  epoch=14.6s  data_wait=12.4s  gpu=2.3s
2026-05-08 19:42:19  INFO      Fold 1 ep 45: loss=1.5931  epoch=13.9s  data_wait=11.5s  gpu=2.3s
2026-05-08 19:42:22  INFO        [Frag_4              ]  imread image   2.6s  shape=(1468, 425, 474)  1183 MB
2026-05-08 19:42:27  INFO        [Frag_4              ]  imread masks   4.1s
2026-05-08 19:42:28  INFO        [Frag_4              ]  load+combine   8.6s total
2026-05-08 19:42:31  INFO      fold=1 ep=45 loss=1.5931 dice=0.1936 inc=0.094 bone=0.320 molar=0.167 ep_s=13.9 val_s=12.3
2026-05-08 19:42:45  INFO      Fold 1 ep 46: loss=1.6011  epoch=13.4s  data_wait=11.1s  gpu=2.3s
2026-05-08 19:42:59  INFO      Fold 1 ep 47: loss=1.6203  epoch=13.6s  data_wait=11.4s  gpu=2.2s
2026-05-08 19:43:12  INFO      Fold 1 ep 48: loss=1.5650  epoch=13.7s  data_wait=11.4s  gpu=2.2s
2026-05-08 19:43:26  INFO      Fold 1 ep 49: loss=1.5755  epoch=14.0s  data_wait=11.8s  gpu=2.2s
2026-05-08 19:43:40  INFO      Fold 1 ep 50: loss=1.6036  epoch=13.6s  data_wait=11.5s  gpu=2.1s
2026-05-08 19:43:43  INFO        [Frag_4              ]  imread image   2.6s  shape=(1468, 425, 474)  1183 MB
2026-05-08 19:43:48  INFO        [Frag_4              ]  imread masks   4.3s
2026-05-08 19:43:49  INFO        [Frag_4              ]  load+combine   8.8s total
2026-05-08 19:43:52  INFO      fold=1 ep=50 loss=1.6036 dice=0.2439 inc=0.131 bone=0.424 molar=0.176 ep_s=13.6 val_s=12.3
2026-05-08 19:44:09  INFO      Fold 1 ep 51: loss=1.5433  epoch=16.3s  data_wait=14.2s  gpu=2.1s
2026-05-08 19:44:22  INFO      Fold 1 ep 52: loss=1.5712  epoch=13.1s  data_wait=10.8s  gpu=2.3s
2026-05-08 19:44:36  INFO      Fold 1 ep 53: loss=1.5630  epoch=13.7s  data_wait=11.6s  gpu=2.2s
2026-05-08 19:44:51  INFO      Fold 1 ep 54: loss=1.5383  epoch=14.9s  data_wait=12.9s  gpu=2.0s
2026-05-08 19:45:05  INFO      Fold 1 ep 55: loss=1.5481  epoch=13.9s  data_wait=11.6s  gpu=2.2s
2026-05-08 19:45:07  INFO        [Frag_4              ]  imread image   2.4s  shape=(1468, 425, 474)  1183 MB
2026-05-08 19:45:12  INFO        [Frag_4              ]  imread masks   3.9s
2026-05-08 19:45:13  INFO        [Frag_4              ]  load+combine   8.3s total
2026-05-08 19:45:16  INFO      fold=1 ep=55 loss=1.5481 dice=0.2147 inc=0.099 bone=0.369 molar=0.177 ep_s=13.9 val_s=11.7
2026-05-08 19:45:31  INFO      Fold 1 ep 56: loss=1.5654  epoch=14.2s  data_wait=11.9s  gpu=2.3s
2026-05-08 19:45:44  INFO      Fold 1 ep 57: loss=1.5486  epoch=12.8s  data_wait=10.7s  gpu=2.1s
2026-05-08 19:45:58  INFO      Fold 1 ep 58: loss=1.5385  epoch=14.3s  data_wait=11.9s  gpu=2.4s
2026-05-08 19:46:14  INFO      Fold 1 ep 59: loss=1.5293  epoch=16.0s  data_wait=13.6s  gpu=2.4s
2026-05-08 19:46:29  INFO      Fold 1 ep 60: loss=1.5447  epoch=15.3s  data_wait=13.0s  gpu=2.3s
2026-05-08 19:46:32  INFO        [Frag_4              ]  imread image   2.7s  shape=(1468, 425, 474)  1183 MB
2026-05-08 19:46:38  INFO        [Frag_4              ]  imread masks   4.1s
2026-05-08 19:46:38  INFO        [Frag_4              ]  load+combine   8.7s total
2026-05-08 19:46:42  INFO      fold=1 ep=60 loss=1.5447 dice=0.3068 inc=0.238 bone=0.495 molar=0.188 ep_s=15.3 val_s=12.2
2026-05-08 19:46:55  INFO      Fold 1 ep 61: loss=1.4996  epoch=12.9s  data_wait=10.7s  gpu=2.2s
2026-05-08 19:47:09  INFO      Fold 1 ep 62: loss=1.5453  epoch=14.0s  data_wait=11.8s  gpu=2.2s
2026-05-08 19:47:23  INFO      Fold 1 ep 63: loss=1.5225  epoch=14.4s  data_wait=12.4s  gpu=2.0s
2026-05-08 19:47:37  INFO      Fold 1 ep 64: loss=1.5214  epoch=13.9s  data_wait=11.6s  gpu=2.2s
2026-05-08 19:47:50  INFO      Fold 1 ep 65: loss=1.5469  epoch=12.9s  data_wait=10.7s  gpu=2.1s
2026-05-08 19:47:52  INFO        [Frag_4              ]  imread image   2.6s  shape=(1468, 425, 474)  1183 MB
2026-05-08 19:47:58  INFO        [Frag_4              ]  imread masks   3.9s
2026-05-08 19:47:58  INFO        [Frag_4              ]  load+combine   8.5s total
2026-05-08 19:48:02  INFO      fold=1 ep=65 loss=1.5469 dice=0.2657 inc=0.166 bone=0.438 molar=0.193 ep_s=12.9 val_s=12.0
2026-05-08 19:48:16  INFO      Fold 1 ep 66: loss=1.4855  epoch=13.8s  data_wait=11.8s  gpu=2.0s
2026-05-08 19:48:29  INFO      Fold 1 ep 67: loss=1.4851  epoch=13.6s  data_wait=11.4s  gpu=2.3s
2026-05-08 19:48:43  INFO      Fold 1 ep 68: loss=1.5293  epoch=13.1s  data_wait=11.0s  gpu=2.1s
2026-05-08 19:48:56  INFO      Fold 1 ep 69: loss=1.5176  epoch=13.4s  data_wait=11.2s  gpu=2.3s
2026-05-08 19:49:10  INFO      Fold 1 ep 70: loss=1.4669  epoch=14.1s  data_wait=11.8s  gpu=2.2s
2026-05-08 19:49:13  INFO        [Frag_4              ]  imread image   2.6s  shape=(1468, 425, 474)  1183 MB
2026-05-08 19:49:18  INFO        [Frag_4              ]  imread masks   4.1s
2026-05-08 19:49:19  INFO        [Frag_4              ]  load+combine   8.7s total
2026-05-08 19:49:22  INFO      fold=1 ep=70 loss=1.4669 dice=0.3512 inc=0.284 bone=0.586 molar=0.184 ep_s=14.1 val_s=12.2
2026-05-08 19:49:37  INFO      Fold 1 ep 71: loss=1.5120  epoch=14.5s  data_wait=12.1s  gpu=2.4s
2026-05-08 19:49:52  INFO      Fold 1 ep 72: loss=1.5147  epoch=14.4s  data_wait=12.2s  gpu=2.2s
2026-05-08 19:50:05  INFO      Fold 1 ep 73: loss=1.4943  epoch=13.5s  data_wait=11.4s  gpu=2.2s
2026-05-08 19:50:19  INFO      Fold 1 ep 74: loss=1.4828  epoch=13.4s  data_wait=11.1s  gpu=2.3s
2026-05-08 19:50:32  INFO      Fold 1 ep 75: loss=1.5032  epoch=13.8s  data_wait=11.6s  gpu=2.2s
2026-05-08 19:50:35  INFO        [Frag_4              ]  imread image   2.6s  shape=(1468, 425, 474)  1183 MB
2026-05-08 19:50:41  INFO        [Frag_4              ]  imread masks   4.1s
2026-05-08 19:50:41  INFO        [Frag_4              ]  load+combine   8.6s total
2026-05-08 19:50:44  INFO      fold=1 ep=75 loss=1.5032 dice=0.2748 inc=0.303 bone=0.335 molar=0.187 ep_s=13.8 val_s=12.0
2026-05-08 19:50:57  INFO      Fold 1 ep 76: loss=1.4617  epoch=13.0s  data_wait=10.8s  gpu=2.2s
2026-05-08 19:51:12  INFO      Fold 1 ep 77: loss=1.4709  epoch=15.0s  data_wait=12.7s  gpu=2.2s
2026-05-08 19:51:26  INFO      Fold 1 ep 78: loss=1.4702  epoch=13.3s  data_wait=11.2s  gpu=2.0s
2026-05-08 19:51:40  INFO      Fold 1 ep 79: loss=1.4531  epoch=14.2s  data_wait=12.2s  gpu=2.0s
2026-05-08 19:51:55  INFO      Fold 1 ep 80: loss=1.4133  epoch=14.6s  data_wait=12.3s  gpu=2.3s
2026-05-08 19:51:57  INFO        [Frag_4              ]  imread image   2.6s  shape=(1468, 425, 474)  1183 MB
2026-05-08 19:52:03  INFO        [Frag_4              ]  imread masks   4.4s
2026-05-08 19:52:03  INFO        [Frag_4              ]  load+combine   8.9s total
2026-05-08 19:52:07  INFO      fold=1 ep=80 loss=1.4133 dice=0.3350 inc=0.342 bone=0.485 molar=0.178 ep_s=14.6 val_s=12.6
2026-05-08 19:52:22  INFO      Fold 1 ep 81: loss=1.4278  epoch=14.3s  data_wait=12.0s  gpu=2.3s
2026-05-08 19:52:35  INFO      Fold 1 ep 82: loss=1.4632  epoch=13.5s  data_wait=11.3s  gpu=2.2s
2026-05-08 19:52:49  INFO      Fold 1 ep 83: loss=1.4514  epoch=14.0s  data_wait=11.6s  gpu=2.4s
2026-05-08 19:53:03  INFO      Fold 1 ep 84: loss=1.4609  epoch=13.9s  data_wait=11.4s  gpu=2.5s
2026-05-08 19:53:18  INFO      Fold 1 ep 85: loss=1.4422  epoch=14.9s  data_wait=12.6s  gpu=2.3s
2026-05-08 19:53:20  INFO        [Frag_4              ]  imread image   2.6s  shape=(1468, 425, 474)  1183 MB
2026-05-08 19:53:26  INFO        [Frag_4              ]  imread masks   3.9s
2026-05-08 19:53:26  INFO        [Frag_4              ]  load+combine   8.4s total
2026-05-08 19:53:30  INFO      fold=1 ep=85 loss=1.4422 dice=0.4156 inc=0.330 bone=0.704 molar=0.213 ep_s=14.9 val_s=11.9
2026-05-08 19:53:44  INFO      Fold 1 ep 86: loss=1.4131  epoch=14.0s  data_wait=11.8s  gpu=2.2s
2026-05-08 19:53:58  INFO      Fold 1 ep 87: loss=1.4426  epoch=13.7s  data_wait=11.3s  gpu=2.4s
2026-05-08 19:54:11  INFO      Fold 1 ep 88: loss=1.4032  epoch=13.4s  data_wait=11.0s  gpu=2.4s
2026-05-08 19:54:24  INFO      Fold 1 ep 89: loss=1.4265  epoch=12.9s  data_wait=10.7s  gpu=2.2s
2026-05-08 19:54:38  INFO      Fold 1 ep 90: loss=1.4631  epoch=14.3s  data_wait=12.2s  gpu=2.1s
2026-05-08 19:54:41  INFO        [Frag_4              ]  imread image   2.6s  shape=(1468, 425, 474)  1183 MB
2026-05-08 19:54:46  INFO        [Frag_4              ]  imread masks   3.9s
2026-05-08 19:54:47  INFO        [Frag_4              ]  load+combine   8.3s total
2026-05-08 19:54:50  INFO      fold=1 ep=90 loss=1.4631 dice=0.4223 inc=0.222 bone=0.778 molar=0.267 ep_s=14.3 val_s=11.8
2026-05-08 19:55:04  INFO      Fold 1 ep 91: loss=1.4152  epoch=13.5s  data_wait=11.3s  gpu=2.2s
2026-05-08 19:55:18  INFO      Fold 1 ep 92: loss=1.4169  epoch=14.3s  data_wait=12.2s  gpu=2.1s
2026-05-08 19:55:31  INFO      Fold 1 ep 93: loss=1.4013  epoch=12.4s  data_wait=10.3s  gpu=2.1s
2026-05-08 19:55:45  INFO      Fold 1 ep 94: loss=1.3624  epoch=13.8s  data_wait=11.6s  gpu=2.2s
2026-05-08 19:55:59  INFO      Fold 1 ep 95: loss=1.3880  epoch=14.5s  data_wait=12.1s  gpu=2.4s
2026-05-08 19:56:02  INFO        [Frag_4              ]  imread image   2.6s  shape=(1468, 425, 474)  1183 MB
2026-05-08 19:56:08  INFO        [Frag_4              ]  imread masks   4.3s
2026-05-08 19:56:08  INFO        [Frag_4              ]  load+combine   8.7s total
2026-05-08 19:56:11  INFO      fold=1 ep=95 loss=1.3880 dice=0.3770 inc=0.416 bone=0.511 molar=0.204 ep_s=14.5 val_s=12.1
2026-05-08 19:56:25  INFO      Fold 1 ep 96: loss=1.3808  epoch=13.5s  data_wait=11.3s  gpu=2.2s
2026-05-08 19:56:39  INFO      Fold 1 ep 97: loss=1.3736  epoch=13.9s  data_wait=11.6s  gpu=2.3s
2026-05-08 19:56:53  INFO      Fold 1 ep 98: loss=1.3776  epoch=14.3s  data_wait=12.1s  gpu=2.2s
2026-05-08 19:57:06  INFO      Fold 1 ep 99: loss=1.3181  epoch=13.2s  data_wait=11.0s  gpu=2.3s
2026-05-08 19:57:21  INFO      Fold 1 ep 100: loss=1.3898  epoch=14.3s  data_wait=11.9s  gpu=2.4s
2026-05-08 19:57:23  INFO        [Frag_4              ]  imread image   2.6s  shape=(1468, 425, 474)  1183 MB
2026-05-08 19:57:29  INFO        [Frag_4              ]  imread masks   3.9s
2026-05-08 19:57:29  INFO        [Frag_4              ]  load+combine   8.5s total
2026-05-08 19:57:33  INFO      fold=1 ep=100 loss=1.3898 dice=0.3491 inc=0.301 bone=0.510 molar=0.236 ep_s=14.3 val_s=11.9
2026-05-08 19:57:48  INFO      Fold 1 ep 101: loss=1.3438  epoch=14.8s  data_wait=12.6s  gpu=2.2s
2026-05-08 19:58:01  INFO      Fold 1 ep 102: loss=1.3587  epoch=13.8s  data_wait=11.5s  gpu=2.3s
2026-05-08 19:58:16  INFO      Fold 1 ep 103: loss=1.3864  epoch=15.0s  data_wait=12.5s  gpu=2.5s
2026-05-08 19:58:31  INFO      Fold 1 ep 104: loss=1.3337  epoch=14.4s  data_wait=12.2s  gpu=2.2s
2026-05-08 19:58:44  INFO      Fold 1 ep 105: loss=1.4078  epoch=13.7s  data_wait=11.5s  gpu=2.2s
2026-05-08 19:58:47  INFO        [Frag_4              ]  imread image   2.5s  shape=(1468, 425, 474)  1183 MB
2026-05-08 19:58:53  INFO        [Frag_4              ]  imread masks   4.1s
2026-05-08 19:58:53  INFO        [Frag_4              ]  load+combine   8.5s total
2026-05-08 19:58:56  INFO      fold=1 ep=105 loss=1.4078 dice=0.3761 inc=0.225 bone=0.643 molar=0.260 ep_s=13.7 val_s=11.9
2026-05-08 19:59:11  INFO      Fold 1 ep 106: loss=1.3416  epoch=14.2s  data_wait=12.1s  gpu=2.1s
2026-05-08 19:59:26  INFO      Fold 1 ep 107: loss=1.3666  epoch=15.3s  data_wait=12.9s  gpu=2.3s
2026-05-08 19:59:40  INFO      Fold 1 ep 108: loss=1.3420  epoch=13.7s  data_wait=11.5s  gpu=2.2s
2026-05-08 19:59:54  INFO      Fold 1 ep 109: loss=1.3429  epoch=14.5s  data_wait=12.1s  gpu=2.4s
2026-05-08 20:00:08  INFO      Fold 1 ep 110: loss=1.3750  epoch=14.0s  data_wait=11.5s  gpu=2.5s
2026-05-08 20:00:11  INFO        [Frag_4              ]  imread image   2.6s  shape=(1468, 425, 474)  1183 MB
2026-05-08 20:00:16  INFO        [Frag_4              ]  imread masks   4.0s
2026-05-08 20:00:17  INFO        [Frag_4              ]  load+combine   8.5s total
2026-05-08 20:00:20  INFO      fold=1 ep=110 loss=1.3750 dice=0.5678 inc=0.599 bone=0.803 molar=0.302 ep_s=14.0 val_s=11.9
2026-05-08 20:00:35  INFO      Fold 1 ep 111: loss=1.3582  epoch=14.4s  data_wait=12.1s  gpu=2.3s
2026-05-08 20:00:49  INFO      Fold 1 ep 112: loss=1.3408  epoch=14.5s  data_wait=12.0s  gpu=2.5s
2026-05-08 20:01:02  INFO      Fold 1 ep 113: loss=1.2997  epoch=13.0s  data_wait=10.7s  gpu=2.3s
2026-05-08 20:01:17  INFO      Fold 1 ep 114: loss=1.3923  epoch=14.2s  data_wait=12.0s  gpu=2.2s
2026-05-08 20:01:30  INFO      Fold 1 ep 115: loss=1.3104  epoch=13.4s  data_wait=11.2s  gpu=2.2s
2026-05-08 20:01:33  INFO        [Frag_4              ]  imread image   2.6s  shape=(1468, 425, 474)  1183 MB
2026-05-08 20:01:38  INFO        [Frag_4              ]  imread masks   4.1s
2026-05-08 20:01:39  INFO        [Frag_4              ]  load+combine   8.6s total
2026-05-08 20:01:42  INFO      fold=1 ep=115 loss=1.3104 dice=0.5938 inc=0.555 bone=0.885 molar=0.341 ep_s=13.4 val_s=12.1
2026-05-08 20:01:57  INFO      Fold 1 ep 116: loss=1.3168  epoch=14.2s  data_wait=11.7s  gpu=2.5s
2026-05-08 20:02:10  INFO      Fold 1 ep 117: loss=1.2887  epoch=13.6s  data_wait=11.5s  gpu=2.1s
2026-05-08 20:02:23  INFO      Fold 1 ep 118: loss=1.3044  epoch=12.6s  data_wait=10.4s  gpu=2.2s
2026-05-08 20:02:37  INFO      Fold 1 ep 119: loss=1.2882  epoch=13.7s  data_wait=11.4s  gpu=2.3s
2026-05-08 20:02:50  INFO      Fold 1 ep 120: loss=1.2705  epoch=13.5s  data_wait=11.4s  gpu=2.1s
2026-05-08 20:02:53  INFO        [Frag_4              ]  imread image   2.5s  shape=(1468, 425, 474)  1183 MB
2026-05-08 20:02:58  INFO        [Frag_4              ]  imread masks   4.2s
2026-05-08 20:02:59  INFO        [Frag_4              ]  load+combine   8.7s total
2026-05-08 20:03:02  INFO      fold=1 ep=120 loss=1.2705 dice=0.5880 inc=0.534 bone=0.848 molar=0.382 ep_s=13.5 val_s=12.2
2026-05-08 20:03:17  INFO      Fold 1 ep 121: loss=1.2912  epoch=14.0s  data_wait=11.9s  gpu=2.1s
2026-05-08 20:03:31  INFO      Fold 1 ep 122: loss=1.2398  epoch=15.0s  data_wait=12.8s  gpu=2.1s
2026-05-08 20:03:45  INFO      Fold 1 ep 123: loss=1.2952  epoch=13.9s  data_wait=11.6s  gpu=2.2s
2026-05-08 20:04:00  INFO      Fold 1 ep 124: loss=1.3208  epoch=14.4s  data_wait=11.9s  gpu=2.5s
2026-05-08 20:04:15  INFO      Fold 1 ep 125: loss=1.3308  epoch=15.1s  data_wait=13.0s  gpu=2.1s
2026-05-08 20:04:17  INFO        [Frag_4              ]  imread image   2.6s  shape=(1468, 425, 474)  1183 MB
2026-05-08 20:04:24  INFO        [Frag_4              ]  imread masks   4.8s
2026-05-08 20:04:24  INFO        [Frag_4              ]  load+combine   9.3s total
2026-05-08 20:04:28  INFO      fold=1 ep=125 loss=1.3308 dice=0.4750 inc=0.531 bone=0.615 molar=0.279 ep_s=15.1 val_s=12.8
2026-05-08 20:04:42  INFO      Fold 1 ep 126: loss=1.2598  epoch=13.8s  data_wait=11.7s  gpu=2.1s
2026-05-08 20:04:56  INFO      Fold 1 ep 127: loss=1.2835  epoch=14.1s  data_wait=12.0s  gpu=2.1s
2026-05-08 20:05:09  INFO      Fold 1 ep 128: loss=1.2322  epoch=13.6s  data_wait=11.3s  gpu=2.3s
2026-05-08 20:05:24  INFO      Fold 1 ep 129: loss=1.2773  epoch=14.6s  data_wait=12.4s  gpu=2.3s
2026-05-08 20:05:38  INFO      Fold 1 ep 130: loss=1.1833  epoch=14.2s  data_wait=11.9s  gpu=2.3s
2026-05-08 20:05:41  INFO        [Frag_4              ]  imread image   2.6s  shape=(1468, 425, 474)  1183 MB
2026-05-08 20:05:47  INFO        [Frag_4              ]  imread masks   4.4s
2026-05-08 20:05:47  INFO        [Frag_4              ]  load+combine   9.0s total
2026-05-08 20:05:51  INFO      fold=1 ep=130 loss=1.1833 dice=0.4935 inc=0.607 bone=0.605 molar=0.268 ep_s=14.2 val_s=12.4
2026-05-08 20:06:04  INFO      Fold 1 ep 131: loss=1.2357  epoch=13.4s  data_wait=11.3s  gpu=2.1s
2026-05-08 20:06:18  INFO      Fold 1 ep 132: loss=1.3054  epoch=13.9s  data_wait=11.6s  gpu=2.3s
2026-05-08 20:06:32  INFO      Fold 1 ep 133: loss=1.2904  epoch=13.7s  data_wait=11.5s  gpu=2.2s
2026-05-08 20:06:45  INFO      Fold 1 ep 134: loss=1.2545  epoch=13.6s  data_wait=11.6s  gpu=2.0s
2026-05-08 20:06:59  INFO      Fold 1 ep 135: loss=1.2282  epoch=14.0s  data_wait=11.9s  gpu=2.0s
2026-05-08 20:07:02  INFO        [Frag_4              ]  imread image   2.6s  shape=(1468, 425, 474)  1183 MB
2026-05-08 20:07:08  INFO        [Frag_4              ]  imread masks   4.2s
2026-05-08 20:07:08  INFO        [Frag_4              ]  load+combine   8.8s total
2026-05-08 20:07:12  INFO      fold=1 ep=135 loss=1.2282 dice=0.6029 inc=0.546 bone=0.841 molar=0.422 ep_s=14.0 val_s=12.2
2026-05-08 20:07:26  INFO      Fold 1 ep 136: loss=1.2892  epoch=13.5s  data_wait=11.4s  gpu=2.1s
2026-05-08 20:07:40  INFO      Fold 1 ep 137: loss=1.2326  epoch=14.1s  data_wait=11.9s  gpu=2.2s
2026-05-08 20:07:54  INFO      Fold 1 ep 138: loss=1.2035  epoch=14.7s  data_wait=12.4s  gpu=2.3s
2026-05-08 20:08:06  INFO      Fold 1 ep 139: loss=1.2409  epoch=12.1s  data_wait=10.1s  gpu=2.0s
2026-05-08 20:08:20  INFO      Fold 1 ep 140: loss=1.2621  epoch=13.2s  data_wait=11.1s  gpu=2.1s
2026-05-08 20:08:22  INFO        [Frag_4              ]  imread image   2.6s  shape=(1468, 425, 474)  1183 MB
2026-05-08 20:08:28  INFO        [Frag_4              ]  imread masks   4.1s
2026-05-08 20:08:28  INFO        [Frag_4              ]  load+combine   8.7s total
2026-05-08 20:08:32  INFO      fold=1 ep=140 loss=1.2621 dice=0.5699 inc=0.530 bone=0.800 molar=0.380 ep_s=13.2 val_s=12.2
2026-05-08 20:08:46  INFO      Fold 1 ep 141: loss=1.2452  epoch=13.8s  data_wait=11.5s  gpu=2.3s
2026-05-08 20:09:00  INFO      Fold 1 ep 142: loss=1.1500  epoch=14.1s  data_wait=11.8s  gpu=2.2s
2026-05-08 20:09:13  INFO      Fold 1 ep 143: loss=1.2349  epoch=13.5s  data_wait=11.3s  gpu=2.2s
2026-05-08 20:09:26  INFO      Fold 1 ep 144: loss=1.2641  epoch=12.9s  data_wait=10.6s  gpu=2.3s
2026-05-08 20:09:40  INFO      Fold 1 ep 145: loss=1.2371  epoch=13.7s  data_wait=11.5s  gpu=2.2s
2026-05-08 20:09:43  INFO        [Frag_4              ]  imread image   2.6s  shape=(1468, 425, 474)  1183 MB
2026-05-08 20:09:48  INFO        [Frag_4              ]  imread masks   4.2s
2026-05-08 20:09:49  INFO        [Frag_4              ]  load+combine   8.7s total
2026-05-08 20:09:52  INFO      fold=1 ep=145 loss=1.2371 dice=0.7448 inc=0.767 bone=0.899 molar=0.568 ep_s=13.7 val_s=12.2
2026-05-08 20:10:07  INFO      Fold 1 ep 146: loss=1.2248  epoch=14.5s  data_wait=12.3s  gpu=2.2s
2026-05-08 20:10:20  INFO      Fold 1 ep 147: loss=1.2106  epoch=13.2s  data_wait=11.0s  gpu=2.2s
2026-05-08 20:10:35  INFO      Fold 1 ep 148: loss=1.1957  epoch=14.4s  data_wait=12.0s  gpu=2.4s
2026-05-08 20:10:49  INFO      Fold 1 ep 149: loss=1.1723  epoch=14.8s  data_wait=12.4s  gpu=2.4s
2026-05-08 20:11:04  INFO      Fold 1 ep 150: loss=1.1982  epoch=14.4s  data_wait=12.2s  gpu=2.1s
2026-05-08 20:11:06  INFO        [Frag_4              ]  imread image   2.6s  shape=(1468, 425, 474)  1183 MB
2026-05-08 20:11:12  INFO        [Frag_4              ]  imread masks   4.1s
2026-05-08 20:11:12  INFO        [Frag_4              ]  load+combine   8.7s total
2026-05-08 20:11:16  INFO      fold=1 ep=150 loss=1.1982 dice=0.7232 inc=0.801 bone=0.852 molar=0.516 ep_s=14.4 val_s=12.2
2026-05-08 20:11:30  INFO      Fold 1 ep 151: loss=1.1880  epoch=14.1s  data_wait=11.9s  gpu=2.2s
2026-05-08 20:11:44  INFO      Fold 1 ep 152: loss=1.1371  epoch=13.3s  data_wait=11.2s  gpu=2.0s
2026-05-08 20:11:58  INFO      Fold 1 ep 153: loss=1.0907  epoch=14.0s  data_wait=11.9s  gpu=2.2s
2026-05-08 20:12:11  INFO      Fold 1 ep 154: loss=1.1521  epoch=13.4s  data_wait=11.3s  gpu=2.1s
2026-05-08 20:12:25  INFO      Fold 1 ep 155: loss=1.1053  epoch=13.6s  data_wait=11.5s  gpu=2.1s
2026-05-08 20:12:27  INFO        [Frag_4              ]  imread image   2.6s  shape=(1468, 425, 474)  1183 MB
2026-05-08 20:12:33  INFO        [Frag_4              ]  imread masks   4.1s
2026-05-08 20:12:33  INFO        [Frag_4              ]  load+combine   8.6s total
2026-05-08 20:12:37  INFO      fold=1 ep=155 loss=1.1053 dice=0.7526 inc=0.745 bone=0.917 molar=0.596 ep_s=13.6 val_s=12.0
2026-05-08 20:12:51  INFO      Fold 1 ep 156: loss=1.1238  epoch=13.8s  data_wait=11.5s  gpu=2.2s
2026-05-08 20:13:05  INFO      Fold 1 ep 157: loss=1.1574  epoch=14.1s  data_wait=11.9s  gpu=2.2s
2026-05-08 20:13:19  INFO      Fold 1 ep 158: loss=1.1193  epoch=14.0s  data_wait=11.9s  gpu=2.1s
2026-05-08 20:13:33  INFO      Fold 1 ep 159: loss=1.0683  epoch=14.7s  data_wait=12.4s  gpu=2.3s
2026-05-08 20:13:48  INFO      Fold 1 ep 160: loss=1.0929  epoch=14.5s  data_wait=12.3s  gpu=2.2s
2026-05-08 20:13:51  INFO        [Frag_4              ]  imread image   2.6s  shape=(1468, 425, 474)  1183 MB
2026-05-08 20:13:56  INFO        [Frag_4              ]  imread masks   3.8s
2026-05-08 20:13:56  INFO        [Frag_4              ]  load+combine   8.3s total
2026-05-08 20:14:00  INFO      fold=1 ep=160 loss=1.0929 dice=0.6921 inc=0.737 bone=0.836 molar=0.503 ep_s=14.5 val_s=11.9
2026-05-08 20:14:14  INFO      Fold 1 ep 161: loss=1.0938  epoch=13.5s  data_wait=11.0s  gpu=2.4s
2026-05-08 20:14:27  INFO      Fold 1 ep 162: loss=1.1873  epoch=13.4s  data_wait=11.1s  gpu=2.3s
2026-05-08 20:14:40  INFO      Fold 1 ep 163: loss=1.0868  epoch=12.7s  data_wait=10.3s  gpu=2.4s
2026-05-08 20:14:53  INFO      Fold 1 ep 164: loss=1.1090  epoch=13.1s  data_wait=10.8s  gpu=2.2s
2026-05-08 20:15:06  INFO      Fold 1 ep 165: loss=1.0899  epoch=13.5s  data_wait=11.2s  gpu=2.3s
2026-05-08 20:15:09  INFO        [Frag_4              ]  imread image   2.6s  shape=(1468, 425, 474)  1183 MB
2026-05-08 20:15:14  INFO        [Frag_4              ]  imread masks   4.1s
2026-05-08 20:15:15  INFO        [Frag_4              ]  load+combine   8.5s total
2026-05-08 20:15:18  INFO      fold=1 ep=165 loss=1.0899 dice=0.7373 inc=0.785 bone=0.880 molar=0.547 ep_s=13.5 val_s=12.0
2026-05-08 20:15:31  INFO      Fold 1 ep 166: loss=1.0566  epoch=13.1s  data_wait=10.8s  gpu=2.3s
2026-05-08 20:15:45  INFO      Fold 1 ep 167: loss=1.1370  epoch=13.3s  data_wait=11.2s  gpu=2.1s
2026-05-08 20:15:58  INFO      Fold 1 ep 168: loss=1.1173  epoch=13.2s  data_wait=11.1s  gpu=2.1s
2026-05-08 20:16:12  INFO      Fold 1 ep 169: loss=1.0806  epoch=14.0s  data_wait=11.8s  gpu=2.2s
2026-05-08 20:16:25  INFO      Fold 1 ep 170: loss=1.1634  epoch=13.4s  data_wait=11.2s  gpu=2.2s
2026-05-08 20:16:28  INFO        [Frag_4              ]  imread image   2.6s  shape=(1468, 425, 474)  1183 MB
2026-05-08 20:16:33  INFO        [Frag_4              ]  imread masks   3.9s
2026-05-08 20:16:34  INFO        [Frag_4              ]  load+combine   8.4s total
2026-05-08 20:16:37  INFO      fold=1 ep=170 loss=1.1634 dice=0.7815 inc=0.776 bone=0.893 molar=0.675 ep_s=13.4 val_s=11.8
2026-05-08 20:16:52  INFO      Fold 1 ep 171: loss=1.0317  epoch=14.4s  data_wait=12.1s  gpu=2.2s
2026-05-08 20:17:07  INFO      Fold 1 ep 172: loss=1.0648  epoch=15.2s  data_wait=12.8s  gpu=2.4s
2026-05-08 20:17:21  INFO      Fold 1 ep 173: loss=1.0193  epoch=13.7s  data_wait=11.2s  gpu=2.5s
2026-05-08 20:17:35  INFO      Fold 1 ep 174: loss=1.1119  epoch=14.5s  data_wait=12.1s  gpu=2.4s
2026-05-08 20:17:49  INFO      Fold 1 ep 175: loss=1.0962  epoch=13.6s  data_wait=11.3s  gpu=2.3s
2026-05-08 20:17:52  INFO        [Frag_4              ]  imread image   2.6s  shape=(1468, 425, 474)  1183 MB
2026-05-08 20:17:57  INFO        [Frag_4              ]  imread masks   3.7s
2026-05-08 20:17:57  INFO        [Frag_4              ]  load+combine   8.1s total
2026-05-08 20:18:01  INFO      fold=1 ep=175 loss=1.0962 dice=0.7868 inc=0.827 bone=0.904 molar=0.629 ep_s=13.6 val_s=11.5
2026-05-08 20:18:13  INFO      Fold 1 ep 176: loss=1.1135  epoch=12.6s  data_wait=10.5s  gpu=2.1s
2026-05-08 20:18:28  INFO      Fold 1 ep 177: loss=1.0423  epoch=14.3s  data_wait=12.0s  gpu=2.3s
2026-05-08 20:18:41  INFO      Fold 1 ep 178: loss=1.2797  epoch=13.8s  data_wait=11.6s  gpu=2.2s
2026-05-08 20:18:56  INFO      Fold 1 ep 179: loss=1.1288  epoch=14.5s  data_wait=12.4s  gpu=2.1s
2026-05-08 20:19:10  INFO      Fold 1 ep 180: loss=1.2812  epoch=14.4s  data_wait=12.2s  gpu=2.2s
2026-05-08 20:19:13  INFO        [Frag_4              ]  imread image   2.6s  shape=(1468, 425, 474)  1183 MB
2026-05-08 20:19:18  INFO        [Frag_4              ]  imread masks   4.0s
2026-05-08 20:19:19  INFO        [Frag_4              ]  load+combine   8.5s total
2026-05-08 20:19:22  INFO      fold=1 ep=180 loss=1.2812 dice=0.7451 inc=0.809 bone=0.862 molar=0.565 ep_s=14.4 val_s=11.8
2026-05-08 20:19:36  INFO      Fold 1 ep 181: loss=1.0298  epoch=13.7s  data_wait=11.4s  gpu=2.3s
2026-05-08 20:19:49  INFO      Fold 1 ep 182: loss=1.0476  epoch=12.7s  data_wait=10.6s  gpu=2.1s
2026-05-08 20:20:04  INFO      Fold 1 ep 183: loss=0.9994  epoch=14.8s  data_wait=12.4s  gpu=2.4s
2026-05-08 20:20:17  INFO      Fold 1 ep 184: loss=1.0126  epoch=13.5s  data_wait=11.4s  gpu=2.1s
2026-05-08 20:20:31  INFO      Fold 1 ep 185: loss=1.0055  epoch=14.4s  data_wait=12.1s  gpu=2.3s
2026-05-08 20:20:34  INFO        [Frag_4              ]  imread image   2.6s  shape=(1468, 425, 474)  1183 MB
2026-05-08 20:20:39  INFO        [Frag_4              ]  imread masks   3.9s
2026-05-08 20:20:40  INFO        [Frag_4              ]  load+combine   8.4s total
2026-05-08 20:20:44  INFO      fold=1 ep=185 loss=1.0055 dice=0.8120 inc=0.775 bone=0.906 molar=0.755 ep_s=14.4 val_s=11.9
2026-05-08 20:20:56  INFO      Fold 1 ep 186: loss=1.0235  epoch=12.6s  data_wait=10.6s  gpu=2.0s
2026-05-08 20:21:10  INFO      Fold 1 ep 187: loss=1.0343  epoch=14.0s  data_wait=11.8s  gpu=2.2s
2026-05-08 20:21:23  INFO      Fold 1 ep 188: loss=1.0087  epoch=12.6s  data_wait=10.5s  gpu=2.1s
2026-05-08 20:21:37  INFO      Fold 1 ep 189: loss=1.0161  epoch=13.9s  data_wait=11.7s  gpu=2.2s
2026-05-08 20:21:49  INFO      Fold 1 ep 190: loss=0.9884  epoch=11.7s  data_wait=9.8s  gpu=1.9s
2026-05-08 20:21:51  INFO        [Frag_4              ]  imread image   2.6s  shape=(1468, 425, 474)  1183 MB
2026-05-08 20:21:57  INFO        [Frag_4              ]  imread masks   4.0s
2026-05-08 20:21:57  INFO        [Frag_4              ]  load+combine   8.6s total
2026-05-08 20:22:01  INFO      fold=1 ep=190 loss=0.9884 dice=0.8232 inc=0.884 bone=0.899 molar=0.687 ep_s=11.7 val_s=11.9
2026-05-08 20:22:15  INFO      Fold 1 ep 191: loss=0.9541  epoch=14.1s  data_wait=11.7s  gpu=2.4s
2026-05-08 20:22:28  INFO      Fold 1 ep 192: loss=0.9488  epoch=13.3s  data_wait=11.3s  gpu=2.0s
2026-05-08 20:22:41  INFO      Fold 1 ep 193: loss=0.9914  epoch=13.1s  data_wait=10.9s  gpu=2.1s
2026-05-08 20:22:56  INFO      Fold 1 ep 194: loss=0.9768  epoch=14.5s  data_wait=12.3s  gpu=2.2s
2026-05-08 20:23:10  INFO      Fold 1 ep 195: loss=0.9905  epoch=14.3s  data_wait=11.9s  gpu=2.4s
2026-05-08 20:23:13  INFO        [Frag_4              ]  imread image   2.6s  shape=(1468, 425, 474)  1183 MB
2026-05-08 20:23:18  INFO        [Frag_4              ]  imread masks   4.0s
2026-05-08 20:23:19  INFO        [Frag_4              ]  load+combine   8.5s total
2026-05-08 20:23:22  INFO      fold=1 ep=195 loss=0.9905 dice=0.8577 inc=0.829 bone=0.926 molar=0.818 ep_s=14.3 val_s=11.9
2026-05-08 20:23:37  INFO      Fold 1 ep 196: loss=0.9729  epoch=14.4s  data_wait=11.9s  gpu=2.5s
2026-05-08 20:23:50  INFO      Fold 1 ep 197: loss=0.9664  epoch=13.0s  data_wait=10.8s  gpu=2.2s
2026-05-08 20:24:04  INFO      Fold 1 ep 198: loss=0.9361  epoch=14.2s  data_wait=11.9s  gpu=2.4s
2026-05-08 20:24:18  INFO      Fold 1 ep 199: loss=0.9328  epoch=14.2s  data_wait=11.9s  gpu=2.4s
2026-05-08 20:24:32  INFO      Fold 1 ep 200: loss=0.9486  epoch=14.0s  data_wait=11.8s  gpu=2.2s
2026-05-08 20:24:35  INFO        [Frag_4              ]  imread image   2.6s  shape=(1468, 425, 474)  1183 MB
2026-05-08 20:24:41  INFO        [Frag_4              ]  imread masks   4.3s
2026-05-08 20:24:41  INFO        [Frag_4              ]  load+combine   8.8s total
2026-05-08 20:24:44  INFO      fold=1 ep=200 loss=0.9486 dice=0.7581 inc=0.784 bone=0.857 molar=0.633 ep_s=14.0 val_s=12.2
2026-05-08 20:24:58  INFO      Fold 1 ep 201: loss=0.9560  epoch=13.2s  data_wait=11.1s  gpu=2.1s
2026-05-08 20:25:12  INFO      Fold 1 ep 202: loss=0.9967  epoch=14.3s  data_wait=12.0s  gpu=2.3s
2026-05-08 20:25:26  INFO      Fold 1 ep 203: loss=0.9585  epoch=13.8s  data_wait=11.5s  gpu=2.3s
2026-05-08 20:25:39  INFO      Fold 1 ep 204: loss=0.9839  epoch=13.5s  data_wait=11.4s  gpu=2.1s
2026-05-08 20:25:54  INFO      Fold 1 ep 205: loss=0.9691  epoch=14.4s  data_wait=12.1s  gpu=2.2s
2026-05-08 20:25:56  INFO        [Frag_4              ]  imread image   2.6s  shape=(1468, 425, 474)  1183 MB
2026-05-08 20:26:02  INFO        [Frag_4              ]  imread masks   4.1s
2026-05-08 20:26:02  INFO        [Frag_4              ]  load+combine   8.5s total
2026-05-08 20:26:06  INFO      fold=1 ep=205 loss=0.9691 dice=0.7942 inc=0.755 bone=0.904 molar=0.723 ep_s=14.4 val_s=12.0
2026-05-08 20:26:20  INFO      Fold 1 ep 206: loss=0.9662  epoch=14.3s  data_wait=11.8s  gpu=2.5s
2026-05-08 20:26:33  INFO      Fold 1 ep 207: loss=0.9181  epoch=12.4s  data_wait=10.3s  gpu=2.1s
2026-05-08 20:26:47  INFO      Fold 1 ep 208: loss=0.9040  epoch=14.3s  data_wait=11.9s  gpu=2.4s
2026-05-08 20:27:01  INFO      Fold 1 ep 209: loss=0.9058  epoch=14.0s  data_wait=11.7s  gpu=2.3s
2026-05-08 20:27:15  INFO      Fold 1 ep 210: loss=0.9083  epoch=13.6s  data_wait=11.6s  gpu=2.1s
2026-05-08 20:27:17  INFO        [Frag_4              ]  imread image   2.3s  shape=(1468, 425, 474)  1183 MB
2026-05-08 20:27:22  INFO        [Frag_4              ]  imread masks   3.8s
2026-05-08 20:27:23  INFO        [Frag_4              ]  load+combine   7.8s total
2026-05-08 20:27:26  INFO      fold=1 ep=210 loss=0.9083 dice=0.7954 inc=0.792 bone=0.885 molar=0.709 ep_s=13.6 val_s=11.2
2026-05-08 20:27:40  INFO      Fold 1 ep 211: loss=0.9243  epoch=14.0s  data_wait=11.7s  gpu=2.3s
2026-05-08 20:27:53  INFO      Fold 1 ep 212: loss=0.9296  epoch=12.8s  data_wait=10.8s  gpu=2.1s
2026-05-08 20:28:07  INFO      Fold 1 ep 213: loss=0.9179  epoch=14.4s  data_wait=12.2s  gpu=2.2s
2026-05-08 20:28:21  INFO      Fold 1 ep 214: loss=0.9472  epoch=13.1s  data_wait=10.7s  gpu=2.4s
2026-05-08 20:28:35  INFO      Fold 1 ep 215: loss=0.9531  epoch=14.2s  data_wait=11.9s  gpu=2.3s
2026-05-08 20:28:37  INFO        [Frag_4              ]  imread image   2.6s  shape=(1468, 425, 474)  1183 MB
2026-05-08 20:28:43  INFO        [Frag_4              ]  imread masks   4.2s
2026-05-08 20:28:43  INFO        [Frag_4              ]  load+combine   8.7s total
2026-05-08 20:28:47  INFO      fold=1 ep=215 loss=0.9531 dice=0.7902 inc=0.789 bone=0.899 molar=0.682 ep_s=14.2 val_s=12.2
2026-05-08 20:29:01  INFO      Fold 1 ep 216: loss=0.9610  epoch=13.6s  data_wait=11.4s  gpu=2.2s
2026-05-08 20:29:14  INFO      Fold 1 ep 217: loss=0.9082  epoch=13.0s  data_wait=10.8s  gpu=2.2s
2026-05-08 20:29:28  INFO      Fold 1 ep 218: loss=0.9250  epoch=14.6s  data_wait=12.4s  gpu=2.2s
2026-05-08 20:29:42  INFO      Fold 1 ep 219: loss=0.9263  epoch=13.6s  data_wait=11.3s  gpu=2.3s
2026-05-08 20:29:55  INFO      Fold 1 ep 220: loss=0.9223  epoch=13.4s  data_wait=11.4s  gpu=2.0s
2026-05-08 20:29:58  INFO        [Frag_4              ]  imread image   2.6s  shape=(1468, 425, 474)  1183 MB
2026-05-08 20:30:04  INFO        [Frag_4              ]  imread masks   4.3s
2026-05-08 20:30:04  INFO        [Frag_4              ]  load+combine   8.7s total
2026-05-08 20:30:08  INFO      fold=1 ep=220 loss=0.9223 dice=0.8467 inc=0.807 bone=0.917 molar=0.816 ep_s=13.4 val_s=12.2
2026-05-08 20:30:20  INFO      Fold 1 ep 221: loss=0.9460  epoch=11.8s  data_wait=9.9s  gpu=2.0s
2026-05-08 20:30:34  INFO      Fold 1 ep 222: loss=0.8837  epoch=14.1s  data_wait=11.9s  gpu=2.2s
2026-05-08 20:30:47  INFO      Fold 1 ep 223: loss=0.9204  epoch=13.0s  data_wait=10.6s  gpu=2.4s
2026-05-08 20:31:01  INFO      Fold 1 ep 224: loss=0.9153  epoch=14.5s  data_wait=12.2s  gpu=2.3s
2026-05-08 20:31:14  INFO      Fold 1 ep 225: loss=0.9048  epoch=13.1s  data_wait=11.1s  gpu=2.0s
2026-05-08 20:31:17  INFO        [Frag_4              ]  imread image   2.6s  shape=(1468, 425, 474)  1183 MB
2026-05-08 20:31:22  INFO        [Frag_4              ]  imread masks   4.1s
2026-05-08 20:31:23  INFO        [Frag_4              ]  load+combine   8.5s total
2026-05-08 20:31:26  INFO      fold=1 ep=225 loss=0.9048 dice=0.8539 inc=0.837 bone=0.925 molar=0.800 ep_s=13.1 val_s=11.9
2026-05-08 20:31:41  INFO      Fold 1 ep 226: loss=0.8758  epoch=14.2s  data_wait=12.1s  gpu=2.1s
2026-05-08 20:31:55  INFO      Fold 1 ep 227: loss=0.8738  epoch=14.5s  data_wait=12.2s  gpu=2.3s
2026-05-08 20:32:09  INFO      Fold 1 ep 228: loss=0.8797  epoch=13.9s  data_wait=11.7s  gpu=2.2s
2026-05-08 20:32:22  INFO      Fold 1 ep 229: loss=0.9037  epoch=13.0s  data_wait=10.9s  gpu=2.0s
2026-05-08 20:32:35  INFO      Fold 1 ep 230: loss=0.8652  epoch=13.0s  data_wait=10.9s  gpu=2.1s
2026-05-08 20:32:38  INFO        [Frag_4              ]  imread image   2.6s  shape=(1468, 425, 474)  1183 MB
2026-05-08 20:32:43  INFO        [Frag_4              ]  imread masks   4.1s
2026-05-08 20:32:44  INFO        [Frag_4              ]  load+combine   8.6s total
2026-05-08 20:32:47  INFO      fold=1 ep=230 loss=0.8652 dice=0.8458 inc=0.788 bone=0.919 molar=0.830 ep_s=13.0 val_s=12.2
2026-05-08 20:33:02  INFO      Fold 1 ep 231: loss=0.8516  epoch=14.4s  data_wait=12.3s  gpu=2.1s
2026-05-08 20:33:16  INFO      Fold 1 ep 232: loss=0.8400  epoch=14.1s  data_wait=11.7s  gpu=2.4s
2026-05-08 20:33:30  INFO      Fold 1 ep 233: loss=0.8787  epoch=14.0s  data_wait=12.0s  gpu=2.0s
2026-05-08 20:33:44  INFO      Fold 1 ep 234: loss=0.8687  epoch=13.8s  data_wait=11.6s  gpu=2.2s
2026-05-08 20:33:56  INFO      Fold 1 ep 235: loss=0.9173  epoch=12.4s  data_wait=10.1s  gpu=2.3s
2026-05-08 20:33:59  INFO        [Frag_4              ]  imread image   2.6s  shape=(1468, 425, 474)  1183 MB
2026-05-08 20:34:05  INFO        [Frag_4              ]  imread masks   4.4s
2026-05-08 20:34:05  INFO        [Frag_4              ]  load+combine   8.9s total
2026-05-08 20:34:09  INFO      fold=1 ep=235 loss=0.9173 dice=0.8168 inc=0.814 bone=0.898 molar=0.739 ep_s=12.4 val_s=12.3
2026-05-08 20:34:21  INFO      Fold 1 ep 236: loss=0.8379  epoch=12.4s  data_wait=10.1s  gpu=2.2s
2026-05-08 20:34:35  INFO      Fold 1 ep 237: loss=0.8841  epoch=13.6s  data_wait=11.4s  gpu=2.3s
2026-05-08 20:34:49  INFO      Fold 1 ep 238: loss=0.8500  epoch=14.2s  data_wait=12.0s  gpu=2.2s
2026-05-08 20:35:03  INFO      Fold 1 ep 239: loss=0.8656  epoch=14.0s  data_wait=11.8s  gpu=2.1s
2026-05-08 20:35:17  INFO      Fold 1 ep 240: loss=0.8409  epoch=13.8s  data_wait=11.8s  gpu=2.0s
2026-05-08 20:35:19  INFO        [Frag_4              ]  imread image   2.6s  shape=(1468, 425, 474)  1183 MB
2026-05-08 20:35:25  INFO        [Frag_4              ]  imread masks   4.2s
2026-05-08 20:35:25  INFO        [Frag_4              ]  load+combine   8.6s total
2026-05-08 20:35:29  INFO      fold=1 ep=240 loss=0.8409 dice=0.8383 inc=0.788 bone=0.912 molar=0.815 ep_s=13.8 val_s=12.0
2026-05-08 20:35:43  INFO      Fold 1 ep 241: loss=0.8697  epoch=14.1s  data_wait=11.8s  gpu=2.3s
2026-05-08 20:35:57  INFO      Fold 1 ep 242: loss=0.8526  epoch=13.9s  data_wait=11.8s  gpu=2.1s
2026-05-08 20:36:11  INFO      Fold 1 ep 243: loss=0.9502  epoch=14.3s  data_wait=12.1s  gpu=2.2s
2026-05-08 20:36:24  INFO      Fold 1 ep 244: loss=0.8412  epoch=13.2s  data_wait=11.2s  gpu=2.1s
2026-05-08 20:36:37  INFO      Fold 1 ep 245: loss=0.8610  epoch=12.6s  data_wait=10.5s  gpu=2.1s
2026-05-08 20:36:40  INFO        [Frag_4              ]  imread image   2.6s  shape=(1468, 425, 474)  1183 MB
2026-05-08 20:36:45  INFO        [Frag_4              ]  imread masks   4.1s
2026-05-08 20:36:46  INFO        [Frag_4              ]  load+combine   8.5s total
2026-05-08 20:36:49  INFO      fold=1 ep=245 loss=0.8610 dice=0.8633 inc=0.848 bone=0.922 molar=0.820 ep_s=12.6 val_s=12.0
2026-05-08 20:37:03  INFO      Fold 1 ep 246: loss=0.8647  epoch=13.6s  data_wait=11.5s  gpu=2.1s
2026-05-08 20:37:17  INFO      Fold 1 ep 247: loss=0.8643  epoch=14.4s  data_wait=12.1s  gpu=2.3s
2026-05-08 20:37:32  INFO      Fold 1 ep 248: loss=0.8719  epoch=14.2s  data_wait=11.9s  gpu=2.3s
2026-05-08 20:37:45  INFO      Fold 1 ep 249: loss=0.8487  epoch=13.3s  data_wait=11.2s  gpu=2.1s
2026-05-08 20:37:59  INFO      Fold 1 ep 250: loss=0.8118  epoch=13.9s  data_wait=11.8s  gpu=2.1s
2026-05-08 20:38:01  INFO        [Frag_4              ]  imread image   2.6s  shape=(1468, 425, 474)  1183 MB
2026-05-08 20:38:07  INFO        [Frag_4              ]  imread masks   4.5s
2026-05-08 20:38:08  INFO        [Frag_4              ]  load+combine   9.0s total
2026-05-08 20:38:11  INFO      fold=1 ep=250 loss=0.8118 dice=0.8736 inc=0.849 bone=0.922 molar=0.849 ep_s=13.9 val_s=12.4
2026-05-08 20:38:26  INFO      Fold 1 ep 251: loss=0.8734  epoch=14.2s  data_wait=11.9s  gpu=2.3s
2026-05-08 20:38:39  INFO      Fold 1 ep 252: loss=0.8646  epoch=13.3s  data_wait=11.3s  gpu=2.0s
2026-05-08 20:38:53  INFO      Fold 1 ep 253: loss=0.8440  epoch=13.8s  data_wait=11.5s  gpu=2.3s
2026-05-08 20:39:06  INFO      Fold 1 ep 254: loss=0.8638  epoch=13.6s  data_wait=11.2s  gpu=2.4s
2026-05-08 20:39:20  INFO      Fold 1 ep 255: loss=0.8112  epoch=13.9s  data_wait=11.8s  gpu=2.1s
2026-05-08 20:39:23  INFO        [Frag_4              ]  imread image   2.6s  shape=(1468, 425, 474)  1183 MB
2026-05-08 20:39:29  INFO        [Frag_4              ]  imread masks   4.4s
2026-05-08 20:39:29  INFO        [Frag_4              ]  load+combine   8.9s total
2026-05-08 20:39:33  INFO      fold=1 ep=255 loss=0.8112 dice=0.8692 inc=0.844 bone=0.926 molar=0.837 ep_s=13.9 val_s=12.3
2026-05-08 20:39:47  INFO      Fold 1 ep 256: loss=0.8120  epoch=14.6s  data_wait=12.4s  gpu=2.1s
2026-05-08 20:40:01  INFO      Fold 1 ep 257: loss=0.8328  epoch=14.0s  data_wait=11.6s  gpu=2.4s
2026-05-08 20:40:14  INFO      Fold 1 ep 258: loss=0.8322  epoch=12.8s  data_wait=10.7s  gpu=2.2s
2026-05-08 20:40:27  INFO      Fold 1 ep 259: loss=0.8585  epoch=12.9s  data_wait=10.6s  gpu=2.2s
2026-05-08 20:40:41  INFO      Fold 1 ep 260: loss=0.8484  epoch=13.7s  data_wait=11.3s  gpu=2.4s
2026-05-08 20:40:43  INFO        [Frag_4              ]  imread image   2.6s  shape=(1468, 425, 474)  1183 MB
2026-05-08 20:40:49  INFO        [Frag_4              ]  imread masks   4.3s
2026-05-08 20:40:50  INFO        [Frag_4              ]  load+combine   8.8s total
2026-05-08 20:40:53  INFO      fold=1 ep=260 loss=0.8484 dice=0.8725 inc=0.841 bone=0.928 molar=0.849 ep_s=13.7 val_s=12.2
2026-05-08 20:41:07  INFO      Fold 1 ep 261: loss=0.8160  epoch=13.7s  data_wait=11.4s  gpu=2.3s
2026-05-08 20:41:21  INFO      Fold 1 ep 262: loss=0.8203  epoch=14.3s  data_wait=12.2s  gpu=2.0s
2026-05-08 20:41:34  INFO      Fold 1 ep 263: loss=0.8151  epoch=12.4s  data_wait=10.1s  gpu=2.3s
2026-05-08 20:41:47  INFO      Fold 1 ep 264: loss=0.8185  epoch=13.8s  data_wait=11.7s  gpu=2.1s
2026-05-08 20:42:01  INFO      Fold 1 ep 265: loss=0.8243  epoch=13.8s  data_wait=11.6s  gpu=2.1s
2026-05-08 20:42:04  INFO        [Frag_4              ]  imread image   2.6s  shape=(1468, 425, 474)  1183 MB
2026-05-08 20:42:09  INFO        [Frag_4              ]  imread masks   4.2s
2026-05-08 20:42:10  INFO        [Frag_4              ]  load+combine   8.7s total
2026-05-08 20:42:14  INFO      fold=1 ep=265 loss=0.8243 dice=0.8640 inc=0.851 bone=0.918 molar=0.823 ep_s=13.8 val_s=12.4
2026-05-08 20:42:28  INFO      Fold 1 ep 266: loss=0.8236  epoch=14.1s  data_wait=11.7s  gpu=2.5s
2026-05-08 20:42:42  INFO      Fold 1 ep 267: loss=0.8494  epoch=14.3s  data_wait=12.1s  gpu=2.2s
2026-05-08 20:42:57  INFO      Fold 1 ep 268: loss=0.8497  epoch=15.1s  data_wait=12.8s  gpu=2.2s
2026-05-08 20:43:11  INFO      Fold 1 ep 269: loss=0.8347  epoch=14.0s  data_wait=11.9s  gpu=2.1s
2026-05-08 20:43:25  INFO      Fold 1 ep 270: loss=0.8283  epoch=13.9s  data_wait=11.8s  gpu=2.1s
2026-05-08 20:43:28  INFO        [Frag_4              ]  imread image   2.6s  shape=(1468, 425, 474)  1183 MB
2026-05-08 20:43:34  INFO        [Frag_4              ]  imread masks   4.5s
2026-05-08 20:43:34  INFO        [Frag_4              ]  load+combine   9.0s total
2026-05-08 20:43:38  INFO      fold=1 ep=270 loss=0.8283 dice=0.8661 inc=0.847 bone=0.921 molar=0.830 ep_s=13.9 val_s=12.4
2026-05-08 20:43:53  INFO      Fold 1 ep 271: loss=0.8482  epoch=15.0s  data_wait=13.0s  gpu=2.0s
2026-05-08 20:44:07  INFO      Fold 1 ep 272: loss=0.8451  epoch=14.0s  data_wait=11.8s  gpu=2.2s
2026-05-08 20:44:20  INFO      Fold 1 ep 273: loss=0.8264  epoch=13.6s  data_wait=11.6s  gpu=2.0s
2026-05-08 20:44:35  INFO      Fold 1 ep 274: loss=0.8704  epoch=14.3s  data_wait=12.0s  gpu=2.2s
2026-05-08 20:44:48  INFO      Fold 1 ep 275: loss=0.8199  epoch=13.7s  data_wait=11.6s  gpu=2.1s
2026-05-08 20:44:51  INFO        [Frag_4              ]  imread image   2.6s  shape=(1468, 425, 474)  1183 MB
2026-05-08 20:44:57  INFO        [Frag_4              ]  imread masks   4.5s
2026-05-08 20:44:57  INFO        [Frag_4              ]  load+combine   9.1s total
2026-05-08 20:45:01  INFO      fold=1 ep=275 loss=0.8199 dice=0.8709 inc=0.845 bone=0.924 molar=0.843 ep_s=13.7 val_s=12.6
2026-05-08 20:45:16  INFO      Fold 1 ep 276: loss=0.8079  epoch=15.3s  data_wait=13.0s  gpu=2.3s
2026-05-08 20:45:30  INFO      Fold 1 ep 277: loss=0.8297  epoch=13.8s  data_wait=11.5s  gpu=2.3s
2026-05-08 20:45:44  INFO      Fold 1 ep 278: loss=0.8339  epoch=13.9s  data_wait=11.7s  gpu=2.1s
2026-05-08 20:45:57  INFO      Fold 1 ep 279: loss=0.8203  epoch=12.8s  data_wait=10.6s  gpu=2.2s
2026-05-08 20:46:10  INFO      Fold 1 ep 280: loss=0.8266  epoch=13.4s  data_wait=11.3s  gpu=2.1s
2026-05-08 20:46:13  INFO        [Frag_4              ]  imread image   2.6s  shape=(1468, 425, 474)  1183 MB
2026-05-08 20:46:19  INFO        [Frag_4              ]  imread masks   4.5s
2026-05-08 20:46:19  INFO        [Frag_4              ]  load+combine   9.1s total
2026-05-08 20:46:23  INFO      fold=1 ep=280 loss=0.8266 dice=0.8672 inc=0.849 bone=0.924 molar=0.828 ep_s=13.4 val_s=12.6
2026-05-08 20:46:36  INFO      Fold 1 ep 281: loss=0.8319  epoch=13.0s  data_wait=10.8s  gpu=2.2s
2026-05-08 20:46:50  INFO      Fold 1 ep 282: loss=0.8293  epoch=14.1s  data_wait=11.9s  gpu=2.1s
2026-05-08 20:47:04  INFO      Fold 1 ep 283: loss=0.8233  epoch=14.2s  data_wait=12.0s  gpu=2.2s
2026-05-08 20:47:18  INFO      Fold 1 ep 284: loss=0.8294  epoch=13.7s  data_wait=11.4s  gpu=2.2s
2026-05-08 20:47:30  INFO      Fold 1 ep 285: loss=0.8164  epoch=12.2s  data_wait=10.3s  gpu=2.0s
2026-05-08 20:47:33  INFO        [Frag_4              ]  imread image   2.6s  shape=(1468, 425, 474)  1183 MB
2026-05-08 20:47:39  INFO        [Frag_4              ]  imread masks   4.5s
2026-05-08 20:47:39  INFO        [Frag_4              ]  load+combine   9.0s total
2026-05-08 20:47:43  INFO      fold=1 ep=285 loss=0.8164 dice=0.8744 inc=0.852 bone=0.927 molar=0.844 ep_s=12.2 val_s=12.5
2026-05-08 20:47:56  INFO      Fold 1 ep 286: loss=0.8064  epoch=12.9s  data_wait=10.9s  gpu=2.0s
2026-05-08 20:48:10  INFO      Fold 1 ep 287: loss=0.8288  epoch=14.1s  data_wait=11.9s  gpu=2.1s
2026-05-08 20:48:25  INFO      Fold 1 ep 288: loss=0.8501  epoch=14.3s  data_wait=12.1s  gpu=2.2s
2026-05-08 20:48:38  INFO      Fold 1 ep 289: loss=0.8436  epoch=13.8s  data_wait=11.6s  gpu=2.2s
2026-05-08 20:48:53  INFO      Fold 1 ep 290: loss=0.8377  epoch=14.5s  data_wait=12.1s  gpu=2.5s
2026-05-08 20:48:56  INFO        [Frag_4              ]  imread image   2.6s  shape=(1468, 425, 474)  1183 MB
2026-05-08 20:49:02  INFO        [Frag_4              ]  imread masks   4.7s
2026-05-08 20:49:02  INFO        [Frag_4              ]  load+combine   9.2s total
2026-05-08 20:49:06  INFO      fold=1 ep=290 loss=0.8377 dice=0.8740 inc=0.850 bone=0.927 molar=0.845 ep_s=14.5 val_s=12.7
2026-05-08 20:49:20  INFO      Fold 1 ep 291: loss=0.8272  epoch=13.9s  data_wait=11.6s  gpu=2.3s
2026-05-08 20:49:34  INFO      Fold 1 ep 292: loss=0.8576  epoch=14.6s  data_wait=12.2s  gpu=2.4s
2026-05-08 20:49:48  INFO      Fold 1 ep 293: loss=0.7975  epoch=13.4s  data_wait=11.4s  gpu=2.1s
2026-05-08 20:50:02  INFO      Fold 1 ep 294: loss=0.8278  epoch=14.6s  data_wait=12.1s  gpu=2.5s
2026-05-08 20:50:16  INFO      Fold 1 ep 295: loss=0.8213  epoch=14.0s  data_wait=11.8s  gpu=2.2s
2026-05-08 20:50:19  INFO        [Frag_4              ]  imread image   2.6s  shape=(1468, 425, 474)  1183 MB
2026-05-08 20:50:25  INFO        [Frag_4              ]  imread masks   4.6s
2026-05-08 20:50:26  INFO        [Frag_4              ]  load+combine   9.2s total
2026-05-08 20:50:29  INFO      fold=1 ep=295 loss=0.8213 dice=0.8740 inc=0.851 bone=0.926 molar=0.845 ep_s=14.0 val_s=12.6
2026-05-08 20:50:43  INFO      Fold 1 ep 296: loss=0.8441  epoch=13.7s  data_wait=11.5s  gpu=2.2s
2026-05-08 20:50:57  INFO      Fold 1 ep 297: loss=0.8314  epoch=13.9s  data_wait=11.9s  gpu=2.0s
2026-05-08 20:51:11  INFO      Fold 1 ep 298: loss=0.8116  epoch=13.8s  data_wait=11.7s  gpu=2.1s
2026-05-08 20:51:26  INFO      Fold 1 ep 299: loss=0.8504  epoch=15.1s  data_wait=13.0s  gpu=2.1s
2026-05-08 20:51:40  INFO      Fold 1 ep 300: loss=0.8105  epoch=14.2s  data_wait=11.9s  gpu=2.3s
2026-05-08 20:51:43  INFO        [Frag_4              ]  imread image   2.6s  shape=(1468, 425, 474)  1183 MB
2026-05-08 20:51:49  INFO        [Frag_4              ]  imread masks   4.6s
2026-05-08 20:51:49  INFO        [Frag_4              ]  load+combine   9.2s total
2026-05-08 20:51:53  INFO      fold=1 ep=300 loss=0.8105 dice=0.8742 inc=0.851 bone=0.927 molar=0.845 ep_s=14.2 val_s=12.7
2026-05-08 20:51:55  INFO      Fold 2: loading 8 training samples into RAM...
2026-05-08 20:51:56  INFO        Loaded Cont1_5               shape=(1, 1444, 343, 530)  1313 MB  0.9s
2026-05-08 20:51:58  INFO        Loaded Frag_4                shape=(1, 1484, 441, 490)  1603 MB  1.5s
2026-05-08 20:52:00  INFO        Loaded Odam-CRE-B            shape=(1, 1571, 464, 821)  2992 MB  2.0s
2026-05-08 20:52:01  INFO        Loaded Odam-CRE-C            shape=(1, 1353, 406, 820)  2252 MB  1.5s
2026-05-08 20:52:03  INFO        Loaded Odam-CRE-Hifla-A      shape=(1, 1469, 472, 846)  2933 MB  2.0s
2026-05-08 20:52:05  INFO        Loaded Odam-CRE-Hifla-B      shape=(1, 1471, 486, 818)  2924 MB  2.0s
2026-05-08 20:52:07  INFO        Loaded Odam-CRE-Hifla-C      shape=(1, 1630, 434, 752)  2660 MB  1.8s
2026-05-08 20:52:08  INFO        Loaded P27RKO_8um_2K__reoriented  shape=(1, 1550, 245, 672)  1276 MB  0.9s
2026-05-08 20:52:08  INFO      All 8 samples in RAM  total=17953 MB  12.7s
2026-05-08 20:52:08  INFO      Fold 2: dataset ready  items=8  load=12.7s
2026-05-08 20:52:08  INFO      Fold 2: starting fresh | val=Odam-CRE-A | params=4,743,653
2026-05-08 20:52:08  INFO      Fold 2: entering training loop  start_epoch=0
2026-05-08 20:52:11  INFO      Fold 2 ep 1: first batch  wait=3.3s  shape=[48, 1, 96, 96, 96]
2026-05-08 20:52:22  INFO      Fold 2 ep 1: loss=2.3362  epoch=13.8s  data_wait=11.3s  gpu=2.5s
2026-05-08 20:52:35  INFO      Fold 2 ep 2: loss=2.1279  epoch=13.2s  data_wait=11.0s  gpu=2.2s
2026-05-08 20:52:48  INFO      Fold 2 ep 3: loss=2.0385  epoch=12.9s  data_wait=10.7s  gpu=2.2s
2026-05-08 20:53:02  INFO      Fold 2 ep 4: loss=2.0146  epoch=13.6s  data_wait=11.5s  gpu=2.1s
2026-05-08 20:53:15  INFO      Fold 2 ep 5: loss=1.9720  epoch=13.4s  data_wait=11.3s  gpu=2.1s
2026-05-08 20:53:20  INFO        [Odam-CRE-A          ]  imread image   4.9s  shape=(1405, 479, 839)  2259 MB
2026-05-08 20:53:29  INFO        [Odam-CRE-A          ]  imread masks   5.9s
2026-05-08 20:53:30  INFO        [Odam-CRE-A          ]  load+combine   14.7s total
2026-05-08 20:54:24  INFO      fold=2 ep=5 loss=1.9720 dice=0.0115 inc=0.007 bone=0.001 molar=0.027 ep_s=13.4 val_s=69.2
2026-05-08 20:54:38  INFO      Fold 2 ep 6: loss=1.9654  epoch=14.0s  data_wait=11.7s  gpu=2.3s
2026-05-08 20:54:52  INFO      Fold 2 ep 7: loss=1.8909  epoch=13.5s  data_wait=11.3s  gpu=2.2s
2026-05-08 20:55:06  INFO      Fold 2 ep 8: loss=1.9155  epoch=13.6s  data_wait=11.3s  gpu=2.3s
2026-05-08 20:55:20  INFO      Fold 2 ep 9: loss=1.8567  epoch=14.7s  data_wait=12.5s  gpu=2.2s
2026-05-08 20:55:34  INFO      Fold 2 ep 10: loss=1.8182  epoch=13.4s  data_wait=10.9s  gpu=2.5s
2026-05-08 20:55:38  INFO        [Odam-CRE-A          ]  imread image   4.5s  shape=(1405, 479, 839)  2259 MB
2026-05-08 20:55:56  INFO        [Odam-CRE-A          ]  imread masks   14.0s
2026-05-08 20:55:57  INFO        [Odam-CRE-A          ]  load+combine   23.2s total
2026-05-08 20:57:50  INFO      fold=2 ep=10 loss=1.8182 dice=0.0100 inc=0.003 bone=0.000 molar=0.027 ep_s=13.4 val_s=136.8
2026-05-08 20:58:14  INFO      Fold 2 ep 11: loss=1.8727  epoch=22.9s  data_wait=10.6s  gpu=12.3s
2026-05-08 20:58:31  INFO      Fold 2 ep 12: loss=1.8687  epoch=16.8s  data_wait=5.4s  gpu=11.4s
2026-05-08 20:58:46  INFO      Fold 2 ep 13: loss=1.8414  epoch=14.9s  data_wait=3.5s  gpu=11.5s
2026-05-08 20:59:02  INFO      Fold 2 ep 14: loss=1.8371  epoch=16.6s  data_wait=5.1s  gpu=11.5s
2026-05-08 20:59:19  INFO      Fold 2 ep 15: loss=1.8008  epoch=17.2s  data_wait=5.8s  gpu=11.5s
2026-05-08 20:59:26  INFO        [Odam-CRE-A          ]  imread image   6.3s  shape=(1405, 479, 839)  2259 MB
2026-05-08 20:59:38  INFO        [Odam-CRE-A          ]  imread masks   6.1s
2026-05-08 20:59:39  INFO        [Odam-CRE-A          ]  load+combine   19.1s total
2026-05-08 21:00:12  INFO      fold=2 ep=15 loss=1.8008 dice=0.0105 inc=0.002 bone=0.002 molar=0.028 ep_s=17.2 val_s=52.9
2026-05-08 21:00:27  INFO      Fold 2 ep 16: loss=1.8098  epoch=14.4s  data_wait=12.2s  gpu=2.3s
2026-05-08 21:00:40  INFO      Fold 2 ep 17: loss=1.8122  epoch=13.4s  data_wait=11.3s  gpu=2.1s
2026-05-08 21:00:56  INFO      Fold 2 ep 18: loss=1.8007  epoch=15.5s  data_wait=13.0s  gpu=2.5s
2026-05-08 21:01:09  INFO      Fold 2 ep 19: loss=1.7696  epoch=13.4s  data_wait=11.2s  gpu=2.3s
2026-05-08 21:01:23  INFO      Fold 2 ep 20: loss=1.7478  epoch=14.0s  data_wait=11.5s  gpu=2.4s
2026-05-08 21:01:29  INFO        [Odam-CRE-A          ]  imread image   5.2s  shape=(1405, 479, 839)  2259 MB
2026-05-08 21:01:38  INFO        [Odam-CRE-A          ]  imread masks   6.0s
2026-05-08 21:01:39  INFO        [Odam-CRE-A          ]  load+combine   15.7s total
2026-05-08 21:02:17  INFO      fold=2 ep=20 loss=1.7478 dice=0.0101 inc=0.000 bone=0.001 molar=0.029 ep_s=14.0 val_s=54.1
2026-05-08 21:02:40  INFO      Fold 2 ep 21: loss=1.8259  epoch=22.4s  data_wait=3.5s  gpu=18.8s
2026-05-08 21:03:00  INFO      Fold 2 ep 22: loss=1.7820  epoch=19.9s  data_wait=3.6s  gpu=16.3s
2026-05-08 21:03:20  INFO      Fold 2 ep 23: loss=1.7628  epoch=19.8s  data_wait=3.5s  gpu=16.3s
2026-05-08 21:03:40  INFO      Fold 2 ep 24: loss=1.7740  epoch=20.8s  data_wait=4.4s  gpu=16.4s
2026-05-08 21:04:01  INFO      Fold 2 ep 25: loss=1.7516  epoch=20.1s  data_wait=3.8s  gpu=16.3s
2026-05-08 21:04:04  INFO        [Odam-CRE-A          ]  imread image   3.8s  shape=(1405, 479, 839)  2259 MB
2026-05-08 21:04:14  INFO        [Odam-CRE-A          ]  imread masks   6.1s
2026-05-08 21:04:14  INFO        [Odam-CRE-A          ]  load+combine   13.8s total
2026-05-08 21:04:46  INFO      fold=2 ep=25 loss=1.7516 dice=0.0406 inc=0.009 bone=0.071 molar=0.042 ep_s=20.1 val_s=45.7
2026-05-08 21:05:00  INFO      Fold 2 ep 26: loss=1.7267  epoch=13.1s  data_wait=10.9s  gpu=2.2s
2026-05-08 21:05:14  INFO      Fold 2 ep 27: loss=1.6997  epoch=14.0s  data_wait=11.7s  gpu=2.3s
2026-05-08 21:05:27  INFO      Fold 2 ep 28: loss=1.7322  epoch=13.8s  data_wait=11.4s  gpu=2.3s
2026-05-08 21:05:41  INFO      Fold 2 ep 29: loss=1.6831  epoch=13.9s  data_wait=11.6s  gpu=2.3s
2026-05-08 21:05:55  INFO      Fold 2 ep 30: loss=1.7045  epoch=13.2s  data_wait=11.1s  gpu=2.1s
2026-05-08 21:05:59  INFO        [Odam-CRE-A          ]  imread image   3.9s  shape=(1405, 479, 839)  2259 MB
2026-05-08 21:06:08  INFO        [Odam-CRE-A          ]  imread masks   6.1s
2026-05-08 21:06:09  INFO        [Odam-CRE-A          ]  load+combine   14.1s total
2026-05-08 21:06:46  INFO      fold=2 ep=30 loss=1.7045 dice=0.1006 inc=0.038 bone=0.191 molar=0.072 ep_s=13.2 val_s=51.6
2026-05-08 21:07:09  INFO      Fold 2 ep 31: loss=1.6614  epoch=22.8s  data_wait=3.9s  gpu=18.8s
2026-05-08 21:07:29  INFO      Fold 2 ep 32: loss=1.6661  epoch=19.8s  data_wait=3.3s  gpu=16.4s
2026-05-08 21:07:49  INFO      Fold 2 ep 33: loss=1.6726  epoch=19.8s  data_wait=3.6s  gpu=16.3s
2026-05-08 21:08:10  INFO      Fold 2 ep 34: loss=1.6671  epoch=20.5s  data_wait=4.2s  gpu=16.3s
2026-05-08 21:08:30  INFO      Fold 2 ep 35: loss=1.6417  epoch=20.2s  data_wait=4.0s  gpu=16.2s
2026-05-08 21:08:34  INFO        [Odam-CRE-A          ]  imread image   3.9s  shape=(1405, 479, 839)  2259 MB
2026-05-08 21:08:43  INFO        [Odam-CRE-A          ]  imread masks   6.1s
2026-05-08 21:08:44  INFO        [Odam-CRE-A          ]  load+combine   13.9s total
2026-05-08 21:09:15  INFO      fold=2 ep=35 loss=1.6417 dice=0.1363 inc=0.017 bone=0.289 molar=0.102 ep_s=20.2 val_s=45.4
2026-05-08 21:09:29  INFO      Fold 2 ep 36: loss=1.6980  epoch=13.6s  data_wait=11.3s  gpu=2.4s
2026-05-08 21:09:43  INFO      Fold 2 ep 37: loss=1.6228  epoch=14.0s  data_wait=11.8s  gpu=2.2s
2026-05-08 21:09:58  INFO      Fold 2 ep 38: loss=1.6423  epoch=14.3s  data_wait=12.0s  gpu=2.3s
2026-05-08 21:10:12  INFO      Fold 2 ep 39: loss=1.6328  epoch=14.9s  data_wait=12.6s  gpu=2.2s
2026-05-08 21:10:26  INFO      Fold 2 ep 40: loss=1.6176  epoch=13.4s  data_wait=11.3s  gpu=2.1s
2026-05-08 21:10:30  INFO        [Odam-CRE-A          ]  imread image   3.8s  shape=(1405, 479, 839)  2259 MB
2026-05-08 21:10:39  INFO        [Odam-CRE-A          ]  imread masks   6.5s
2026-05-08 21:10:40  INFO        [Odam-CRE-A          ]  load+combine   14.3s total
2026-05-08 21:11:17  INFO      fold=2 ep=40 loss=1.6176 dice=0.1853 inc=0.045 bone=0.348 molar=0.164 ep_s=13.4 val_s=50.7
2026-05-08 21:11:39  INFO      Fold 2 ep 41: loss=1.6373  epoch=21.9s  data_wait=3.0s  gpu=18.9s
2026-05-08 21:12:00  INFO      Fold 2 ep 42: loss=1.5914  epoch=20.9s  data_wait=4.4s  gpu=16.4s
2026-05-08 21:12:21  INFO      Fold 2 ep 43: loss=1.6124  epoch=21.6s  data_wait=5.2s  gpu=16.4s
2026-05-08 21:12:42  INFO      Fold 2 ep 44: loss=1.5830  epoch=21.1s  data_wait=4.8s  gpu=16.4s
2026-05-08 21:13:03  INFO      Fold 2 ep 45: loss=1.5910  epoch=20.9s  data_wait=4.6s  gpu=16.3s
2026-05-08 21:13:07  INFO        [Odam-CRE-A          ]  imread image   3.8s  shape=(1405, 479, 839)  2259 MB
2026-05-08 21:13:17  INFO        [Odam-CRE-A          ]  imread masks   6.2s
2026-05-08 21:13:17  INFO        [Odam-CRE-A          ]  load+combine   14.0s total
2026-05-08 21:13:49  INFO      fold=2 ep=45 loss=1.5910 dice=0.1824 inc=0.080 bone=0.279 molar=0.188 ep_s=20.9 val_s=45.4
2026-05-08 21:14:03  INFO      Fold 2 ep 46: loss=1.5752  epoch=13.8s  data_wait=11.7s  gpu=2.1s
2026-05-08 21:14:16  INFO      Fold 2 ep 47: loss=1.5642  epoch=13.6s  data_wait=11.6s  gpu=2.0s
2026-05-08 21:14:30  INFO      Fold 2 ep 48: loss=1.5629  epoch=14.1s  data_wait=11.9s  gpu=2.2s
2026-05-08 21:14:44  INFO      Fold 2 ep 49: loss=1.5569  epoch=14.0s  data_wait=11.8s  gpu=2.1s
2026-05-08 21:14:58  INFO      Fold 2 ep 50: loss=1.5722  epoch=14.2s  data_wait=12.0s  gpu=2.2s
2026-05-08 21:15:02  INFO        [Odam-CRE-A          ]  imread image   3.8s  shape=(1405, 479, 839)  2259 MB
2026-05-08 21:15:12  INFO        [Odam-CRE-A          ]  imread masks   6.7s
2026-05-08 21:15:13  INFO        [Odam-CRE-A          ]  load+combine   14.4s total
2026-05-08 21:15:49  INFO      fold=2 ep=50 loss=1.5722 dice=0.2913 inc=0.233 bone=0.441 molar=0.199 ep_s=14.2 val_s=50.8
2026-05-08 21:16:12  INFO      Fold 2 ep 51: loss=1.5164  epoch=22.4s  data_wait=3.5s  gpu=18.9s
2026-05-08 21:16:32  INFO      Fold 2 ep 52: loss=1.5649  epoch=19.9s  data_wait=3.6s  gpu=16.3s
2026-05-08 21:16:52  INFO      Fold 2 ep 53: loss=1.5660  epoch=20.5s  data_wait=4.1s  gpu=16.4s
2026-05-08 21:17:12  INFO      Fold 2 ep 54: loss=1.5157  epoch=19.9s  data_wait=3.7s  gpu=16.3s
2026-05-08 21:17:32  INFO      Fold 2 ep 55: loss=1.5546  epoch=19.7s  data_wait=3.5s  gpu=16.2s
2026-05-08 21:17:36  INFO        [Odam-CRE-A          ]  imread image   3.9s  shape=(1405, 479, 839)  2259 MB
2026-05-08 21:17:46  INFO        [Odam-CRE-A          ]  imread masks   6.0s
2026-05-08 21:17:46  INFO        [Odam-CRE-A          ]  load+combine   14.2s total
2026-05-08 21:18:18  INFO      fold=2 ep=55 loss=1.5546 dice=0.3374 inc=0.131 bone=0.669 molar=0.213 ep_s=19.7 val_s=45.8
2026-05-08 21:18:32  INFO      Fold 2 ep 56: loss=1.5735  epoch=13.8s  data_wait=11.5s  gpu=2.3s
2026-05-08 21:18:45  INFO      Fold 2 ep 57: loss=1.5390  epoch=12.7s  data_wait=10.5s  gpu=2.1s
2026-05-08 21:18:59  INFO      Fold 2 ep 58: loss=1.5321  epoch=14.2s  data_wait=12.1s  gpu=2.1s
2026-05-08 21:19:15  INFO      Fold 2 ep 59: loss=1.5001  epoch=16.1s  data_wait=13.6s  gpu=2.5s
2026-05-08 21:19:31  INFO      Fold 2 ep 60: loss=1.5562  epoch=15.7s  data_wait=13.3s  gpu=2.4s
2026-05-08 21:19:35  INFO        [Odam-CRE-A          ]  imread image   3.8s  shape=(1405, 479, 839)  2259 MB
2026-05-08 21:19:44  INFO        [Odam-CRE-A          ]  imread masks   6.1s
2026-05-08 21:19:45  INFO        [Odam-CRE-A          ]  load+combine   13.9s total
2026-05-08 21:20:21  INFO      fold=2 ep=60 loss=1.5562 dice=0.3468 inc=0.095 bone=0.687 molar=0.259 ep_s=15.7 val_s=49.7
2026-05-08 21:20:43  INFO      Fold 2 ep 61: loss=1.4972  epoch=21.8s  data_wait=3.1s  gpu=18.7s
2026-05-08 21:21:03  INFO      Fold 2 ep 62: loss=1.5272  epoch=20.4s  data_wait=4.1s  gpu=16.3s
2026-05-08 21:21:24  INFO      Fold 2 ep 63: loss=1.5252  epoch=20.6s  data_wait=4.2s  gpu=16.4s
2026-05-08 21:21:44  INFO      Fold 2 ep 64: loss=1.5164  epoch=20.2s  data_wait=3.9s  gpu=16.3s
2026-05-08 21:22:04  INFO      Fold 2 ep 65: loss=1.4900  epoch=20.3s  data_wait=4.1s  gpu=16.2s
2026-05-08 21:22:08  INFO        [Odam-CRE-A          ]  imread image   3.8s  shape=(1405, 479, 839)  2259 MB
2026-05-08 21:22:17  INFO        [Odam-CRE-A          ]  imread masks   6.2s
2026-05-08 21:22:18  INFO        [Odam-CRE-A          ]  load+combine   13.9s total
2026-05-08 21:22:50  INFO      fold=2 ep=65 loss=1.4900 dice=0.3604 inc=0.159 bone=0.660 molar=0.262 ep_s=20.3 val_s=45.3
2026-05-08 21:23:04  INFO      Fold 2 ep 66: loss=1.5084  epoch=14.5s  data_wait=12.3s  gpu=2.2s
2026-05-08 21:23:18  INFO      Fold 2 ep 67: loss=1.4931  epoch=13.6s  data_wait=11.3s  gpu=2.3s
2026-05-08 21:23:31  INFO      Fold 2 ep 68: loss=1.5700  epoch=13.6s  data_wait=11.5s  gpu=2.1s
2026-05-08 21:23:45  INFO      Fold 2 ep 69: loss=1.5544  epoch=13.7s  data_wait=11.6s  gpu=2.1s
2026-05-08 21:24:00  INFO      Fold 2 ep 70: loss=1.4931  epoch=14.5s  data_wait=12.3s  gpu=2.2s
2026-05-08 21:24:04  INFO        [Odam-CRE-A          ]  imread image   3.8s  shape=(1405, 479, 839)  2259 MB
2026-05-08 21:24:13  INFO        [Odam-CRE-A          ]  imread masks   6.4s
2026-05-08 21:24:14  INFO        [Odam-CRE-A          ]  load+combine   14.4s total
2026-05-08 21:24:50  INFO      fold=2 ep=70 loss=1.4931 dice=0.3440 inc=0.185 bone=0.611 molar=0.236 ep_s=14.5 val_s=50.6
2026-05-08 21:25:13  INFO      Fold 2 ep 71: loss=1.5170  epoch=22.6s  data_wait=3.8s  gpu=18.9s
2026-05-08 21:25:34  INFO      Fold 2 ep 72: loss=1.4942  epoch=20.7s  data_wait=4.4s  gpu=16.3s
2026-05-08 21:25:54  INFO      Fold 2 ep 73: loss=1.4954  epoch=19.9s  data_wait=3.7s  gpu=16.3s
2026-05-08 21:26:14  INFO      Fold 2 ep 74: loss=1.4910  epoch=20.4s  data_wait=4.1s  gpu=16.3s
2026-05-08 21:26:34  INFO      Fold 2 ep 75: loss=1.4986  epoch=19.9s  data_wait=3.7s  gpu=16.2s
2026-05-08 21:26:38  INFO        [Odam-CRE-A          ]  imread image   3.9s  shape=(1405, 479, 839)  2259 MB
2026-05-08 21:26:47  INFO        [Odam-CRE-A          ]  imread masks   6.2s
2026-05-08 21:26:48  INFO        [Odam-CRE-A          ]  load+combine   13.9s total
2026-05-08 21:27:20  INFO      fold=2 ep=75 loss=1.4986 dice=0.3569 inc=0.201 bone=0.671 molar=0.199 ep_s=19.9 val_s=45.4
2026-05-08 21:27:33  INFO      Fold 2 ep 76: loss=1.4672  epoch=13.2s  data_wait=11.0s  gpu=2.2s
2026-05-08 21:27:48  INFO      Fold 2 ep 77: loss=1.4740  epoch=15.2s  data_wait=13.0s  gpu=2.2s
2026-05-08 21:28:02  INFO      Fold 2 ep 78: loss=1.4778  epoch=13.7s  data_wait=11.4s  gpu=2.3s
2026-05-08 21:28:16  INFO      Fold 2 ep 79: loss=1.4444  epoch=13.8s  data_wait=11.5s  gpu=2.4s
2026-05-08 21:28:30  INFO      Fold 2 ep 80: loss=1.4162  epoch=14.4s  data_wait=12.1s  gpu=2.3s
2026-05-08 21:28:34  INFO        [Odam-CRE-A          ]  imread image   3.8s  shape=(1405, 479, 839)  2259 MB
2026-05-08 21:28:43  INFO        [Odam-CRE-A          ]  imread masks   5.9s
2026-05-08 21:28:44  INFO        [Odam-CRE-A          ]  load+combine   13.6s total
2026-05-08 21:29:20  INFO      fold=2 ep=80 loss=1.4162 dice=0.4381 inc=0.299 bone=0.706 molar=0.309 ep_s=14.4 val_s=49.7
2026-05-08 21:29:42  INFO      Fold 2 ep 81: loss=1.4821  epoch=21.9s  data_wait=3.1s  gpu=18.8s
2026-05-08 21:30:02  INFO      Fold 2 ep 82: loss=1.4544  epoch=20.0s  data_wait=3.8s  gpu=16.2s
2026-05-08 21:30:23  INFO      Fold 2 ep 83: loss=1.4498  epoch=20.6s  data_wait=4.4s  gpu=16.2s
2026-05-08 21:30:43  INFO      Fold 2 ep 84: loss=1.4257  epoch=20.5s  data_wait=4.0s  gpu=16.5s
2026-05-08 21:31:04  INFO      Fold 2 ep 85: loss=1.4427  epoch=20.9s  data_wait=4.5s  gpu=16.3s
2026-05-08 21:31:08  INFO        [Odam-CRE-A          ]  imread image   3.8s  shape=(1405, 479, 839)  2259 MB
2026-05-08 21:31:17  INFO        [Odam-CRE-A          ]  imread masks   6.2s
2026-05-08 21:31:18  INFO        [Odam-CRE-A          ]  load+combine   14.0s total
2026-05-08 21:31:50  INFO      fold=2 ep=85 loss=1.4427 dice=0.4806 inc=0.331 bone=0.755 molar=0.356 ep_s=20.9 val_s=45.4
2026-05-08 21:32:04  INFO      Fold 2 ep 86: loss=1.3880  epoch=14.0s  data_wait=11.8s  gpu=2.2s
2026-05-08 21:32:18  INFO      Fold 2 ep 87: loss=1.4411  epoch=14.2s  data_wait=11.6s  gpu=2.5s
2026-05-08 21:32:31  INFO      Fold 2 ep 88: loss=1.4387  epoch=13.4s  data_wait=11.3s  gpu=2.2s
2026-05-08 21:32:45  INFO      Fold 2 ep 89: loss=1.4224  epoch=13.6s  data_wait=11.4s  gpu=2.2s
2026-05-08 21:32:59  INFO      Fold 2 ep 90: loss=1.4218  epoch=14.4s  data_wait=12.3s  gpu=2.1s
2026-05-08 21:33:03  INFO        [Odam-CRE-A          ]  imread image   3.8s  shape=(1405, 479, 839)  2259 MB
2026-05-08 21:33:13  INFO        [Odam-CRE-A          ]  imread masks   6.2s
2026-05-08 21:33:14  INFO        [Odam-CRE-A          ]  load+combine   14.1s total
2026-05-08 21:33:50  INFO      fold=2 ep=90 loss=1.4218 dice=0.4955 inc=0.426 bone=0.722 molar=0.339 ep_s=14.4 val_s=50.2
2026-05-08 21:34:12  INFO      Fold 2 ep 91: loss=1.4149  epoch=22.2s  data_wait=3.3s  gpu=18.8s
2026-05-08 21:34:34  INFO      Fold 2 ep 92: loss=1.4355  epoch=21.4s  data_wait=5.1s  gpu=16.3s
2026-05-08 21:34:54  INFO      Fold 2 ep 93: loss=1.3997  epoch=20.1s  data_wait=3.8s  gpu=16.3s
2026-05-08 21:35:14  INFO      Fold 2 ep 94: loss=1.3971  epoch=20.7s  data_wait=4.4s  gpu=16.3s
2026-05-08 21:35:35  INFO      Fold 2 ep 95: loss=1.4198  epoch=20.6s  data_wait=4.2s  gpu=16.3s
2026-05-08 21:35:39  INFO        [Odam-CRE-A          ]  imread image   3.8s  shape=(1405, 479, 839)  2259 MB
2026-05-08 21:35:48  INFO        [Odam-CRE-A          ]  imread masks   6.2s
2026-05-08 21:35:49  INFO        [Odam-CRE-A          ]  load+combine   13.9s total
2026-05-08 21:36:20  INFO      fold=2 ep=95 loss=1.4198 dice=0.4521 inc=0.326 bone=0.694 molar=0.337 ep_s=20.6 val_s=45.1
2026-05-08 21:36:35  INFO      Fold 2 ep 96: loss=1.4228  epoch=14.3s  data_wait=11.9s  gpu=2.4s
2026-05-08 21:36:49  INFO      Fold 2 ep 97: loss=1.3921  epoch=14.3s  data_wait=12.1s  gpu=2.2s
2026-05-08 21:37:03  INFO      Fold 2 ep 98: loss=1.3687  epoch=14.5s  data_wait=12.1s  gpu=2.4s
2026-05-08 21:37:17  INFO      Fold 2 ep 99: loss=1.3499  epoch=13.9s  data_wait=11.7s  gpu=2.2s
2026-05-08 21:37:31  INFO      Fold 2 ep 100: loss=1.4267  epoch=14.1s  data_wait=12.0s  gpu=2.1s
2026-05-08 21:37:35  INFO        [Odam-CRE-A          ]  imread image   3.9s  shape=(1405, 479, 839)  2259 MB
2026-05-08 21:37:45  INFO        [Odam-CRE-A          ]  imread masks   6.2s
2026-05-08 21:37:45  INFO        [Odam-CRE-A          ]  load+combine   13.9s total
2026-05-08 21:38:22  INFO      fold=2 ep=100 loss=1.4267 dice=0.3683 inc=0.112 bone=0.684 molar=0.310 ep_s=14.1 val_s=50.1
2026-05-08 21:38:44  INFO      Fold 2 ep 101: loss=1.3723  epoch=22.7s  data_wait=3.7s  gpu=18.9s
2026-05-08 21:39:05  INFO      Fold 2 ep 102: loss=1.3616  epoch=20.2s  data_wait=3.9s  gpu=16.3s
2026-05-08 21:39:26  INFO      Fold 2 ep 103: loss=1.3724  epoch=20.9s  data_wait=4.4s  gpu=16.5s
2026-05-08 21:39:46  INFO      Fold 2 ep 104: loss=1.3767  epoch=20.4s  data_wait=4.0s  gpu=16.4s
2026-05-08 21:40:06  INFO      Fold 2 ep 105: loss=1.4204  epoch=19.7s  data_wait=3.4s  gpu=16.3s
2026-05-08 21:40:09  INFO        [Odam-CRE-A          ]  imread image   3.8s  shape=(1405, 479, 839)  2259 MB
2026-05-08 21:40:19  INFO        [Odam-CRE-A          ]  imread masks   6.1s
2026-05-08 21:40:19  INFO        [Odam-CRE-A          ]  load+combine   13.7s total
2026-05-08 21:40:51  INFO      fold=2 ep=105 loss=1.4204 dice=0.5168 inc=0.289 bone=0.851 molar=0.411 ep_s=19.7 val_s=44.9
2026-05-08 21:41:05  INFO      Fold 2 ep 106: loss=1.3645  epoch=14.3s  data_wait=12.0s  gpu=2.3s
2026-05-08 21:41:20  INFO      Fold 2 ep 107: loss=1.3435  epoch=15.0s  data_wait=12.7s  gpu=2.3s
2026-05-08 21:41:34  INFO      Fold 2 ep 108: loss=1.3022  epoch=13.6s  data_wait=11.5s  gpu=2.1s
2026-05-08 21:41:49  INFO      Fold 2 ep 109: loss=1.3511  epoch=15.1s  data_wait=12.6s  gpu=2.5s
2026-05-08 21:42:03  INFO      Fold 2 ep 110: loss=1.3092  epoch=13.8s  data_wait=11.6s  gpu=2.3s
2026-05-08 21:42:07  INFO        [Odam-CRE-A          ]  imread image   3.9s  shape=(1405, 479, 839)  2259 MB
2026-05-08 21:42:16  INFO        [Odam-CRE-A          ]  imread masks   6.4s
2026-05-08 21:42:17  INFO        [Odam-CRE-A          ]  load+combine   14.1s total
2026-05-08 21:42:53  INFO      fold=2 ep=110 loss=1.3092 dice=0.6126 inc=0.594 bone=0.786 molar=0.458 ep_s=13.8 val_s=50.3
2026-05-08 21:43:16  INFO      Fold 2 ep 111: loss=1.3398  epoch=22.7s  data_wait=3.9s  gpu=18.8s
2026-05-08 21:43:38  INFO      Fold 2 ep 112: loss=1.3275  epoch=21.5s  data_wait=5.1s  gpu=16.4s
2026-05-08 21:43:57  INFO      Fold 2 ep 113: loss=1.3306  epoch=19.7s  data_wait=3.4s  gpu=16.3s
2026-05-08 21:44:18  INFO      Fold 2 ep 114: loss=1.3764  epoch=20.7s  data_wait=4.3s  gpu=16.4s
2026-05-08 21:44:38  INFO      Fold 2 ep 115: loss=1.3578  epoch=20.5s  data_wait=4.2s  gpu=16.3s
2026-05-08 21:44:42  INFO        [Odam-CRE-A          ]  imread image   3.7s  shape=(1405, 479, 839)  2259 MB
2026-05-08 21:44:51  INFO        [Odam-CRE-A          ]  imread masks   6.0s
2026-05-08 21:44:52  INFO        [Odam-CRE-A          ]  load+combine   13.6s total
2026-05-08 21:45:24  INFO      fold=2 ep=115 loss=1.3578 dice=0.5934 inc=0.535 bone=0.829 molar=0.417 ep_s=20.5 val_s=45.0
2026-05-08 21:45:38  INFO      Fold 2 ep 116: loss=1.3834  epoch=14.6s  data_wait=12.4s  gpu=2.2s
2026-05-08 21:45:52  INFO      Fold 2 ep 117: loss=1.2775  epoch=13.7s  data_wait=11.2s  gpu=2.4s
2026-05-08 21:46:05  INFO      Fold 2 ep 118: loss=1.3242  epoch=12.8s  data_wait=10.7s  gpu=2.1s
2026-05-08 21:46:19  INFO      Fold 2 ep 119: loss=1.3228  epoch=13.8s  data_wait=11.3s  gpu=2.5s
2026-05-08 21:46:32  INFO      Fold 2 ep 120: loss=1.2886  epoch=13.5s  data_wait=11.2s  gpu=2.3s
2026-05-08 21:46:36  INFO        [Odam-CRE-A          ]  imread image   3.8s  shape=(1405, 479, 839)  2259 MB
2026-05-08 21:46:45  INFO        [Odam-CRE-A          ]  imread masks   6.2s
2026-05-08 21:46:46  INFO        [Odam-CRE-A          ]  load+combine   13.9s total
2026-05-08 21:47:22  INFO      fold=2 ep=120 loss=1.2886 dice=0.6164 inc=0.586 bone=0.844 molar=0.419 ep_s=13.5 val_s=50.0
2026-05-08 21:47:45  INFO      Fold 2 ep 121: loss=1.2751  epoch=22.2s  data_wait=3.3s  gpu=18.9s
2026-05-08 21:48:05  INFO      Fold 2 ep 122: loss=1.2264  epoch=20.3s  data_wait=4.0s  gpu=16.3s
2026-05-08 21:48:25  INFO      Fold 2 ep 123: loss=1.2347  epoch=19.7s  data_wait=3.3s  gpu=16.3s
2026-05-08 21:48:45  INFO      Fold 2 ep 124: loss=1.2791  epoch=20.4s  data_wait=4.1s  gpu=16.3s
2026-05-08 21:49:06  INFO      Fold 2 ep 125: loss=1.2686  epoch=21.1s  data_wait=4.7s  gpu=16.4s
2026-05-08 21:49:10  INFO        [Odam-CRE-A          ]  imread image   3.8s  shape=(1405, 479, 839)  2259 MB
2026-05-08 21:49:19  INFO        [Odam-CRE-A          ]  imread masks   6.2s
2026-05-08 21:49:20  INFO        [Odam-CRE-A          ]  load+combine   13.7s total
2026-05-08 21:49:51  INFO      fold=2 ep=125 loss=1.2686 dice=0.6785 inc=0.696 bone=0.824 molar=0.515 ep_s=21.1 val_s=44.9
2026-05-08 21:50:05  INFO      Fold 2 ep 126: loss=1.2033  epoch=13.6s  data_wait=11.6s  gpu=2.1s
2026-05-08 21:50:19  INFO      Fold 2 ep 127: loss=1.2238  epoch=13.8s  data_wait=11.5s  gpu=2.3s
2026-05-08 21:50:32  INFO      Fold 2 ep 128: loss=1.1631  epoch=13.2s  data_wait=11.0s  gpu=2.2s
2026-05-08 21:50:47  INFO      Fold 2 ep 129: loss=1.2056  epoch=14.5s  data_wait=12.2s  gpu=2.3s
2026-05-08 21:51:01  INFO      Fold 2 ep 130: loss=1.1742  epoch=14.2s  data_wait=12.0s  gpu=2.2s
2026-05-08 21:51:05  INFO        [Odam-CRE-A          ]  imread image   3.8s  shape=(1405, 479, 839)  2259 MB
2026-05-08 21:51:14  INFO        [Odam-CRE-A          ]  imread masks   6.2s
2026-05-08 21:51:15  INFO        [Odam-CRE-A          ]  load+combine   13.9s total
2026-05-08 21:51:51  INFO      fold=2 ep=130 loss=1.1742 dice=0.6541 inc=0.673 bone=0.822 molar=0.468 ep_s=14.2 val_s=49.9
2026-05-08 21:52:13  INFO      Fold 2 ep 131: loss=1.2102  epoch=22.2s  data_wait=3.4s  gpu=18.8s
2026-05-08 21:52:34  INFO      Fold 2 ep 132: loss=1.2103  epoch=20.9s  data_wait=4.6s  gpu=16.3s
2026-05-08 21:52:54  INFO      Fold 2 ep 133: loss=1.2206  epoch=19.9s  data_wait=3.7s  gpu=16.3s
2026-05-08 21:53:15  INFO      Fold 2 ep 134: loss=1.2101  epoch=20.7s  data_wait=4.3s  gpu=16.4s
2026-05-08 21:53:34  INFO      Fold 2 ep 135: loss=1.2261  epoch=19.6s  data_wait=3.3s  gpu=16.3s
2026-05-08 21:53:38  INFO        [Odam-CRE-A          ]  imread image   3.8s  shape=(1405, 479, 839)  2259 MB
2026-05-08 21:53:48  INFO        [Odam-CRE-A          ]  imread masks   6.1s
2026-05-08 21:53:49  INFO        [Odam-CRE-A          ]  load+combine   14.3s total
2026-05-08 21:54:20  INFO      fold=2 ep=135 loss=1.2261 dice=0.6379 inc=0.704 bone=0.798 molar=0.413 ep_s=19.6 val_s=45.6
2026-05-08 21:54:34  INFO      Fold 2 ep 136: loss=1.1883  epoch=14.2s  data_wait=12.0s  gpu=2.2s
2026-05-08 21:54:49  INFO      Fold 2 ep 137: loss=1.2503  epoch=14.9s  data_wait=12.6s  gpu=2.3s
2026-05-08 21:55:04  INFO      Fold 2 ep 138: loss=1.1843  epoch=14.7s  data_wait=12.5s  gpu=2.2s
2026-05-08 21:55:17  INFO      Fold 2 ep 139: loss=1.2884  epoch=12.9s  data_wait=10.5s  gpu=2.4s
2026-05-08 21:55:31  INFO      Fold 2 ep 140: loss=1.2662  epoch=13.9s  data_wait=11.8s  gpu=2.1s
2026-05-08 21:55:35  INFO        [Odam-CRE-A          ]  imread image   3.8s  shape=(1405, 479, 839)  2259 MB
2026-05-08 21:55:44  INFO        [Odam-CRE-A          ]  imread masks   5.9s
2026-05-08 21:55:44  INFO        [Odam-CRE-A          ]  load+combine   13.4s total
2026-05-08 21:56:20  INFO      fold=2 ep=140 loss=1.2662 dice=0.5881 inc=0.444 bone=0.855 molar=0.465 ep_s=13.9 val_s=49.5
2026-05-08 21:56:43  INFO      Fold 2 ep 141: loss=1.2754  epoch=22.8s  data_wait=3.9s  gpu=18.9s
2026-05-08 21:57:04  INFO      Fold 2 ep 142: loss=1.1294  epoch=20.9s  data_wait=4.5s  gpu=16.5s
2026-05-08 21:57:25  INFO      Fold 2 ep 143: loss=1.1874  epoch=20.5s  data_wait=4.3s  gpu=16.3s
2026-05-08 21:57:45  INFO      Fold 2 ep 144: loss=1.1913  epoch=20.2s  data_wait=3.9s  gpu=16.3s
2026-05-08 21:58:06  INFO      Fold 2 ep 145: loss=1.1753  epoch=21.1s  data_wait=4.7s  gpu=16.4s
2026-05-08 21:58:10  INFO        [Odam-CRE-A          ]  imread image   3.6s  shape=(1405, 479, 839)  2259 MB
2026-05-08 21:58:18  INFO        [Odam-CRE-A          ]  imread masks   5.2s
2026-05-08 21:58:19  INFO        [Odam-CRE-A          ]  load+combine   12.8s total
2026-05-08 21:58:50  INFO      fold=2 ep=145 loss=1.1753 dice=0.7010 inc=0.738 bone=0.835 molar=0.530 ep_s=21.1 val_s=43.9
2026-05-08 21:59:05  INFO      Fold 2 ep 146: loss=1.1805  epoch=14.7s  data_wait=12.5s  gpu=2.2s
2026-05-08 21:59:19  INFO      Fold 2 ep 147: loss=1.1899  epoch=13.6s  data_wait=11.3s  gpu=2.3s
2026-05-08 21:59:34  INFO      Fold 2 ep 148: loss=1.1680  epoch=15.0s  data_wait=12.8s  gpu=2.2s
2026-05-08 21:59:49  INFO      Fold 2 ep 149: loss=1.1671  epoch=15.0s  data_wait=12.8s  gpu=2.2s
2026-05-08 22:00:03  INFO      Fold 2 ep 150: loss=1.2439  epoch=14.2s  data_wait=11.9s  gpu=2.3s
2026-05-08 22:00:06  INFO        [Odam-CRE-A          ]  imread image   3.5s  shape=(1405, 479, 839)  2259 MB
2026-05-08 22:00:15  INFO        [Odam-CRE-A          ]  imread masks   5.4s
2026-05-08 22:00:16  INFO        [Odam-CRE-A          ]  load+combine   13.2s total
2026-05-08 22:00:52  INFO      fold=2 ep=150 loss=1.2439 dice=0.6842 inc=0.651 bone=0.871 molar=0.531 ep_s=14.2 val_s=49.2
2026-05-08 22:01:14  INFO      Fold 2 ep 151: loss=1.1633  epoch=22.1s  data_wait=3.3s  gpu=18.8s
2026-05-08 22:01:34  INFO      Fold 2 ep 152: loss=1.1121  epoch=20.1s  data_wait=3.8s  gpu=16.3s
2026-05-08 22:01:55  INFO      Fold 2 ep 153: loss=1.0948  epoch=20.5s  data_wait=4.1s  gpu=16.4s
2026-05-08 22:02:16  INFO      Fold 2 ep 154: loss=1.1121  epoch=20.7s  data_wait=4.4s  gpu=16.3s
2026-05-08 22:02:36  INFO      Fold 2 ep 155: loss=1.0852  epoch=20.3s  data_wait=4.0s  gpu=16.3s
2026-05-08 22:02:40  INFO        [Odam-CRE-A          ]  imread image   3.6s  shape=(1405, 479, 839)  2259 MB
2026-05-08 22:02:49  INFO        [Odam-CRE-A          ]  imread masks   5.8s
2026-05-08 22:02:50  INFO        [Odam-CRE-A          ]  load+combine   13.7s total
2026-05-08 22:03:21  INFO      fold=2 ep=155 loss=1.0852 dice=0.7710 inc=0.783 bone=0.884 molar=0.646 ep_s=20.3 val_s=44.8
2026-05-08 22:03:35  INFO      Fold 2 ep 156: loss=1.0716  epoch=14.0s  data_wait=11.7s  gpu=2.2s
2026-05-08 22:03:49  INFO      Fold 2 ep 157: loss=1.1365  epoch=14.1s  data_wait=11.8s  gpu=2.3s
2026-05-08 22:04:03  INFO      Fold 2 ep 158: loss=1.0830  epoch=14.1s  data_wait=12.0s  gpu=2.1s
2026-05-08 22:04:19  INFO      Fold 2 ep 159: loss=1.0597  epoch=15.6s  data_wait=13.3s  gpu=2.3s
2026-05-08 22:04:33  INFO      Fold 2 ep 160: loss=1.0469  epoch=14.6s  data_wait=12.5s  gpu=2.1s
2026-05-08 22:04:37  INFO        [Odam-CRE-A          ]  imread image   3.7s  shape=(1405, 479, 839)  2259 MB
2026-05-08 22:04:45  INFO        [Odam-CRE-A          ]  imread masks   5.0s
2026-05-08 22:04:46  INFO        [Odam-CRE-A          ]  load+combine   12.7s total
2026-05-08 22:05:22  INFO      fold=2 ep=160 loss=1.0469 dice=0.7684 inc=0.795 bone=0.866 molar=0.644 ep_s=14.6 val_s=48.7
2026-05-08 22:05:45  INFO      Fold 2 ep 161: loss=1.0672  epoch=22.4s  data_wait=3.6s  gpu=18.9s
2026-05-08 22:06:05  INFO      Fold 2 ep 162: loss=1.1134  epoch=20.8s  data_wait=4.3s  gpu=16.5s
2026-05-08 22:06:26  INFO      Fold 2 ep 163: loss=1.0715  epoch=20.2s  data_wait=3.9s  gpu=16.3s
2026-05-08 22:06:46  INFO      Fold 2 ep 164: loss=1.0476  epoch=20.1s  data_wait=3.8s  gpu=16.3s
2026-05-08 22:07:06  INFO      Fold 2 ep 165: loss=1.0490  epoch=20.6s  data_wait=4.2s  gpu=16.4s
2026-05-08 22:07:10  INFO        [Odam-CRE-A          ]  imread image   3.6s  shape=(1405, 479, 839)  2259 MB
2026-05-08 22:07:19  INFO        [Odam-CRE-A          ]  imread masks   6.0s
2026-05-08 22:07:20  INFO        [Odam-CRE-A          ]  load+combine   13.6s total
2026-05-08 22:07:51  INFO      fold=2 ep=165 loss=1.0490 dice=0.7610 inc=0.782 bone=0.857 molar=0.645 ep_s=20.6 val_s=44.8
2026-05-08 22:08:05  INFO      Fold 2 ep 166: loss=1.0275  epoch=13.7s  data_wait=11.4s  gpu=2.2s
2026-05-08 22:08:19  INFO      Fold 2 ep 167: loss=1.1762  epoch=14.0s  data_wait=11.6s  gpu=2.4s
2026-05-08 22:08:33  INFO      Fold 2 ep 168: loss=1.1380  epoch=13.5s  data_wait=11.3s  gpu=2.2s
2026-05-08 22:08:47  INFO      Fold 2 ep 169: loss=1.3229  epoch=14.3s  data_wait=11.9s  gpu=2.4s
2026-05-08 22:09:00  INFO      Fold 2 ep 170: loss=1.1659  epoch=13.6s  data_wait=11.3s  gpu=2.3s
2026-05-08 22:09:04  INFO        [Odam-CRE-A          ]  imread image   3.8s  shape=(1405, 479, 839)  2259 MB
2026-05-08 22:09:15  INFO        [Odam-CRE-A          ]  imread masks   6.6s
2026-05-08 22:09:16  INFO        [Odam-CRE-A          ]  load+combine   15.1s total
2026-05-08 22:09:52  INFO      fold=2 ep=170 loss=1.1659 dice=0.6610 inc=0.539 bone=0.895 molar=0.549 ep_s=13.6 val_s=51.3
2026-05-08 22:10:14  INFO      Fold 2 ep 171: loss=1.1636  epoch=22.3s  data_wait=3.4s  gpu=18.9s
2026-05-08 22:10:35  INFO      Fold 2 ep 172: loss=1.2921  epoch=20.4s  data_wait=4.1s  gpu=16.3s
2026-05-08 22:10:54  INFO      Fold 2 ep 173: loss=1.2096  epoch=19.7s  data_wait=3.4s  gpu=16.3s
2026-05-08 22:11:15  INFO      Fold 2 ep 174: loss=1.0779  epoch=20.6s  data_wait=4.4s  gpu=16.3s
2026-05-08 22:11:35  INFO      Fold 2 ep 175: loss=1.0940  epoch=19.6s  data_wait=3.4s  gpu=16.3s
2026-05-08 22:11:38  INFO        [Odam-CRE-A          ]  imread image   3.8s  shape=(1405, 479, 839)  2259 MB
2026-05-08 22:11:47  INFO        [Odam-CRE-A          ]  imread masks   5.5s
2026-05-08 22:11:48  INFO        [Odam-CRE-A          ]  load+combine   13.2s total
2026-05-08 22:12:19  INFO      fold=2 ep=175 loss=1.0940 dice=0.7212 inc=0.823 bone=0.806 molar=0.535 ep_s=19.6 val_s=44.6
2026-05-08 22:12:32  INFO      Fold 2 ep 176: loss=1.0919  epoch=13.1s  data_wait=11.0s  gpu=2.1s
2026-05-08 22:12:46  INFO      Fold 2 ep 177: loss=1.0410  epoch=14.1s  data_wait=11.8s  gpu=2.2s
2026-05-08 22:13:01  INFO      Fold 2 ep 178: loss=1.0224  epoch=14.3s  data_wait=12.1s  gpu=2.2s
2026-05-08 22:13:15  INFO      Fold 2 ep 179: loss=1.0346  epoch=14.7s  data_wait=12.3s  gpu=2.4s
2026-05-08 22:13:30  INFO      Fold 2 ep 180: loss=0.9918  epoch=14.5s  data_wait=12.2s  gpu=2.4s
2026-05-08 22:13:34  INFO        [Odam-CRE-A          ]  imread image   3.8s  shape=(1405, 479, 839)  2259 MB
2026-05-08 22:13:44  INFO        [Odam-CRE-A          ]  imread masks   6.6s
2026-05-08 22:13:45  INFO        [Odam-CRE-A          ]  load+combine   14.6s total
2026-05-08 22:14:21  INFO      fold=2 ep=180 loss=0.9918 dice=0.7726 inc=0.839 bone=0.849 molar=0.630 ep_s=14.5 val_s=50.7
2026-05-08 22:14:43  INFO      Fold 2 ep 181: loss=0.9892  epoch=21.9s  data_wait=3.1s  gpu=18.8s
2026-05-08 22:15:03  INFO      Fold 2 ep 182: loss=1.0049  epoch=19.8s  data_wait=3.6s  gpu=16.3s
2026-05-08 22:15:24  INFO      Fold 2 ep 183: loss=0.9927  epoch=21.3s  data_wait=4.7s  gpu=16.6s
2026-05-08 22:15:45  INFO      Fold 2 ep 184: loss=1.0067  epoch=20.8s  data_wait=4.5s  gpu=16.3s
2026-05-08 22:16:06  INFO      Fold 2 ep 185: loss=0.9896  epoch=21.0s  data_wait=4.5s  gpu=16.5s
2026-05-08 22:16:10  INFO        [Odam-CRE-A          ]  imread image   3.8s  shape=(1405, 479, 839)  2259 MB
2026-05-08 22:16:25  INFO        [Odam-CRE-A          ]  imread masks   5.9s
2026-05-08 22:16:26  INFO        [Odam-CRE-A          ]  load+combine   19.9s total
2026-05-08 22:16:57  INFO      fold=2 ep=185 loss=0.9896 dice=0.7975 inc=0.808 bone=0.884 molar=0.701 ep_s=21.0 val_s=51.1
2026-05-08 22:17:10  INFO      Fold 2 ep 186: loss=0.9561  epoch=13.1s  data_wait=10.9s  gpu=2.2s
2026-05-08 22:17:24  INFO      Fold 2 ep 187: loss=1.0014  epoch=14.0s  data_wait=11.8s  gpu=2.2s
2026-05-08 22:17:38  INFO      Fold 2 ep 188: loss=1.0587  epoch=13.2s  data_wait=10.9s  gpu=2.3s
2026-05-08 22:17:52  INFO      Fold 2 ep 189: loss=1.0894  epoch=14.4s  data_wait=12.2s  gpu=2.2s
2026-05-08 22:18:05  INFO      Fold 2 ep 190: loss=1.0788  epoch=12.6s  data_wait=10.3s  gpu=2.3s
2026-05-08 22:18:09  INFO        [Odam-CRE-A          ]  imread image   3.8s  shape=(1405, 479, 839)  2259 MB
2026-05-08 22:18:17  INFO        [Odam-CRE-A          ]  imread masks   5.7s
2026-05-08 22:18:18  INFO        [Odam-CRE-A          ]  load+combine   13.2s total
2026-05-08 22:18:54  INFO      fold=2 ep=190 loss=1.0788 dice=0.7461 inc=0.787 bone=0.849 molar=0.602 ep_s=12.6 val_s=49.0
2026-05-08 22:19:17  INFO      Fold 2 ep 191: loss=0.9794  epoch=22.6s  data_wait=3.7s  gpu=18.9s
2026-05-08 22:19:36  INFO      Fold 2 ep 192: loss=0.9554  epoch=19.9s  data_wait=3.6s  gpu=16.3s
2026-05-08 22:19:56  INFO      Fold 2 ep 193: loss=1.0356  epoch=19.9s  data_wait=3.6s  gpu=16.2s
2026-05-08 22:20:17  INFO      Fold 2 ep 194: loss=1.0214  epoch=20.4s  data_wait=4.0s  gpu=16.3s
2026-05-08 22:20:37  INFO      Fold 2 ep 195: loss=1.0092  epoch=20.3s  data_wait=4.0s  gpu=16.3s
2026-05-08 22:20:41  INFO        [Odam-CRE-A          ]  imread image   3.8s  shape=(1405, 479, 839)  2259 MB
2026-05-08 22:20:50  INFO        [Odam-CRE-A          ]  imread masks   5.8s
2026-05-08 22:20:51  INFO        [Odam-CRE-A          ]  load+combine   13.7s total
2026-05-08 22:21:22  INFO      fold=2 ep=195 loss=1.0092 dice=0.7966 inc=0.830 bone=0.898 molar=0.662 ep_s=20.3 val_s=45.1
2026-05-08 22:21:36  INFO      Fold 2 ep 196: loss=1.0850  epoch=14.1s  data_wait=11.8s  gpu=2.3s
2026-05-08 22:21:49  INFO      Fold 2 ep 197: loss=0.9795  epoch=12.6s  data_wait=10.5s  gpu=2.1s
2026-05-08 22:22:03  INFO      Fold 2 ep 198: loss=0.9927  epoch=14.3s  data_wait=11.9s  gpu=2.4s
2026-05-08 22:22:17  INFO      Fold 2 ep 199: loss=0.9490  epoch=13.7s  data_wait=11.6s  gpu=2.1s
2026-05-08 22:22:31  INFO      Fold 2 ep 200: loss=0.9603  epoch=13.8s  data_wait=11.6s  gpu=2.2s
2026-05-08 22:22:35  INFO        [Odam-CRE-A          ]  imread image   3.9s  shape=(1405, 479, 839)  2259 MB
2026-05-08 22:22:48  INFO        [Odam-CRE-A          ]  imread masks   6.1s
2026-05-08 22:22:48  INFO        [Odam-CRE-A          ]  load+combine   17.6s total
2026-05-08 22:23:25  INFO      fold=2 ep=200 loss=0.9603 dice=0.8294 inc=0.856 bone=0.885 molar=0.748 ep_s=13.8 val_s=53.8
2026-05-08 22:23:47  INFO      Fold 2 ep 201: loss=0.9943  epoch=22.0s  data_wait=3.3s  gpu=18.8s
2026-05-08 22:24:07  INFO      Fold 2 ep 202: loss=0.9746  epoch=20.5s  data_wait=4.3s  gpu=16.2s
2026-05-08 22:24:28  INFO      Fold 2 ep 203: loss=1.0613  epoch=20.5s  data_wait=4.3s  gpu=16.2s
2026-05-08 22:24:49  INFO      Fold 2 ep 204: loss=0.9839  epoch=20.7s  data_wait=4.5s  gpu=16.3s
2026-05-08 22:25:09  INFO      Fold 2 ep 205: loss=0.9916  epoch=20.8s  data_wait=4.5s  gpu=16.2s
2026-05-08 22:25:13  INFO        [Odam-CRE-A          ]  imread image   3.7s  shape=(1405, 479, 839)  2259 MB
2026-05-08 22:25:22  INFO        [Odam-CRE-A          ]  imread masks   5.9s
2026-05-08 22:25:23  INFO        [Odam-CRE-A          ]  load+combine   13.3s total
2026-05-08 22:25:54  INFO      fold=2 ep=205 loss=0.9916 dice=0.8274 inc=0.850 bone=0.887 molar=0.746 ep_s=20.8 val_s=44.4
2026-05-08 22:26:09  INFO      Fold 2 ep 206: loss=0.9675  epoch=14.5s  data_wait=12.3s  gpu=2.2s
2026-05-08 22:26:21  INFO      Fold 2 ep 207: loss=0.9334  epoch=12.4s  data_wait=10.2s  gpu=2.2s
2026-05-08 22:26:35  INFO      Fold 2 ep 208: loss=0.9156  epoch=14.1s  data_wait=11.6s  gpu=2.4s
2026-05-08 22:26:49  INFO      Fold 2 ep 209: loss=0.9021  epoch=14.3s  data_wait=12.1s  gpu=2.2s
2026-05-08 22:27:03  INFO      Fold 2 ep 210: loss=0.9002  epoch=13.9s  data_wait=11.6s  gpu=2.3s
2026-05-08 22:27:07  INFO        [Odam-CRE-A          ]  imread image   3.8s  shape=(1405, 479, 839)  2259 MB
2026-05-08 22:27:16  INFO        [Odam-CRE-A          ]  imread masks   6.2s
2026-05-08 22:27:17  INFO        [Odam-CRE-A          ]  load+combine   13.7s total
2026-05-08 22:27:53  INFO      fold=2 ep=210 loss=0.9002 dice=0.8374 inc=0.850 bone=0.879 molar=0.783 ep_s=13.9 val_s=49.8
2026-05-08 22:28:15  INFO      Fold 2 ep 211: loss=0.9299  epoch=22.0s  data_wait=3.1s  gpu=18.9s
2026-05-08 22:28:36  INFO      Fold 2 ep 212: loss=0.8868  epoch=20.4s  data_wait=4.2s  gpu=16.3s
2026-05-08 22:28:57  INFO      Fold 2 ep 213: loss=0.9017  epoch=21.1s  data_wait=4.7s  gpu=16.5s
2026-05-08 22:29:17  INFO      Fold 2 ep 214: loss=0.9460  epoch=20.1s  data_wait=3.8s  gpu=16.3s
2026-05-08 22:29:38  INFO      Fold 2 ep 215: loss=0.9417  epoch=20.5s  data_wait=4.3s  gpu=16.3s
2026-05-08 22:29:41  INFO        [Odam-CRE-A          ]  imread image   3.9s  shape=(1405, 479, 839)  2259 MB
2026-05-08 22:29:51  INFO        [Odam-CRE-A          ]  imread masks   6.3s
2026-05-08 22:29:52  INFO        [Odam-CRE-A          ]  load+combine   14.3s total
2026-05-08 22:30:23  INFO      fold=2 ep=215 loss=0.9417 dice=0.8417 inc=0.882 bone=0.900 molar=0.743 ep_s=20.5 val_s=45.7
2026-05-08 22:30:37  INFO      Fold 2 ep 216: loss=0.9535  epoch=13.5s  data_wait=11.2s  gpu=2.2s
2026-05-08 22:30:50  INFO      Fold 2 ep 217: loss=0.9080  epoch=13.3s  data_wait=11.2s  gpu=2.1s
2026-05-08 22:31:05  INFO      Fold 2 ep 218: loss=0.8881  epoch=14.1s  data_wait=11.7s  gpu=2.4s
2026-05-08 22:31:18  INFO      Fold 2 ep 219: loss=0.8760  epoch=13.2s  data_wait=11.0s  gpu=2.2s
2026-05-08 22:31:31  INFO      Fold 2 ep 220: loss=0.9228  epoch=13.1s  data_wait=10.6s  gpu=2.5s
2026-05-08 22:31:35  INFO        [Odam-CRE-A          ]  imread image   3.8s  shape=(1405, 479, 839)  2259 MB
2026-05-08 22:31:44  INFO        [Odam-CRE-A          ]  imread masks   6.1s
2026-05-08 22:31:45  INFO        [Odam-CRE-A          ]  load+combine   14.1s total
2026-05-08 22:32:21  INFO      fold=2 ep=220 loss=0.9228 dice=0.8530 inc=0.891 bone=0.897 molar=0.771 ep_s=13.1 val_s=50.3
2026-05-08 22:32:43  INFO      Fold 2 ep 221: loss=0.9478  epoch=21.3s  data_wait=2.6s  gpu=18.7s
2026-05-08 22:33:03  INFO      Fold 2 ep 222: loss=0.8644  epoch=20.6s  data_wait=4.2s  gpu=16.4s
2026-05-08 22:33:23  INFO      Fold 2 ep 223: loss=0.9373  epoch=19.2s  data_wait=2.9s  gpu=16.2s
2026-05-08 22:33:43  INFO      Fold 2 ep 224: loss=0.8811  epoch=20.5s  data_wait=4.1s  gpu=16.3s
2026-05-08 22:34:03  INFO      Fold 2 ep 225: loss=0.8870  epoch=20.0s  data_wait=3.8s  gpu=16.2s
2026-05-08 22:34:07  INFO        [Odam-CRE-A          ]  imread image   3.8s  shape=(1405, 479, 839)  2259 MB
2026-05-08 22:34:16  INFO        [Odam-CRE-A          ]  imread masks   6.0s
2026-05-08 22:34:17  INFO        [Odam-CRE-A          ]  load+combine   13.6s total
2026-05-08 22:34:48  INFO      fold=2 ep=225 loss=0.8870 dice=0.8461 inc=0.876 bone=0.899 molar=0.764 ep_s=20.0 val_s=44.7
2026-05-08 22:35:02  INFO      Fold 2 ep 226: loss=0.8712  epoch=14.6s  data_wait=12.3s  gpu=2.2s
2026-05-08 22:35:17  INFO      Fold 2 ep 227: loss=0.8561  epoch=14.5s  data_wait=12.4s  gpu=2.1s
2026-05-08 22:35:31  INFO      Fold 2 ep 228: loss=0.8619  epoch=14.2s  data_wait=11.8s  gpu=2.4s
2026-05-08 22:35:44  INFO      Fold 2 ep 229: loss=0.8766  epoch=13.3s  data_wait=11.2s  gpu=2.1s
2026-05-08 22:35:58  INFO      Fold 2 ep 230: loss=0.8519  epoch=13.7s  data_wait=11.4s  gpu=2.3s
2026-05-08 22:36:02  INFO        [Odam-CRE-A          ]  imread image   3.8s  shape=(1405, 479, 839)  2259 MB
2026-05-08 22:36:11  INFO        [Odam-CRE-A          ]  imread masks   6.1s
2026-05-08 22:36:12  INFO        [Odam-CRE-A          ]  load+combine   13.8s total
2026-05-08 22:36:48  INFO      fold=2 ep=230 loss=0.8519 dice=0.8316 inc=0.857 bone=0.883 molar=0.755 ep_s=13.7 val_s=50.1
2026-05-08 22:37:11  INFO      Fold 2 ep 231: loss=0.8277  epoch=22.7s  data_wait=3.8s  gpu=18.9s
2026-05-08 22:37:32  INFO      Fold 2 ep 232: loss=0.8453  epoch=20.6s  data_wait=4.3s  gpu=16.3s
2026-05-08 22:37:52  INFO      Fold 2 ep 233: loss=0.8705  epoch=20.7s  data_wait=4.3s  gpu=16.4s
2026-05-08 22:38:13  INFO      Fold 2 ep 234: loss=0.8613  epoch=20.6s  data_wait=4.3s  gpu=16.3s
2026-05-08 22:38:33  INFO      Fold 2 ep 235: loss=0.9111  epoch=20.4s  data_wait=4.2s  gpu=16.2s
2026-05-08 22:38:37  INFO        [Odam-CRE-A          ]  imread image   3.8s  shape=(1405, 479, 839)  2259 MB
2026-05-08 22:38:47  INFO        [Odam-CRE-A          ]  imread masks   6.0s
2026-05-08 22:38:48  INFO        [Odam-CRE-A          ]  load+combine   14.0s total
2026-05-08 22:39:19  INFO      fold=2 ep=235 loss=0.9111 dice=0.8371 inc=0.866 bone=0.894 molar=0.751 ep_s=20.4 val_s=45.3
2026-05-08 22:39:32  INFO      Fold 2 ep 236: loss=0.8466  epoch=13.0s  data_wait=10.7s  gpu=2.3s
2026-05-08 22:39:47  INFO      Fold 2 ep 237: loss=0.9197  epoch=14.7s  data_wait=12.5s  gpu=2.2s
2026-05-08 22:40:02  INFO      Fold 2 ep 238: loss=0.8722  epoch=14.9s  data_wait=12.6s  gpu=2.3s
2026-05-08 22:40:15  INFO      Fold 2 ep 239: loss=0.8892  epoch=13.8s  data_wait=11.6s  gpu=2.2s
2026-05-08 22:40:29  INFO      Fold 2 ep 240: loss=0.8496  epoch=13.1s  data_wait=10.9s  gpu=2.2s
2026-05-08 22:40:32  INFO        [Odam-CRE-A          ]  imread image   3.9s  shape=(1405, 479, 839)  2259 MB
2026-05-08 22:40:42  INFO        [Odam-CRE-A          ]  imread masks   6.2s
2026-05-08 22:40:43  INFO        [Odam-CRE-A          ]  load+combine   14.0s total
2026-05-08 22:41:19  INFO      fold=2 ep=240 loss=0.8496 dice=0.8544 inc=0.871 bone=0.898 molar=0.794 ep_s=13.1 val_s=50.1
2026-05-08 22:41:41  INFO      Fold 2 ep 241: loss=0.8455  epoch=22.3s  data_wait=3.5s  gpu=18.8s
2026-05-08 22:42:01  INFO      Fold 2 ep 242: loss=0.8249  epoch=20.2s  data_wait=3.9s  gpu=16.2s
2026-05-08 22:42:22  INFO      Fold 2 ep 243: loss=0.8855  epoch=20.9s  data_wait=4.6s  gpu=16.3s
2026-05-08 22:42:42  INFO      Fold 2 ep 244: loss=0.8203  epoch=19.8s  data_wait=3.5s  gpu=16.3s
2026-05-08 22:43:02  INFO      Fold 2 ep 245: loss=0.8441  epoch=20.1s  data_wait=3.8s  gpu=16.3s
2026-05-08 22:43:06  INFO        [Odam-CRE-A          ]  imread image   3.8s  shape=(1405, 479, 839)  2259 MB
2026-05-08 22:43:15  INFO        [Odam-CRE-A          ]  imread masks   6.0s
2026-05-08 22:43:16  INFO        [Odam-CRE-A          ]  load+combine   13.3s total
2026-05-08 22:43:47  INFO      fold=2 ep=245 loss=0.8441 dice=0.8613 inc=0.892 bone=0.902 molar=0.789 ep_s=20.1 val_s=44.3
2026-05-08 22:44:00  INFO      Fold 2 ep 246: loss=0.8386  epoch=13.1s  data_wait=10.9s  gpu=2.3s
2026-05-08 22:44:14  INFO      Fold 2 ep 247: loss=0.8713  epoch=13.8s  data_wait=11.5s  gpu=2.2s
2026-05-08 22:44:29  INFO      Fold 2 ep 248: loss=0.8733  epoch=14.9s  data_wait=12.7s  gpu=2.2s
2026-05-08 22:44:43  INFO      Fold 2 ep 249: loss=0.8490  epoch=13.9s  data_wait=11.6s  gpu=2.2s
2026-05-08 22:44:57  INFO      Fold 2 ep 250: loss=0.8066  epoch=14.1s  data_wait=11.8s  gpu=2.3s
2026-05-08 22:45:01  INFO        [Odam-CRE-A          ]  imread image   3.8s  shape=(1405, 479, 839)  2259 MB
2026-05-08 22:45:10  INFO        [Odam-CRE-A          ]  imread masks   6.1s
2026-05-08 22:45:10  INFO        [Odam-CRE-A          ]  load+combine   13.6s total
2026-05-08 22:45:47  INFO      fold=2 ep=250 loss=0.8066 dice=0.8682 inc=0.895 bone=0.906 molar=0.803 ep_s=14.1 val_s=50.0
2026-05-08 22:46:10  INFO      Fold 2 ep 251: loss=0.8673  epoch=22.7s  data_wait=3.9s  gpu=18.8s
2026-05-08 22:46:30  INFO      Fold 2 ep 252: loss=0.8591  epoch=20.4s  data_wait=4.1s  gpu=16.3s
2026-05-08 22:46:50  INFO      Fold 2 ep 253: loss=0.8217  epoch=20.2s  data_wait=3.9s  gpu=16.3s
2026-05-08 22:47:11  INFO      Fold 2 ep 254: loss=0.8522  epoch=20.3s  data_wait=4.1s  gpu=16.3s
2026-05-08 22:47:31  INFO      Fold 2 ep 255: loss=0.7894  epoch=20.0s  data_wait=3.7s  gpu=16.3s
2026-05-08 22:47:35  INFO        [Odam-CRE-A          ]  imread image   3.8s  shape=(1405, 479, 839)  2259 MB
2026-05-08 22:47:49  INFO        [Odam-CRE-A          ]  imread masks   6.2s
2026-05-08 22:47:49  INFO        [Odam-CRE-A          ]  load+combine   18.6s total
2026-05-08 22:48:20  INFO      fold=2 ep=255 loss=0.7894 dice=0.8641 inc=0.886 bone=0.905 molar=0.802 ep_s=20.0 val_s=49.5
2026-05-08 22:48:35  INFO      Fold 2 ep 256: loss=0.7980  epoch=14.8s  data_wait=12.4s  gpu=2.3s
2026-05-08 22:48:50  INFO      Fold 2 ep 257: loss=0.8220  epoch=14.4s  data_wait=12.2s  gpu=2.2s
2026-05-08 22:49:02  INFO      Fold 2 ep 258: loss=0.8198  epoch=12.5s  data_wait=10.5s  gpu=2.1s
2026-05-08 22:49:15  INFO      Fold 2 ep 259: loss=0.8577  epoch=13.3s  data_wait=10.9s  gpu=2.4s
2026-05-08 22:49:29  INFO      Fold 2 ep 260: loss=0.8384  epoch=14.1s  data_wait=11.9s  gpu=2.2s
2026-05-08 22:49:33  INFO        [Odam-CRE-A          ]  imread image   3.8s  shape=(1405, 479, 839)  2259 MB
2026-05-08 22:49:42  INFO        [Odam-CRE-A          ]  imread masks   5.7s
2026-05-08 22:49:43  INFO        [Odam-CRE-A          ]  load+combine   13.2s total
2026-05-08 22:50:19  INFO      fold=2 ep=260 loss=0.8384 dice=0.8673 inc=0.890 bone=0.906 molar=0.806 ep_s=14.1 val_s=49.2
2026-05-08 22:50:40  INFO      Fold 2 ep 261: loss=0.7949  epoch=21.5s  data_wait=2.8s  gpu=18.7s
2026-05-08 22:51:00  INFO      Fold 2 ep 262: loss=0.7987  epoch=19.7s  data_wait=3.4s  gpu=16.3s
2026-05-08 22:51:20  INFO      Fold 2 ep 263: loss=0.7965  epoch=19.6s  data_wait=3.4s  gpu=16.2s
2026-05-08 22:51:39  INFO      Fold 2 ep 264: loss=0.8073  epoch=19.7s  data_wait=3.4s  gpu=16.3s
2026-05-08 22:51:59  INFO      Fold 2 ep 265: loss=0.8229  epoch=19.8s  data_wait=3.5s  gpu=16.3s
2026-05-08 22:52:03  INFO        [Odam-CRE-A          ]  imread image   3.8s  shape=(1405, 479, 839)  2259 MB
2026-05-08 22:52:13  INFO        [Odam-CRE-A          ]  imread masks   6.5s
2026-05-08 22:52:13  INFO        [Odam-CRE-A          ]  load+combine   14.1s total
2026-05-08 22:52:45  INFO      fold=2 ep=265 loss=0.8229 dice=0.8555 inc=0.895 bone=0.901 molar=0.770 ep_s=19.8 val_s=45.4
2026-05-08 22:52:59  INFO      Fold 2 ep 266: loss=0.8071  epoch=13.9s  data_wait=11.6s  gpu=2.3s
2026-05-08 22:53:13  INFO      Fold 2 ep 267: loss=0.8435  epoch=14.0s  data_wait=11.6s  gpu=2.4s
2026-05-08 22:53:28  INFO      Fold 2 ep 268: loss=0.8380  epoch=15.0s  data_wait=12.5s  gpu=2.5s
2026-05-08 22:53:41  INFO      Fold 2 ep 269: loss=0.8209  epoch=13.6s  data_wait=11.3s  gpu=2.3s
2026-05-08 22:53:56  INFO      Fold 2 ep 270: loss=0.8143  epoch=14.2s  data_wait=11.7s  gpu=2.5s
2026-05-08 22:53:59  INFO        [Odam-CRE-A          ]  imread image   3.8s  shape=(1405, 479, 839)  2259 MB
2026-05-08 22:54:13  INFO        [Odam-CRE-A          ]  imread masks   5.9s
2026-05-08 22:54:14  INFO        [Odam-CRE-A          ]  load+combine   18.6s total
2026-05-08 22:54:50  INFO      fold=2 ep=270 loss=0.8143 dice=0.8735 inc=0.905 bone=0.908 molar=0.808 ep_s=14.2 val_s=54.5
2026-05-08 22:55:12  INFO      Fold 2 ep 271: loss=0.8220  epoch=22.0s  data_wait=3.1s  gpu=18.9s
2026-05-08 22:55:33  INFO      Fold 2 ep 272: loss=0.8361  epoch=20.4s  data_wait=4.2s  gpu=16.2s
2026-05-08 22:55:53  INFO      Fold 2 ep 273: loss=0.8149  epoch=19.8s  data_wait=3.6s  gpu=16.2s
2026-05-08 22:56:13  INFO      Fold 2 ep 274: loss=0.8482  epoch=20.5s  data_wait=4.3s  gpu=16.2s
2026-05-08 22:56:33  INFO      Fold 2 ep 275: loss=0.7998  epoch=19.8s  data_wait=3.6s  gpu=16.2s
2026-05-08 22:56:37  INFO        [Odam-CRE-A          ]  imread image   3.8s  shape=(1405, 479, 839)  2259 MB
2026-05-08 22:56:46  INFO        [Odam-CRE-A          ]  imread masks   6.1s
2026-05-08 22:56:46  INFO        [Odam-CRE-A          ]  load+combine   13.4s total
2026-05-08 22:57:18  INFO      fold=2 ep=275 loss=0.7998 dice=0.8737 inc=0.901 bone=0.910 molar=0.810 ep_s=19.8 val_s=44.4
2026-05-08 22:57:33  INFO      Fold 2 ep 276: loss=0.8042  epoch=15.0s  data_wait=12.7s  gpu=2.2s
2026-05-08 22:57:47  INFO      Fold 2 ep 277: loss=0.8236  epoch=13.8s  data_wait=11.5s  gpu=2.3s
2026-05-08 22:58:01  INFO      Fold 2 ep 278: loss=0.8240  epoch=14.1s  data_wait=11.6s  gpu=2.4s
2026-05-08 22:58:13  INFO      Fold 2 ep 279: loss=0.8120  epoch=12.8s  data_wait=10.6s  gpu=2.2s
2026-05-08 22:58:27  INFO      Fold 2 ep 280: loss=0.8043  epoch=13.6s  data_wait=11.5s  gpu=2.1s
2026-05-08 22:58:31  INFO        [Odam-CRE-A          ]  imread image   3.9s  shape=(1405, 479, 839)  2259 MB
2026-05-08 22:58:40  INFO        [Odam-CRE-A          ]  imread masks   6.2s
2026-05-08 22:58:41  INFO        [Odam-CRE-A          ]  load+combine   13.7s total
2026-05-08 22:59:17  INFO      fold=2 ep=280 loss=0.8043 dice=0.8741 inc=0.905 bone=0.909 molar=0.808 ep_s=13.6 val_s=49.5
2026-05-08 22:59:39  INFO      Fold 2 ep 281: loss=0.8249  epoch=22.6s  data_wait=3.7s  gpu=18.9s
2026-05-08 23:00:00  INFO      Fold 2 ep 282: loss=0.8135  epoch=20.8s  data_wait=4.5s  gpu=16.3s
2026-05-08 23:00:22  INFO      Fold 2 ep 283: loss=0.8125  epoch=21.8s  data_wait=5.3s  gpu=16.4s
2026-05-08 23:00:43  INFO      Fold 2 ep 284: loss=0.8227  epoch=21.3s  data_wait=5.0s  gpu=16.3s
2026-05-08 23:01:04  INFO      Fold 2 ep 285: loss=0.7909  epoch=20.2s  data_wait=3.8s  gpu=16.4s
2026-05-08 23:01:07  INFO        [Odam-CRE-A          ]  imread image   3.9s  shape=(1405, 479, 839)  2259 MB
2026-05-08 23:01:17  INFO        [Odam-CRE-A          ]  imread masks   6.3s
2026-05-08 23:01:18  INFO        [Odam-CRE-A          ]  load+combine   14.2s total
2026-05-08 23:01:50  INFO      fold=2 ep=285 loss=0.7909 dice=0.8758 inc=0.905 bone=0.910 molar=0.813 ep_s=20.2 val_s=45.8
2026-05-08 23:02:03  INFO      Fold 2 ep 286: loss=0.7984  epoch=13.5s  data_wait=11.1s  gpu=2.4s
2026-05-08 23:02:17  INFO      Fold 2 ep 287: loss=0.8266  epoch=14.0s  data_wait=11.8s  gpu=2.2s
2026-05-08 23:02:31  INFO      Fold 2 ep 288: loss=0.8318  epoch=14.2s  data_wait=11.9s  gpu=2.3s
2026-05-08 23:02:45  INFO      Fold 2 ep 289: loss=0.8267  epoch=13.7s  data_wait=11.5s  gpu=2.2s
2026-05-08 23:03:00  INFO      Fold 2 ep 290: loss=0.8328  epoch=14.5s  data_wait=12.3s  gpu=2.1s
2026-05-08 23:03:04  INFO        [Odam-CRE-A          ]  imread image   3.8s  shape=(1405, 479, 839)  2259 MB
2026-05-08 23:03:13  INFO        [Odam-CRE-A          ]  imread masks   6.2s
2026-05-08 23:03:14  INFO        [Odam-CRE-A          ]  load+combine   14.4s total
2026-05-08 23:03:50  INFO      fold=2 ep=290 loss=0.8328 dice=0.8748 inc=0.905 bone=0.909 molar=0.810 ep_s=14.5 val_s=50.6
2026-05-08 23:04:12  INFO      Fold 2 ep 291: loss=0.8350  epoch=21.9s  data_wait=3.2s  gpu=18.7s
2026-05-08 23:04:33  INFO      Fold 2 ep 292: loss=0.8395  epoch=20.7s  data_wait=4.4s  gpu=16.3s
2026-05-08 23:04:54  INFO      Fold 2 ep 293: loss=0.7879  epoch=20.6s  data_wait=4.1s  gpu=16.4s
2026-05-08 23:05:15  INFO      Fold 2 ep 294: loss=0.8256  epoch=21.0s  data_wait=4.4s  gpu=16.5s
2026-05-08 23:05:35  INFO      Fold 2 ep 295: loss=0.8053  epoch=20.1s  data_wait=3.8s  gpu=16.3s
2026-05-08 23:05:39  INFO        [Odam-CRE-A          ]  imread image   3.8s  shape=(1405, 479, 839)  2259 MB
2026-05-08 23:05:48  INFO        [Odam-CRE-A          ]  imread masks   5.9s
2026-05-08 23:05:49  INFO        [Odam-CRE-A          ]  load+combine   14.2s total
2026-05-08 23:06:20  INFO      fold=2 ep=295 loss=0.8053 dice=0.8743 inc=0.905 bone=0.909 molar=0.809 ep_s=20.1 val_s=45.3
2026-05-08 23:06:34  INFO      Fold 2 ep 296: loss=0.8326  epoch=14.0s  data_wait=11.6s  gpu=2.4s
2026-05-08 23:06:49  INFO      Fold 2 ep 297: loss=0.8060  epoch=14.7s  data_wait=12.5s  gpu=2.2s
2026-05-08 23:07:03  INFO      Fold 2 ep 298: loss=0.7985  epoch=14.1s  data_wait=12.0s  gpu=2.1s
2026-05-08 23:07:19  INFO      Fold 2 ep 299: loss=0.8371  epoch=15.9s  data_wait=13.5s  gpu=2.5s
2026-05-08 23:07:34  INFO      Fold 2 ep 300: loss=0.8023  epoch=15.0s  data_wait=12.6s  gpu=2.4s
2026-05-08 23:07:38  INFO        [Odam-CRE-A          ]  imread image   3.8s  shape=(1405, 479, 839)  2259 MB
2026-05-08 23:07:47  INFO        [Odam-CRE-A          ]  imread masks   5.8s
2026-05-08 23:07:47  INFO        [Odam-CRE-A          ]  load+combine   13.3s total
2026-05-08 23:08:23  INFO      fold=2 ep=300 loss=0.8023 dice=0.8743 inc=0.905 bone=0.909 molar=0.809 ep_s=15.0 val_s=49.2
2026-05-08 23:08:33  INFO      Fold 3: loading 8 training samples into RAM...
2026-05-08 23:08:34  INFO        Loaded Cont1_5               shape=(1, 1444, 343, 530)  1313 MB  1.3s
2026-05-08 23:08:35  INFO        Loaded Frag_4                shape=(1, 1484, 441, 490)  1603 MB  1.6s
2026-05-08 23:08:38  INFO        Loaded Odam-CRE-A            shape=(1, 1421, 495, 855)  3007 MB  2.8s
2026-05-08 23:08:40  INFO        Loaded Odam-CRE-C            shape=(1, 1353, 406, 820)  2252 MB  2.3s
2026-05-08 23:08:44  INFO        Loaded Odam-CRE-Hifla-A      shape=(1, 1469, 472, 846)  2933 MB  3.0s
2026-05-08 23:08:46  INFO        Loaded Odam-CRE-Hifla-B      shape=(1, 1471, 486, 818)  2924 MB  2.8s
2026-05-08 23:08:53  INFO        Loaded Odam-CRE-Hifla-C      shape=(1, 1630, 434, 752)  2660 MB  6.2s
2026-05-08 23:08:56  INFO        Loaded P27RKO_8um_2K__reoriented  shape=(1, 1550, 245, 672)  1276 MB  3.3s
2026-05-08 23:08:56  INFO      All 8 samples in RAM  total=17968 MB  23.5s
2026-05-08 23:08:56  INFO      Fold 3: dataset ready  items=8  load=23.5s
2026-05-08 23:08:56  INFO      Fold 3: starting fresh | val=Odam-CRE-B | params=4,743,653
2026-05-08 23:08:56  INFO      Fold 3: entering training loop  start_epoch=0
2026-05-08 23:09:00  INFO      Fold 3 ep 1: first batch  wait=3.6s  shape=[48, 1, 96, 96, 96]
2026-05-08 23:09:25  INFO      Fold 3 ep 1: loss=2.3324  epoch=29.1s  data_wait=3.6s  gpu=25.5s
2026-05-08 23:09:39  INFO      Fold 3 ep 2: loss=2.1262  epoch=13.5s  data_wait=11.3s  gpu=2.2s
2026-05-08 23:09:52  INFO      Fold 3 ep 3: loss=2.0426  epoch=13.3s  data_wait=11.1s  gpu=2.2s
2026-05-08 23:10:07  INFO      Fold 3 ep 4: loss=2.0121  epoch=14.5s  data_wait=12.1s  gpu=2.5s
2026-05-08 23:10:21  INFO      Fold 3 ep 5: loss=1.9648  epoch=14.8s  data_wait=12.4s  gpu=2.4s
2026-05-08 23:10:27  INFO        [Odam-CRE-B          ]  imread image   5.7s  shape=(1555, 448, 805)  2243 MB
2026-05-08 23:10:39  INFO        [Odam-CRE-B          ]  imread masks   6.2s
2026-05-08 23:10:40  INFO        [Odam-CRE-B          ]  load+combine   18.6s total
2026-05-08 23:11:32  INFO      fold=3 ep=5 loss=1.9648 dice=0.0113 inc=0.006 bone=0.001 molar=0.027 ep_s=14.8 val_s=70.9
2026-05-08 23:13:54  INFO      Fold 3 ep 6: loss=1.9625  epoch=141.4s  data_wait=4.1s  gpu=137.3s
2026-05-08 23:16:22  INFO      Fold 3 ep 7: loss=1.8894  epoch=147.8s  data_wait=3.3s  gpu=144.5s
2026-05-08 23:18:39  INFO      Fold 3 ep 8: loss=1.9184  epoch=136.9s  data_wait=3.6s  gpu=133.3s
2026-05-08 23:20:37  INFO      Fold 3 ep 9: loss=1.8486  epoch=118.6s  data_wait=3.9s  gpu=114.7s
2026-05-08 23:22:36  INFO      Fold 3 ep 10: loss=1.8227  epoch=118.2s  data_wait=3.5s  gpu=114.7s
2026-05-08 23:22:40  INFO        [Odam-CRE-B          ]  imread image   4.4s  shape=(1555, 448, 805)  2243 MB
2026-05-08 23:22:51  INFO        [Odam-CRE-B          ]  imread masks   6.3s
2026-05-08 23:22:51  INFO        [Odam-CRE-B          ]  load+combine   15.7s total
2026-05-08 23:25:02  INFO      fold=3 ep=10 loss=1.8227 dice=0.0101 inc=0.003 bone=0.000 molar=0.027 ep_s=118.2 val_s=146.6
2026-05-08 23:27:12  INFO      Fold 3 ep 11: loss=1.8675  epoch=129.8s  data_wait=3.4s  gpu=126.4s
2026-05-08 23:29:22  INFO      Fold 3 ep 12: loss=1.8640  epoch=129.3s  data_wait=3.5s  gpu=125.8s
2026-05-08 23:31:31  INFO      Fold 3 ep 13: loss=1.8455  epoch=129.0s  data_wait=3.3s  gpu=125.7s
2026-05-08 23:33:40  INFO      Fold 3 ep 14: loss=1.8438  epoch=129.4s  data_wait=2.9s  gpu=126.5s
2026-05-08 23:35:49  INFO      Fold 3 ep 15: loss=1.7991  epoch=129.5s  data_wait=4.1s  gpu=125.4s
2026-05-08 23:35:54  INFO        [Odam-CRE-B          ]  imread image   4.7s  shape=(1555, 448, 805)  2243 MB
2026-05-08 23:36:05  INFO        [Odam-CRE-B          ]  imread masks   6.2s
2026-05-08 23:36:06  INFO        [Odam-CRE-B          ]  load+combine   16.3s total
2026-05-08 23:39:14  INFO      fold=3 ep=15 loss=1.7991 dice=0.0095 inc=0.001 bone=0.000 molar=0.027 ep_s=129.5 val_s=204.9
2026-05-08 23:41:07  INFO      Fold 3 ep 16: loss=1.8142  epoch=112.1s  data_wait=3.2s  gpu=108.8s
2026-05-08 23:42:56  INFO      Fold 3 ep 17: loss=1.8028  epoch=109.4s  data_wait=3.1s  gpu=106.2s
2026-05-08 23:44:45  INFO      Fold 3 ep 18: loss=1.7932  epoch=108.5s  data_wait=3.3s  gpu=105.3s
2026-05-08 23:46:38  INFO      Fold 3 ep 19: loss=1.7774  epoch=112.9s  data_wait=3.4s  gpu=109.5s
2026-05-08 23:48:27  INFO      Fold 3 ep 20: loss=1.7547  epoch=109.3s  data_wait=2.9s  gpu=106.4s
2026-05-08 23:48:31  INFO        [Odam-CRE-B          ]  imread image   4.2s  shape=(1555, 448, 805)  2243 MB
2026-05-08 23:48:41  INFO        [Odam-CRE-B          ]  imread masks   6.3s
2026-05-08 23:48:41  INFO        [Odam-CRE-B          ]  load+combine   14.6s total
2026-05-08 23:51:08  INFO      fold=3 ep=20 loss=1.7547 dice=0.0099 inc=0.000 bone=0.001 molar=0.029 ep_s=109.3 val_s=161.4
2026-05-08 23:53:23  INFO      Fold 3 ep 21: loss=1.8317  epoch=134.8s  data_wait=3.3s  gpu=131.5s
2026-05-08 23:55:38  INFO      Fold 3 ep 22: loss=1.7714  epoch=134.8s  data_wait=2.8s  gpu=132.0s
2026-05-08 23:57:54  INFO      Fold 3 ep 23: loss=1.7570  epoch=136.0s  data_wait=3.5s  gpu=132.5s
2026-05-09 00:00:09  INFO      Fold 3 ep 24: loss=1.7694  epoch=135.1s  data_wait=3.5s  gpu=131.6s
2026-05-09 00:02:24  INFO      Fold 3 ep 25: loss=1.7444  epoch=134.9s  data_wait=3.5s  gpu=131.5s
2026-05-09 00:02:28  INFO        [Odam-CRE-B          ]  imread image   4.1s  shape=(1555, 448, 805)  2243 MB
2026-05-09 00:02:44  INFO        [Odam-CRE-B          ]  imread masks   12.1s
2026-05-09 00:02:44  INFO        [Odam-CRE-B          ]  load+combine   20.3s total
2026-05-09 00:05:01  INFO      fold=3 ep=25 loss=1.7444 dice=0.0343 inc=0.005 bone=0.056 molar=0.042 ep_s=134.9 val_s=156.7
2026-05-09 00:06:41  INFO      Fold 3 ep 26: loss=1.7342  epoch=100.4s  data_wait=3.7s  gpu=96.7s
2026-05-09 00:08:14  INFO      Fold 3 ep 27: loss=1.7065  epoch=92.1s  data_wait=3.3s  gpu=88.9s
2026-05-09 00:09:46  INFO      Fold 3 ep 28: loss=1.7237  epoch=92.3s  data_wait=3.6s  gpu=88.6s
2026-05-09 00:11:18  INFO      Fold 3 ep 29: loss=1.6898  epoch=91.9s  data_wait=3.4s  gpu=88.5s
2026-05-09 00:12:50  INFO      Fold 3 ep 30: loss=1.6934  epoch=91.8s  data_wait=3.1s  gpu=88.6s
2026-05-09 00:12:54  INFO        [Odam-CRE-B          ]  imread image   4.1s  shape=(1555, 448, 805)  2243 MB
2026-05-09 00:13:03  INFO        [Odam-CRE-B          ]  imread masks   5.9s
2026-05-09 00:13:03  INFO        [Odam-CRE-B          ]  load+combine   13.9s total
2026-05-09 00:15:03  INFO      fold=3 ep=30 loss=1.6934 dice=0.1047 inc=0.045 bone=0.187 molar=0.082 ep_s=91.8 val_s=133.4
2026-05-09 00:17:14  INFO      Fold 3 ep 31: loss=1.6556  epoch=130.8s  data_wait=4.0s  gpu=126.8s
2026-05-09 00:19:23  INFO      Fold 3 ep 32: loss=1.6589  epoch=128.8s  data_wait=3.3s  gpu=125.5s
2026-05-09 00:21:32  INFO      Fold 3 ep 33: loss=1.6550  epoch=128.9s  data_wait=3.2s  gpu=125.8s
2026-05-09 00:23:41  INFO      Fold 3 ep 34: loss=1.6687  epoch=128.9s  data_wait=3.3s  gpu=125.6s
2026-05-09 00:25:49  INFO      Fold 3 ep 35: loss=1.6439  epoch=128.2s  data_wait=3.0s  gpu=125.2s
2026-05-09 00:25:53  INFO        [Odam-CRE-B          ]  imread image   4.0s  shape=(1555, 448, 805)  2243 MB
2026-05-09 00:26:02  INFO        [Odam-CRE-B          ]  imread masks   6.3s
2026-05-09 00:26:03  INFO        [Odam-CRE-B          ]  load+combine   14.2s total
2026-05-09 00:28:41  INFO      fold=3 ep=35 loss=1.6439 dice=0.0913 inc=0.017 bone=0.155 molar=0.102 ep_s=128.2 val_s=171.6
2026-05-09 00:30:28  INFO      Fold 3 ep 36: loss=1.7140  epoch=107.5s  data_wait=3.8s  gpu=103.7s
2026-05-09 00:32:15  INFO      Fold 3 ep 37: loss=1.6298  epoch=107.1s  data_wait=3.5s  gpu=103.7s
2026-05-09 00:34:03  INFO      Fold 3 ep 38: loss=1.6410  epoch=107.2s  data_wait=3.6s  gpu=103.7s
2026-05-09 00:35:50  INFO      Fold 3 ep 39: loss=1.6332  epoch=107.2s  data_wait=3.7s  gpu=103.5s
2026-05-09 00:37:37  INFO      Fold 3 ep 40: loss=1.6028  epoch=106.7s  data_wait=3.5s  gpu=103.2s
2026-05-09 00:37:41  INFO        [Odam-CRE-B          ]  imread image   4.0s  shape=(1555, 448, 805)  2243 MB
2026-05-09 00:37:50  INFO        [Odam-CRE-B          ]  imread masks   5.8s
2026-05-09 00:37:51  INFO        [Odam-CRE-B          ]  load+combine   14.1s total
2026-05-09 00:40:50  INFO      fold=3 ep=40 loss=1.6028 dice=0.1669 inc=0.061 bone=0.301 molar=0.139 ep_s=106.7 val_s=193.2
2026-05-09 00:43:02  INFO      Fold 3 ep 41: loss=1.6306  epoch=132.1s  data_wait=2.9s  gpu=129.1s
2026-05-09 00:45:13  INFO      Fold 3 ep 42: loss=1.6009  epoch=130.7s  data_wait=3.9s  gpu=126.7s
2026-05-09 00:47:23  INFO      Fold 3 ep 43: loss=1.6044  epoch=130.2s  data_wait=3.7s  gpu=126.6s
2026-05-09 00:49:33  INFO      Fold 3 ep 44: loss=1.6003  epoch=130.0s  data_wait=3.4s  gpu=126.6s
2026-05-09 00:51:43  INFO      Fold 3 ep 45: loss=1.5798  epoch=130.2s  data_wait=3.9s  gpu=126.3s
2026-05-09 00:51:47  INFO        [Odam-CRE-B          ]  imread image   3.6s  shape=(1555, 448, 805)  2243 MB
2026-05-09 00:51:57  INFO        [Odam-CRE-B          ]  imread masks   6.4s
2026-05-09 00:51:58  INFO        [Odam-CRE-B          ]  load+combine   14.3s total
2026-05-09 00:54:53  INFO      fold=3 ep=45 loss=1.5798 dice=0.1831 inc=0.061 bone=0.308 molar=0.180 ep_s=130.2 val_s=190.0
2026-05-09 00:56:47  INFO      Fold 3 ep 46: loss=1.5585  epoch=113.2s  data_wait=3.0s  gpu=110.2s
2026-05-09 00:58:45  INFO      Fold 3 ep 47: loss=1.5767  epoch=118.2s  data_wait=3.5s  gpu=114.7s
2026-05-09 01:00:43  INFO      Fold 3 ep 48: loss=1.5692  epoch=118.4s  data_wait=3.5s  gpu=114.8s
2026-05-09 01:02:42  INFO      Fold 3 ep 49: loss=1.5550  epoch=118.3s  data_wait=3.5s  gpu=114.8s
2026-05-09 01:04:40  INFO      Fold 3 ep 50: loss=1.5750  epoch=117.9s  data_wait=3.4s  gpu=114.5s
2026-05-09 01:04:45  INFO        [Odam-CRE-B          ]  imread image   5.1s  shape=(1555, 448, 805)  2243 MB
2026-05-09 01:04:55  INFO        [Odam-CRE-B          ]  imread masks   6.8s
2026-05-09 01:04:56  INFO        [Odam-CRE-B          ]  load+combine   16.4s total
2026-05-09 01:07:11  INFO      fold=3 ep=50 loss=1.5750 dice=0.3020 inc=0.165 bone=0.565 molar=0.176 ep_s=117.9 val_s=151.4
2026-05-09 01:09:26  INFO      Fold 3 ep 51: loss=1.5584  epoch=134.8s  data_wait=3.6s  gpu=131.1s
2026-05-09 01:11:37  INFO      Fold 3 ep 52: loss=1.5675  epoch=130.7s  data_wait=3.2s  gpu=127.5s
2026-05-09 01:13:48  INFO      Fold 3 ep 53: loss=1.5734  epoch=131.6s  data_wait=4.1s  gpu=127.5s
2026-05-09 01:15:59  INFO      Fold 3 ep 54: loss=1.5158  epoch=130.8s  data_wait=3.3s  gpu=127.5s
2026-05-09 01:18:10  INFO      Fold 3 ep 55: loss=1.5619  epoch=130.6s  data_wait=3.5s  gpu=127.1s
2026-05-09 01:18:15  INFO        [Odam-CRE-B          ]  imread image   5.1s  shape=(1555, 448, 805)  2243 MB
2026-05-09 01:18:26  INFO        [Odam-CRE-B          ]  imread masks   6.4s
2026-05-09 01:18:27  INFO        [Odam-CRE-B          ]  load+combine   16.7s total
2026-05-09 01:21:27  INFO      fold=3 ep=55 loss=1.5619 dice=0.2608 inc=0.176 bone=0.422 molar=0.184 ep_s=130.6 val_s=197.3
2026-05-09 01:23:23  INFO      Fold 3 ep 56: loss=1.5671  epoch=116.0s  data_wait=3.3s  gpu=112.7s
2026-05-09 01:25:29  INFO      Fold 3 ep 57: loss=1.5491  epoch=125.5s  data_wait=2.8s  gpu=122.7s
2026-05-09 01:27:35  INFO      Fold 3 ep 58: loss=1.5427  epoch=126.3s  data_wait=3.6s  gpu=122.7s
2026-05-09 01:29:42  INFO      Fold 3 ep 59: loss=1.5073  epoch=126.9s  data_wait=4.1s  gpu=122.8s
2026-05-09 01:31:48  INFO      Fold 3 ep 60: loss=1.5452  epoch=126.1s  data_wait=3.6s  gpu=122.5s
2026-05-09 01:31:53  INFO        [Odam-CRE-B          ]  imread image   4.6s  shape=(1555, 448, 805)  2243 MB
2026-05-09 01:32:02  INFO        [Odam-CRE-B          ]  imread masks   5.3s
2026-05-09 01:32:03  INFO        [Odam-CRE-B          ]  load+combine   14.7s total
2026-05-09 01:34:33  INFO      fold=3 ep=60 loss=1.5452 dice=0.3631 inc=0.196 bone=0.628 molar=0.266 ep_s=126.1 val_s=164.6
2026-05-09 01:36:44  INFO      Fold 3 ep 61: loss=1.5161  epoch=130.4s  data_wait=3.1s  gpu=127.3s
2026-05-09 01:38:55  INFO      Fold 3 ep 62: loss=1.5291  epoch=131.3s  data_wait=3.5s  gpu=127.8s
2026-05-09 01:41:07  INFO      Fold 3 ep 63: loss=1.5296  epoch=131.7s  data_wait=3.5s  gpu=128.2s
2026-05-09 01:43:18  INFO      Fold 3 ep 64: loss=1.4976  epoch=131.2s  data_wait=3.3s  gpu=127.9s
2026-05-09 01:45:28  INFO      Fold 3 ep 65: loss=1.4950  epoch=130.7s  data_wait=3.2s  gpu=127.5s
2026-05-09 01:45:32  INFO        [Odam-CRE-B          ]  imread image   3.8s  shape=(1555, 448, 805)  2243 MB
2026-05-09 01:45:43  INFO        [Odam-CRE-B          ]  imread masks   6.3s
2026-05-09 01:45:43  INFO        [Odam-CRE-B          ]  load+combine   14.9s total
2026-05-09 01:48:44  INFO      fold=3 ep=65 loss=1.4950 dice=0.3379 inc=0.110 bone=0.651 molar=0.254 ep_s=130.7 val_s=195.8
2026-05-09 01:50:40  INFO      Fold 3 ep 66: loss=1.5012  epoch=116.0s  data_wait=3.4s  gpu=112.5s
2026-05-09 01:52:47  INFO      Fold 3 ep 67: loss=1.4802  epoch=126.1s  data_wait=3.4s  gpu=122.8s
2026-05-09 01:54:53  INFO      Fold 3 ep 68: loss=1.5289  epoch=126.8s  data_wait=3.8s  gpu=123.0s
2026-05-09 01:57:00  INFO      Fold 3 ep 69: loss=1.4975  epoch=126.2s  data_wait=3.5s  gpu=122.7s
2026-05-09 01:59:06  INFO      Fold 3 ep 70: loss=1.4534  epoch=126.3s  data_wait=3.5s  gpu=122.8s
2026-05-09 01:59:10  INFO        [Odam-CRE-B          ]  imread image   3.8s  shape=(1555, 448, 805)  2243 MB
2026-05-09 01:59:20  INFO        [Odam-CRE-B          ]  imread masks   6.0s
2026-05-09 01:59:20  INFO        [Odam-CRE-B          ]  load+combine   14.6s total
2026-05-09 02:01:50  INFO      fold=3 ep=70 loss=1.4534 dice=0.3447 inc=0.177 bone=0.591 molar=0.267 ep_s=126.3 val_s=164.4
2026-05-09 02:04:02  INFO      Fold 3 ep 71: loss=1.4731  epoch=131.6s  data_wait=3.7s  gpu=127.9s
2026-05-09 02:06:12  INFO      Fold 3 ep 72: loss=1.4921  epoch=130.4s  data_wait=3.1s  gpu=127.3s
2026-05-09 02:08:23  INFO      Fold 3 ep 73: loss=1.4725  epoch=130.9s  data_wait=3.3s  gpu=127.6s
2026-05-09 02:10:34  INFO      Fold 3 ep 74: loss=1.4400  epoch=130.9s  data_wait=3.4s  gpu=127.5s
2026-05-09 02:12:45  INFO      Fold 3 ep 75: loss=1.4826  epoch=130.6s  data_wait=3.1s  gpu=127.5s
2026-05-09 02:12:49  INFO        [Odam-CRE-B          ]  imread image   3.9s  shape=(1555, 448, 805)  2243 MB
2026-05-09 02:12:59  INFO        [Odam-CRE-B          ]  imread masks   6.4s
2026-05-09 02:12:59  INFO        [Odam-CRE-B          ]  load+combine   14.5s total
2026-05-09 02:16:00  INFO      fold=3 ep=75 loss=1.4826 dice=0.3578 inc=0.105 bone=0.682 molar=0.287 ep_s=130.6 val_s=195.0
2026-05-09 02:17:55  INFO      Fold 3 ep 76: loss=1.4462  epoch=115.4s  data_wait=3.1s  gpu=112.3s
2026-05-09 02:20:02  INFO      Fold 3 ep 77: loss=1.5035  epoch=126.5s  data_wait=3.4s  gpu=123.1s
2026-05-09 02:22:08  INFO      Fold 3 ep 78: loss=1.4662  epoch=126.0s  data_wait=3.3s  gpu=122.7s
2026-05-09 02:24:14  INFO      Fold 3 ep 79: loss=1.4747  epoch=126.0s  data_wait=3.2s  gpu=122.8s
2026-05-09 02:26:20  INFO      Fold 3 ep 80: loss=1.4734  epoch=126.1s  data_wait=3.5s  gpu=122.6s
2026-05-09 02:26:24  INFO        [Odam-CRE-B          ]  imread image   4.0s  shape=(1555, 448, 805)  2243 MB
2026-05-09 02:26:34  INFO        [Odam-CRE-B          ]  imread masks   6.5s
2026-05-09 02:26:34  INFO        [Odam-CRE-B          ]  load+combine   14.4s total
2026-05-09 02:29:04  INFO      fold=3 ep=80 loss=1.4734 dice=0.3777 inc=0.370 bone=0.509 molar=0.254 ep_s=126.1 val_s=164.1
2026-05-09 02:31:15  INFO      Fold 3 ep 81: loss=1.4530  epoch=130.8s  data_wait=3.3s  gpu=127.5s
2026-05-09 02:33:26  INFO      Fold 3 ep 82: loss=1.4387  epoch=130.8s  data_wait=3.1s  gpu=127.6s
2026-05-09 02:35:37  INFO      Fold 3 ep 83: loss=1.4182  epoch=130.6s  data_wait=3.2s  gpu=127.3s
2026-05-09 02:37:47  INFO      Fold 3 ep 84: loss=1.4521  epoch=130.7s  data_wait=3.5s  gpu=127.2s
2026-05-09 02:39:57  INFO      Fold 3 ep 85: loss=1.4005  epoch=130.0s  data_wait=3.1s  gpu=127.0s
2026-05-09 02:40:01  INFO        [Odam-CRE-B          ]  imread image   3.8s  shape=(1555, 448, 805)  2243 MB
2026-05-09 02:40:11  INFO        [Odam-CRE-B          ]  imread masks   6.3s
2026-05-09 02:40:12  INFO        [Odam-CRE-B          ]  load+combine   14.2s total
2026-05-09 02:43:12  INFO      fold=3 ep=85 loss=1.4005 dice=0.4284 inc=0.444 bone=0.637 molar=0.204 ep_s=130.0 val_s=194.7
2026-05-09 02:45:08  INFO      Fold 3 ep 86: loss=1.4067  epoch=115.5s  data_wait=2.8s  gpu=112.7s
2026-05-09 02:47:14  INFO      Fold 3 ep 87: loss=1.4071  epoch=126.4s  data_wait=3.7s  gpu=122.8s
2026-05-09 02:49:20  INFO      Fold 3 ep 88: loss=1.4531  epoch=126.0s  data_wait=3.1s  gpu=122.9s
2026-05-09 02:51:27  INFO      Fold 3 ep 89: loss=1.5066  epoch=126.2s  data_wait=3.2s  gpu=123.0s
2026-05-09 02:53:33  INFO      Fold 3 ep 90: loss=1.4334  epoch=126.2s  data_wait=3.6s  gpu=122.6s
2026-05-09 02:53:37  INFO        [Odam-CRE-B          ]  imread image   3.8s  shape=(1555, 448, 805)  2243 MB
2026-05-09 02:53:47  INFO        [Odam-CRE-B          ]  imread masks   6.9s
2026-05-09 02:53:48  INFO        [Odam-CRE-B          ]  load+combine   14.8s total
2026-05-09 02:56:18  INFO      fold=3 ep=90 loss=1.4334 dice=0.4819 inc=0.390 bone=0.739 molar=0.317 ep_s=126.2 val_s=164.9
2026-05-09 02:58:29  INFO      Fold 3 ep 91: loss=1.3559  epoch=131.1s  data_wait=3.3s  gpu=127.8s
2026-05-09 03:00:40  INFO      Fold 3 ep 92: loss=1.3867  epoch=130.4s  data_wait=3.6s  gpu=126.8s
2026-05-09 03:02:50  INFO      Fold 3 ep 93: loss=1.3977  epoch=130.6s  data_wait=3.1s  gpu=127.5s
2026-05-09 03:05:01  INFO      Fold 3 ep 94: loss=1.3719  epoch=131.0s  data_wait=3.4s  gpu=127.6s
2026-05-09 03:07:12  INFO      Fold 3 ep 95: loss=1.3760  epoch=131.2s  data_wait=3.7s  gpu=127.5s
2026-05-09 03:07:16  INFO        [Odam-CRE-B          ]  imread image   3.8s  shape=(1555, 448, 805)  2243 MB
2026-05-09 03:07:26  INFO        [Odam-CRE-B          ]  imread masks   5.6s
2026-05-09 03:07:26  INFO        [Odam-CRE-B          ]  load+combine   14.0s total
2026-05-09 03:10:27  INFO      fold=3 ep=95 loss=1.3760 dice=0.4482 inc=0.561 bone=0.571 molar=0.212 ep_s=131.2 val_s=194.6
2026-05-09 03:12:23  INFO      Fold 3 ep 96: loss=1.4901  epoch=115.8s  data_wait=3.2s  gpu=112.5s
2026-05-09 03:14:29  INFO      Fold 3 ep 97: loss=1.3367  epoch=126.2s  data_wait=3.3s  gpu=122.9s
2026-05-09 03:16:36  INFO      Fold 3 ep 98: loss=1.3530  epoch=126.4s  data_wait=3.7s  gpu=122.7s
2026-05-09 03:18:42  INFO      Fold 3 ep 99: loss=1.3547  epoch=126.2s  data_wait=3.4s  gpu=122.9s
2026-05-09 03:20:48  INFO      Fold 3 ep 100: loss=1.3911  epoch=126.2s  data_wait=3.3s  gpu=122.9s
2026-05-09 03:20:52  INFO        [Odam-CRE-B          ]  imread image   3.8s  shape=(1555, 448, 805)  2243 MB
2026-05-09 03:21:02  INFO        [Odam-CRE-B          ]  imread masks   6.5s
2026-05-09 03:21:02  INFO        [Odam-CRE-B          ]  load+combine   14.3s total
2026-05-09 03:23:32  INFO      fold=3 ep=100 loss=1.3911 dice=0.4118 inc=0.483 bone=0.512 molar=0.241 ep_s=126.2 val_s=164.2
2026-05-09 03:25:44  INFO      Fold 3 ep 101: loss=1.3852  epoch=131.7s  data_wait=3.9s  gpu=127.9s
2026-05-09 03:27:55  INFO      Fold 3 ep 102: loss=1.3273  epoch=131.2s  data_wait=3.9s  gpu=127.2s
2026-05-09 03:30:06  INFO      Fold 3 ep 103: loss=1.3734  epoch=131.0s  data_wait=3.7s  gpu=127.3s
2026-05-09 03:32:17  INFO      Fold 3 ep 104: loss=1.3105  epoch=131.1s  data_wait=3.5s  gpu=127.6s
2026-05-09 03:34:28  INFO      Fold 3 ep 105: loss=1.3594  epoch=131.0s  data_wait=3.2s  gpu=127.8s
2026-05-09 03:34:32  INFO        [Odam-CRE-B          ]  imread image   3.7s  shape=(1555, 448, 805)  2243 MB
2026-05-09 03:34:42  INFO        [Odam-CRE-B          ]  imread masks   6.5s
2026-05-09 03:34:43  INFO        [Odam-CRE-B          ]  load+combine   14.2s total
2026-05-09 03:37:43  INFO      fold=3 ep=105 loss=1.3594 dice=0.5083 inc=0.380 bone=0.767 molar=0.378 ep_s=131.0 val_s=194.5
2026-05-09 03:39:39  INFO      Fold 3 ep 106: loss=1.3356  epoch=116.1s  data_wait=3.5s  gpu=112.6s
2026-05-09 03:41:46  INFO      Fold 3 ep 107: loss=1.2923  epoch=126.4s  data_wait=3.8s  gpu=122.5s
2026-05-09 03:43:52  INFO      Fold 3 ep 108: loss=1.2908  epoch=126.0s  data_wait=3.4s  gpu=122.6s
2026-05-09 03:45:58  INFO      Fold 3 ep 109: loss=1.3445  epoch=126.0s  data_wait=3.3s  gpu=122.7s
2026-05-09 03:48:04  INFO      Fold 3 ep 110: loss=1.3285  epoch=126.2s  data_wait=3.3s  gpu=122.9s
2026-05-09 03:48:08  INFO        [Odam-CRE-B          ]  imread image   4.0s  shape=(1555, 448, 805)  2243 MB
2026-05-09 03:48:18  INFO        [Odam-CRE-B          ]  imread masks   6.2s
2026-05-09 03:48:18  INFO        [Odam-CRE-B          ]  load+combine   14.3s total
2026-05-09 03:50:48  INFO      fold=3 ep=110 loss=1.3285 dice=0.5969 inc=0.520 bone=0.850 molar=0.420 ep_s=126.2 val_s=164.2
2026-05-09 03:53:00  INFO      Fold 3 ep 111: loss=1.3325  epoch=131.8s  data_wait=3.9s  gpu=128.0s
2026-05-09 03:55:12  INFO      Fold 3 ep 112: loss=1.3009  epoch=131.6s  data_wait=4.2s  gpu=127.5s
2026-05-09 03:57:23  INFO      Fold 3 ep 113: loss=1.2761  epoch=130.6s  data_wait=3.2s  gpu=127.5s
2026-05-09 03:59:33  INFO      Fold 3 ep 114: loss=1.3629  epoch=130.7s  data_wait=3.7s  gpu=127.0s
2026-05-09 04:01:45  INFO      Fold 3 ep 115: loss=1.3140  epoch=131.5s  data_wait=3.4s  gpu=128.1s
2026-05-09 04:01:49  INFO        [Odam-CRE-B          ]  imread image   3.9s  shape=(1555, 448, 805)  2243 MB
2026-05-09 04:01:58  INFO        [Odam-CRE-B          ]  imread masks   5.6s
2026-05-09 04:01:59  INFO        [Odam-CRE-B          ]  load+combine   14.2s total
2026-05-09 04:05:00  INFO      fold=3 ep=115 loss=1.3140 dice=0.4785 inc=0.203 bone=0.856 molar=0.376 ep_s=131.5 val_s=195.0
2026-05-09 04:06:56  INFO      Fold 3 ep 116: loss=1.3717  epoch=116.0s  data_wait=3.7s  gpu=112.4s
2026-05-09 04:09:02  INFO      Fold 3 ep 117: loss=1.2506  epoch=126.0s  data_wait=3.3s  gpu=122.8s
2026-05-09 04:11:08  INFO      Fold 3 ep 118: loss=1.2748  epoch=125.5s  data_wait=3.0s  gpu=122.5s
2026-05-09 04:13:13  INFO      Fold 3 ep 119: loss=1.2875  epoch=125.5s  data_wait=3.1s  gpu=122.3s
2026-05-09 04:15:19  INFO      Fold 3 ep 120: loss=1.3090  epoch=125.4s  data_wait=3.1s  gpu=122.3s
2026-05-09 04:15:23  INFO        [Odam-CRE-B          ]  imread image   4.0s  shape=(1555, 448, 805)  2243 MB
2026-05-09 04:15:32  INFO        [Odam-CRE-B          ]  imread masks   6.4s
2026-05-09 04:15:33  INFO        [Odam-CRE-B          ]  load+combine   14.5s total
2026-05-09 04:18:03  INFO      fold=3 ep=120 loss=1.3090 dice=0.5895 inc=0.415 bone=0.869 molar=0.484 ep_s=125.4 val_s=164.1
2026-05-09 04:20:14  INFO      Fold 3 ep 121: loss=1.3641  epoch=131.3s  data_wait=3.5s  gpu=127.8s
2026-05-09 04:22:25  INFO      Fold 3 ep 122: loss=1.2412  epoch=130.5s  data_wait=2.9s  gpu=127.5s
2026-05-09 04:24:35  INFO      Fold 3 ep 123: loss=1.3110  epoch=130.8s  data_wait=2.9s  gpu=127.8s
2026-05-09 04:26:47  INFO      Fold 3 ep 124: loss=1.3265  epoch=131.3s  data_wait=3.4s  gpu=127.9s
2026-05-09 04:28:58  INFO      Fold 3 ep 125: loss=1.2806  epoch=131.5s  data_wait=4.0s  gpu=127.5s
2026-05-09 04:29:02  INFO        [Odam-CRE-B          ]  imread image   3.8s  shape=(1555, 448, 805)  2243 MB
2026-05-09 04:29:18  INFO        [Odam-CRE-B          ]  imread masks   5.9s
2026-05-09 04:29:19  INFO        [Odam-CRE-B          ]  load+combine   20.9s total
2026-05-09 04:32:20  INFO      fold=3 ep=125 loss=1.2806 dice=0.5726 inc=0.556 bone=0.807 molar=0.355 ep_s=131.5 val_s=201.5
2026-05-09 04:34:15  INFO      Fold 3 ep 126: loss=1.2179  epoch=115.5s  data_wait=3.0s  gpu=112.6s
2026-05-09 04:36:22  INFO      Fold 3 ep 127: loss=1.2471  epoch=126.3s  data_wait=3.5s  gpu=122.8s
2026-05-09 04:38:27  INFO      Fold 3 ep 128: loss=1.1976  epoch=125.5s  data_wait=2.8s  gpu=122.6s
2026-05-09 04:40:34  INFO      Fold 3 ep 129: loss=1.2428  epoch=126.4s  data_wait=3.9s  gpu=122.5s
2026-05-09 04:42:39  INFO      Fold 3 ep 130: loss=1.2474  epoch=125.5s  data_wait=3.0s  gpu=122.4s
2026-05-09 04:42:43  INFO        [Odam-CRE-B          ]  imread image   3.8s  shape=(1555, 448, 805)  2243 MB
2026-05-09 04:42:52  INFO        [Odam-CRE-B          ]  imread masks   6.3s
2026-05-09 04:42:53  INFO        [Odam-CRE-B          ]  load+combine   13.6s total
2026-05-09 04:45:22  INFO      fold=3 ep=130 loss=1.2474 dice=0.5725 inc=0.482 bone=0.821 molar=0.414 ep_s=125.5 val_s=162.7
2026-05-09 04:47:34  INFO      Fold 3 ep 131: loss=1.3086  epoch=132.2s  data_wait=3.8s  gpu=128.4s
2026-05-09 04:49:45  INFO      Fold 3 ep 132: loss=1.2054  epoch=130.4s  data_wait=3.6s  gpu=126.8s
2026-05-09 04:51:55  INFO      Fold 3 ep 133: loss=1.2140  epoch=130.6s  data_wait=3.5s  gpu=127.1s
2026-05-09 04:54:06  INFO      Fold 3 ep 134: loss=1.2608  epoch=131.1s  data_wait=3.6s  gpu=127.5s
2026-05-09 04:56:17  INFO      Fold 3 ep 135: loss=1.2549  epoch=130.8s  data_wait=3.1s  gpu=127.7s
2026-05-09 04:56:21  INFO        [Odam-CRE-B          ]  imread image   3.8s  shape=(1555, 448, 805)  2243 MB
2026-05-09 04:56:31  INFO        [Odam-CRE-B          ]  imread masks   6.7s
2026-05-09 04:56:32  INFO        [Odam-CRE-B          ]  load+combine   15.0s total
2026-05-09 04:59:34  INFO      fold=3 ep=135 loss=1.2549 dice=0.5647 inc=0.640 bone=0.730 molar=0.325 ep_s=130.8 val_s=196.4
2026-05-09 05:01:30  INFO      Fold 3 ep 136: loss=1.1726  epoch=115.9s  data_wait=3.1s  gpu=112.9s
2026-05-09 05:03:35  INFO      Fold 3 ep 137: loss=1.1876  epoch=125.7s  data_wait=3.3s  gpu=122.5s
2026-05-09 05:05:42  INFO      Fold 3 ep 138: loss=1.1937  epoch=126.4s  data_wait=3.6s  gpu=122.8s
2026-05-09 05:07:48  INFO      Fold 3 ep 139: loss=1.3803  epoch=126.3s  data_wait=3.2s  gpu=123.1s
2026-05-09 05:09:55  INFO      Fold 3 ep 140: loss=1.2973  epoch=126.8s  data_wait=3.7s  gpu=123.0s
2026-05-09 05:09:59  INFO        [Odam-CRE-B          ]  imread image   3.8s  shape=(1555, 448, 805)  2243 MB
2026-05-09 05:10:08  INFO        [Odam-CRE-B          ]  imread masks   6.0s
2026-05-09 05:10:09  INFO        [Odam-CRE-B          ]  load+combine   14.3s total
2026-05-09 05:12:39  INFO      fold=3 ep=140 loss=1.2973 dice=0.5548 inc=0.313 bone=0.889 molar=0.462 ep_s=126.8 val_s=164.4
2026-05-09 05:14:51  INFO      Fold 3 ep 141: loss=1.2842  epoch=132.0s  data_wait=3.8s  gpu=128.2s
2026-05-09 05:17:03  INFO      Fold 3 ep 142: loss=1.2830  epoch=131.2s  data_wait=3.7s  gpu=127.5s
2026-05-09 05:19:13  INFO      Fold 3 ep 143: loss=1.2472  epoch=130.5s  data_wait=2.7s  gpu=127.8s
2026-05-09 05:21:23  INFO      Fold 3 ep 144: loss=1.2014  epoch=130.2s  data_wait=2.8s  gpu=127.4s
2026-05-09 05:23:35  INFO      Fold 3 ep 145: loss=1.2218  epoch=131.4s  data_wait=3.7s  gpu=127.7s
2026-05-09 05:23:38  INFO        [Odam-CRE-B          ]  imread image   3.8s  shape=(1555, 448, 805)  2243 MB
2026-05-09 05:23:48  INFO        [Odam-CRE-B          ]  imread masks   6.0s
2026-05-09 05:23:49  INFO        [Odam-CRE-B          ]  load+combine   14.1s total
2026-05-09 05:26:49  INFO      fold=3 ep=145 loss=1.2218 dice=0.6294 inc=0.466 bone=0.902 molar=0.521 ep_s=131.4 val_s=194.6
2026-05-09 05:28:45  INFO      Fold 3 ep 146: loss=1.2066  epoch=115.1s  data_wait=2.8s  gpu=112.3s
2026-05-09 05:30:50  INFO      Fold 3 ep 147: loss=1.2717  epoch=125.2s  data_wait=2.9s  gpu=122.2s
2026-05-09 05:32:56  INFO      Fold 3 ep 148: loss=1.2618  epoch=126.0s  data_wait=3.5s  gpu=122.5s
2026-05-09 05:35:02  INFO      Fold 3 ep 149: loss=1.1541  epoch=126.2s  data_wait=3.2s  gpu=122.9s
2026-05-09 05:37:09  INFO      Fold 3 ep 150: loss=1.1779  epoch=126.4s  data_wait=3.6s  gpu=122.7s
2026-05-09 05:37:13  INFO        [Odam-CRE-B          ]  imread image   4.0s  shape=(1555, 448, 805)  2243 MB
2026-05-09 05:37:22  INFO        [Odam-CRE-B          ]  imread masks   6.0s
2026-05-09 05:37:23  INFO        [Odam-CRE-B          ]  load+combine   14.6s total
2026-05-09 05:39:53  INFO      fold=3 ep=150 loss=1.1779 dice=0.7130 inc=0.730 bone=0.873 molar=0.536 ep_s=126.4 val_s=164.6
2026-05-09 05:42:05  INFO      Fold 3 ep 151: loss=1.2366  epoch=131.5s  data_wait=3.5s  gpu=128.0s
2026-05-09 05:44:16  INFO      Fold 3 ep 152: loss=1.1460  epoch=130.7s  data_wait=3.2s  gpu=127.5s
2026-05-09 05:46:27  INFO      Fold 3 ep 153: loss=1.0892  epoch=131.5s  data_wait=3.7s  gpu=127.8s
2026-05-09 05:48:38  INFO      Fold 3 ep 154: loss=1.1104  epoch=130.8s  data_wait=3.4s  gpu=127.3s
2026-05-09 05:50:49  INFO      Fold 3 ep 155: loss=1.0836  epoch=130.6s  data_wait=3.6s  gpu=127.1s
2026-05-09 05:50:53  INFO        [Odam-CRE-B          ]  imread image   4.0s  shape=(1555, 448, 805)  2243 MB
2026-05-09 05:51:02  INFO        [Odam-CRE-B          ]  imread masks   6.3s
2026-05-09 05:51:03  INFO        [Odam-CRE-B          ]  load+combine   14.4s total
2026-05-09 05:54:03  INFO      fold=3 ep=155 loss=1.0836 dice=0.7124 inc=0.701 bone=0.903 molar=0.532 ep_s=130.6 val_s=194.6
2026-05-09 05:56:00  INFO      Fold 3 ep 156: loss=1.1064  epoch=116.1s  data_wait=3.5s  gpu=112.6s
2026-05-09 05:58:06  INFO      Fold 3 ep 157: loss=1.1380  epoch=125.9s  data_wait=3.2s  gpu=122.7s
2026-05-09 06:00:11  INFO      Fold 3 ep 158: loss=1.1025  epoch=125.6s  data_wait=3.4s  gpu=122.2s
2026-05-09 06:02:18  INFO      Fold 3 ep 159: loss=1.0848  epoch=127.0s  data_wait=3.8s  gpu=123.1s
2026-05-09 06:04:25  INFO      Fold 3 ep 160: loss=1.0725  epoch=126.6s  data_wait=3.8s  gpu=122.8s
2026-05-09 06:04:29  INFO        [Odam-CRE-B          ]  imread image   4.0s  shape=(1555, 448, 805)  2243 MB
2026-05-09 06:04:39  INFO        [Odam-CRE-B          ]  imread masks   6.1s
2026-05-09 06:04:39  INFO        [Odam-CRE-B          ]  load+combine   14.5s total
2026-05-09 06:07:09  INFO      fold=3 ep=160 loss=1.0725 dice=0.7420 inc=0.802 bone=0.873 molar=0.552 ep_s=126.6 val_s=164.5
2026-05-09 06:09:21  INFO      Fold 3 ep 161: loss=1.0585  epoch=131.6s  data_wait=3.4s  gpu=128.2s
2026-05-09 06:11:32  INFO      Fold 3 ep 162: loss=1.1432  epoch=130.5s  data_wait=3.2s  gpu=127.3s
2026-05-09 06:13:42  INFO      Fold 3 ep 163: loss=1.1686  epoch=130.0s  data_wait=3.2s  gpu=126.8s
2026-05-09 06:15:51  INFO      Fold 3 ep 164: loss=1.1891  epoch=129.7s  data_wait=2.5s  gpu=127.2s
2026-05-09 06:18:02  INFO      Fold 3 ep 165: loss=1.2737  epoch=130.5s  data_wait=3.9s  gpu=126.6s
2026-05-09 06:18:06  INFO        [Odam-CRE-B          ]  imread image   3.7s  shape=(1555, 448, 805)  2243 MB
2026-05-09 06:18:15  INFO        [Odam-CRE-B          ]  imread masks   6.4s
2026-05-09 06:18:16  INFO        [Odam-CRE-B          ]  load+combine   14.0s total
2026-05-09 06:21:16  INFO      fold=3 ep=165 loss=1.2737 dice=0.5928 inc=0.591 bone=0.786 molar=0.401 ep_s=130.5 val_s=194.6
2026-05-09 06:23:13  INFO      Fold 3 ep 166: loss=1.2043  epoch=116.5s  data_wait=3.7s  gpu=112.8s
2026-05-09 06:25:18  INFO      Fold 3 ep 167: loss=1.1260  epoch=125.4s  data_wait=2.8s  gpu=122.6s
2026-05-09 06:27:24  INFO      Fold 3 ep 168: loss=1.1275  epoch=125.9s  data_wait=3.2s  gpu=122.7s
2026-05-09 06:29:30  INFO      Fold 3 ep 169: loss=1.1209  epoch=126.0s  data_wait=3.6s  gpu=122.3s
2026-05-09 06:31:36  INFO      Fold 3 ep 170: loss=1.0929  epoch=125.2s  data_wait=2.7s  gpu=122.5s
2026-05-09 06:31:40  INFO        [Odam-CRE-B          ]  imread image   4.0s  shape=(1555, 448, 805)  2243 MB
2026-05-09 06:31:56  INFO        [Odam-CRE-B          ]  imread masks   6.5s
2026-05-09 06:31:57  INFO        [Odam-CRE-B          ]  load+combine   21.2s total
2026-05-09 06:34:26  INFO      fold=3 ep=170 loss=1.0929 dice=0.7210 inc=0.796 bone=0.843 molar=0.524 ep_s=125.2 val_s=170.6
2026-05-09 06:36:38  INFO      Fold 3 ep 171: loss=1.0066  epoch=131.3s  data_wait=3.6s  gpu=127.6s
2026-05-09 06:38:49  INFO      Fold 3 ep 172: loss=1.0819  epoch=131.0s  data_wait=3.2s  gpu=127.8s
2026-05-09 06:40:59  INFO      Fold 3 ep 173: loss=1.0092  epoch=130.4s  data_wait=3.3s  gpu=127.1s
2026-05-09 06:43:10  INFO      Fold 3 ep 174: loss=1.0440  epoch=131.3s  data_wait=3.5s  gpu=127.8s
2026-05-09 06:45:22  INFO      Fold 3 ep 175: loss=1.0698  epoch=131.5s  data_wait=3.5s  gpu=128.0s
2026-05-09 06:45:26  INFO        [Odam-CRE-B          ]  imread image   3.7s  shape=(1555, 448, 805)  2243 MB
2026-05-09 06:45:35  INFO        [Odam-CRE-B          ]  imread masks   6.3s
2026-05-09 06:45:36  INFO        [Odam-CRE-B          ]  load+combine   14.0s total
2026-05-09 06:48:37  INFO      fold=3 ep=175 loss=1.0698 dice=0.7239 inc=0.742 bone=0.870 molar=0.560 ep_s=131.5 val_s=195.0
2026-05-09 06:50:32  INFO      Fold 3 ep 176: loss=1.0575  epoch=115.3s  data_wait=3.1s  gpu=112.3s
2026-05-09 06:52:39  INFO      Fold 3 ep 177: loss=0.9888  epoch=126.1s  data_wait=3.2s  gpu=122.9s
2026-05-09 06:54:45  INFO      Fold 3 ep 178: loss=0.9654  epoch=126.4s  data_wait=3.6s  gpu=122.7s
2026-05-09 06:56:52  INFO      Fold 3 ep 179: loss=1.0614  epoch=126.7s  data_wait=3.7s  gpu=123.0s
2026-05-09 06:58:58  INFO      Fold 3 ep 180: loss=0.9889  epoch=126.7s  data_wait=3.4s  gpu=123.2s
2026-05-09 06:59:02  INFO        [Odam-CRE-B          ]  imread image   3.7s  shape=(1555, 448, 805)  2243 MB
2026-05-09 06:59:12  INFO        [Odam-CRE-B          ]  imread masks   6.4s
2026-05-09 06:59:13  INFO        [Odam-CRE-B          ]  load+combine   14.2s total
2026-05-09 07:01:42  INFO      fold=3 ep=180 loss=0.9889 dice=0.8042 inc=0.825 bone=0.910 molar=0.677 ep_s=126.7 val_s=163.5
2026-05-09 07:03:52  INFO      Fold 3 ep 181: loss=0.9854  epoch=130.1s  data_wait=2.9s  gpu=127.2s
2026-05-09 07:06:02  INFO      Fold 3 ep 182: loss=1.0354  epoch=130.0s  data_wait=3.3s  gpu=126.8s
2026-05-09 07:08:13  INFO      Fold 3 ep 183: loss=1.0054  epoch=130.4s  data_wait=3.8s  gpu=126.6s
2026-05-09 07:10:23  INFO      Fold 3 ep 184: loss=0.9885  epoch=129.8s  data_wait=3.4s  gpu=126.4s
2026-05-09 07:12:33  INFO      Fold 3 ep 185: loss=1.0110  epoch=130.8s  data_wait=3.6s  gpu=127.2s
2026-05-09 07:12:37  INFO        [Odam-CRE-B          ]  imread image   3.6s  shape=(1555, 448, 805)  2243 MB
2026-05-09 07:12:49  INFO        [Odam-CRE-B          ]  imread masks   5.2s
2026-05-09 07:12:50  INFO        [Odam-CRE-B          ]  load+combine   16.6s total
2026-05-09 07:15:49  INFO      fold=3 ep=185 loss=1.0110 dice=0.7111 inc=0.638 bone=0.907 molar=0.588 ep_s=130.8 val_s=195.4
2026-05-09 07:17:44  INFO      Fold 3 ep 186: loss=0.9887  epoch=114.8s  data_wait=3.2s  gpu=111.6s
2026-05-09 07:19:49  INFO      Fold 3 ep 187: loss=1.0314  epoch=124.7s  data_wait=2.6s  gpu=122.1s
2026-05-09 07:21:54  INFO      Fold 3 ep 188: loss=1.0090  epoch=125.4s  data_wait=3.0s  gpu=122.3s
2026-05-09 07:24:00  INFO      Fold 3 ep 189: loss=1.0245  epoch=125.9s  data_wait=3.3s  gpu=122.6s
2026-05-09 07:26:06  INFO      Fold 3 ep 190: loss=0.9919  epoch=125.9s  data_wait=3.2s  gpu=122.7s
2026-05-09 07:26:10  INFO        [Odam-CRE-B          ]  imread image   3.8s  shape=(1555, 448, 805)  2243 MB
2026-05-09 07:26:19  INFO        [Odam-CRE-B          ]  imread masks   5.3s
2026-05-09 07:26:19  INFO        [Odam-CRE-B          ]  load+combine   13.5s total
2026-05-09 07:28:50  INFO      fold=3 ep=190 loss=0.9919 dice=0.7215 inc=0.742 bone=0.863 molar=0.560 ep_s=125.9 val_s=164.1
2026-05-09 07:31:02  INFO      Fold 3 ep 191: loss=0.9491  epoch=131.9s  data_wait=3.6s  gpu=128.3s
2026-05-09 07:33:12  INFO      Fold 3 ep 192: loss=0.9333  epoch=130.5s  data_wait=3.6s  gpu=126.9s
2026-05-09 07:35:23  INFO      Fold 3 ep 193: loss=0.9586  epoch=131.0s  data_wait=3.2s  gpu=127.8s
2026-05-09 07:37:35  INFO      Fold 3 ep 194: loss=0.9667  epoch=131.6s  data_wait=3.7s  gpu=127.9s
2026-05-09 07:39:46  INFO      Fold 3 ep 195: loss=0.9595  epoch=131.3s  data_wait=3.5s  gpu=127.7s
2026-05-09 07:39:50  INFO        [Odam-CRE-B          ]  imread image   3.8s  shape=(1555, 448, 805)  2243 MB
2026-05-09 07:40:01  INFO        [Odam-CRE-B          ]  imread masks   6.6s
2026-05-09 07:40:01  INFO        [Odam-CRE-B          ]  load+combine   14.9s total
2026-05-09 07:43:02  INFO      fold=3 ep=195 loss=0.9595 dice=0.8164 inc=0.845 bone=0.905 molar=0.699 ep_s=131.3 val_s=195.4
2026-05-09 07:44:58  INFO      Fold 3 ep 196: loss=0.9566  epoch=115.9s  data_wait=3.3s  gpu=112.6s
2026-05-09 07:47:04  INFO      Fold 3 ep 197: loss=0.9484  epoch=125.8s  data_wait=2.9s  gpu=122.9s
2026-05-09 07:49:10  INFO      Fold 3 ep 198: loss=0.9513  epoch=126.2s  data_wait=3.6s  gpu=122.6s
2026-05-09 07:51:17  INFO      Fold 3 ep 199: loss=0.9512  epoch=126.9s  data_wait=3.9s  gpu=123.0s
2026-05-09 07:53:24  INFO      Fold 3 ep 200: loss=0.9400  epoch=126.6s  data_wait=3.8s  gpu=122.8s
2026-05-09 07:53:28  INFO        [Odam-CRE-B          ]  imread image   4.0s  shape=(1555, 448, 805)  2243 MB
2026-05-09 07:53:43  INFO        [Odam-CRE-B          ]  imread masks   5.8s
2026-05-09 07:53:44  INFO        [Odam-CRE-B          ]  load+combine   20.3s total
2026-05-09 07:56:13  INFO      fold=3 ep=200 loss=0.9400 dice=0.7451 inc=0.797 bone=0.827 molar=0.612 ep_s=126.6 val_s=169.7
2026-05-09 07:58:25  INFO      Fold 3 ep 201: loss=0.9620  epoch=131.2s  data_wait=3.4s  gpu=127.8s
2026-05-09 08:00:35  INFO      Fold 3 ep 202: loss=0.9280  epoch=130.3s  data_wait=3.3s  gpu=127.1s
2026-05-09 08:02:46  INFO      Fold 3 ep 203: loss=0.9313  epoch=131.0s  data_wait=3.5s  gpu=127.5s
2026-05-09 08:04:57  INFO      Fold 3 ep 204: loss=0.9286  epoch=131.3s  data_wait=3.7s  gpu=127.6s
2026-05-09 08:07:09  INFO      Fold 3 ep 205: loss=0.9185  epoch=131.1s  data_wait=3.3s  gpu=127.8s
2026-05-09 08:07:12  INFO        [Odam-CRE-B          ]  imread image   3.8s  shape=(1555, 448, 805)  2243 MB
2026-05-09 08:07:21  INFO        [Odam-CRE-B          ]  imread masks   5.9s
2026-05-09 08:07:22  INFO        [Odam-CRE-B          ]  load+combine   13.4s total
2026-05-09 08:10:22  INFO      fold=3 ep=205 loss=0.9185 dice=0.8306 inc=0.856 bone=0.919 molar=0.716 ep_s=131.1 val_s=193.5
2026-05-09 08:12:17  INFO      Fold 3 ep 206: loss=0.9439  epoch=114.9s  data_wait=3.2s  gpu=111.7s
2026-05-09 08:14:22  INFO      Fold 3 ep 207: loss=0.9047  epoch=124.8s  data_wait=2.8s  gpu=121.9s
2026-05-09 08:16:28  INFO      Fold 3 ep 208: loss=0.9282  epoch=126.2s  data_wait=3.4s  gpu=122.8s
2026-05-09 08:18:34  INFO      Fold 3 ep 209: loss=0.9042  epoch=126.0s  data_wait=3.4s  gpu=122.6s
2026-05-09 08:20:40  INFO      Fold 3 ep 210: loss=0.9973  epoch=125.4s  data_wait=2.8s  gpu=122.6s
2026-05-09 08:20:43  INFO        [Odam-CRE-B          ]  imread image   3.8s  shape=(1555, 448, 805)  2243 MB
2026-05-09 08:20:53  INFO        [Odam-CRE-B          ]  imread masks   6.5s
2026-05-09 08:20:54  INFO        [Odam-CRE-B          ]  load+combine   14.5s total
2026-05-09 08:23:24  INFO      fold=3 ep=210 loss=0.9973 dice=0.6444 inc=0.623 bone=0.756 molar=0.554 ep_s=125.4 val_s=164.0
2026-05-09 08:25:35  INFO      Fold 3 ep 211: loss=1.0337  epoch=130.9s  data_wait=3.0s  gpu=127.9s
2026-05-09 08:27:45  INFO      Fold 3 ep 212: loss=1.0265  epoch=130.7s  data_wait=3.3s  gpu=127.4s
2026-05-09 08:29:57  INFO      Fold 3 ep 213: loss=0.9402  epoch=131.6s  data_wait=3.8s  gpu=127.8s
2026-05-09 08:32:08  INFO      Fold 3 ep 214: loss=0.9553  epoch=130.5s  data_wait=2.9s  gpu=127.5s
2026-05-09 08:34:19  INFO      Fold 3 ep 215: loss=0.9981  epoch=131.0s  data_wait=3.6s  gpu=127.4s
2026-05-09 08:34:22  INFO        [Odam-CRE-B          ]  imread image   3.9s  shape=(1555, 448, 805)  2243 MB
2026-05-09 08:34:37  INFO        [Odam-CRE-B          ]  imread masks   6.4s
2026-05-09 08:34:38  INFO        [Odam-CRE-B          ]  load+combine   19.6s total
2026-05-09 08:37:39  INFO      fold=3 ep=215 loss=0.9981 dice=0.7535 inc=0.795 bone=0.883 molar=0.582 ep_s=131.0 val_s=200.3
2026-05-09 08:39:35  INFO      Fold 3 ep 216: loss=1.1318  epoch=115.7s  data_wait=3.4s  gpu=112.4s
2026-05-09 08:41:41  INFO      Fold 3 ep 217: loss=0.9371  epoch=126.1s  data_wait=3.5s  gpu=122.5s
2026-05-09 08:43:48  INFO      Fold 3 ep 218: loss=1.0593  epoch=127.0s  data_wait=3.8s  gpu=123.2s
2026-05-09 08:45:53  INFO      Fold 3 ep 219: loss=0.9091  epoch=125.3s  data_wait=3.2s  gpu=122.1s
2026-05-09 08:47:59  INFO      Fold 3 ep 220: loss=0.9258  epoch=125.7s  data_wait=3.1s  gpu=122.5s
2026-05-09 08:48:03  INFO        [Odam-CRE-B          ]  imread image   3.7s  shape=(1555, 448, 805)  2243 MB
2026-05-09 08:48:12  INFO        [Odam-CRE-B          ]  imread masks   6.4s
2026-05-09 08:48:13  INFO        [Odam-CRE-B          ]  load+combine   14.3s total
2026-05-09 08:50:43  INFO      fold=3 ep=220 loss=0.9258 dice=0.8271 inc=0.895 bone=0.892 molar=0.694 ep_s=125.7 val_s=164.0
2026-05-09 08:52:54  INFO      Fold 3 ep 221: loss=0.9536  epoch=130.6s  data_wait=2.6s  gpu=127.9s
2026-05-09 08:55:06  INFO      Fold 3 ep 222: loss=0.8561  epoch=132.0s  data_wait=4.0s  gpu=128.0s
2026-05-09 08:57:16  INFO      Fold 3 ep 223: loss=0.9293  epoch=130.3s  data_wait=2.8s  gpu=127.5s
2026-05-09 08:59:27  INFO      Fold 3 ep 224: loss=0.9063  epoch=131.4s  data_wait=3.6s  gpu=127.8s
2026-05-09 09:01:38  INFO      Fold 3 ep 225: loss=0.8813  epoch=131.1s  data_wait=3.4s  gpu=127.7s
2026-05-09 09:01:42  INFO        [Odam-CRE-B          ]  imread image   3.8s  shape=(1555, 448, 805)  2243 MB
2026-05-09 09:01:52  INFO        [Odam-CRE-B          ]  imread masks   6.2s
2026-05-09 09:01:53  INFO        [Odam-CRE-B          ]  load+combine   14.3s total
2026-05-09 09:04:54  INFO      fold=3 ep=225 loss=0.8813 dice=0.7774 inc=0.821 bone=0.890 molar=0.621 ep_s=131.1 val_s=195.2
2026-05-09 09:06:49  INFO      Fold 3 ep 226: loss=0.8945  epoch=115.6s  data_wait=3.2s  gpu=112.3s
2026-05-09 09:08:55  INFO      Fold 3 ep 227: loss=0.8466  epoch=125.8s  data_wait=3.2s  gpu=122.6s
2026-05-09 09:11:03  INFO      Fold 3 ep 228: loss=0.8526  epoch=127.3s  data_wait=4.0s  gpu=123.2s
2026-05-09 09:13:08  INFO      Fold 3 ep 229: loss=0.8756  epoch=125.5s  data_wait=3.4s  gpu=122.1s
2026-05-09 09:15:14  INFO      Fold 3 ep 230: loss=0.8583  epoch=126.0s  data_wait=3.1s  gpu=122.8s
2026-05-09 09:15:18  INFO        [Odam-CRE-B          ]  imread image   3.7s  shape=(1555, 448, 805)  2243 MB
2026-05-09 09:15:28  INFO        [Odam-CRE-B          ]  imread masks   6.6s
2026-05-09 09:15:29  INFO        [Odam-CRE-B          ]  load+combine   14.7s total
2026-05-09 09:17:58  INFO      fold=3 ep=230 loss=0.8583 dice=0.8299 inc=0.842 bone=0.913 molar=0.734 ep_s=126.0 val_s=164.2
2026-05-09 09:20:09  INFO      Fold 3 ep 231: loss=0.8337  epoch=130.6s  data_wait=3.7s  gpu=126.9s
2026-05-09 09:22:20  INFO      Fold 3 ep 232: loss=0.8432  epoch=130.8s  data_wait=3.4s  gpu=127.3s
2026-05-09 09:24:31  INFO      Fold 3 ep 233: loss=0.8784  epoch=131.2s  data_wait=3.8s  gpu=127.4s
2026-05-09 09:26:42  INFO      Fold 3 ep 234: loss=0.8603  epoch=130.9s  data_wait=3.2s  gpu=127.7s
2026-05-09 09:28:52  INFO      Fold 3 ep 235: loss=0.9085  epoch=130.5s  data_wait=3.1s  gpu=127.4s
2026-05-09 09:28:56  INFO        [Odam-CRE-B          ]  imread image   3.8s  shape=(1555, 448, 805)  2243 MB
2026-05-09 09:29:06  INFO        [Odam-CRE-B          ]  imread masks   6.6s
2026-05-09 09:29:07  INFO        [Odam-CRE-B          ]  load+combine   14.5s total
2026-05-09 09:32:08  INFO      fold=3 ep=235 loss=0.9085 dice=0.8148 inc=0.839 bone=0.905 molar=0.701 ep_s=130.5 val_s=195.7
2026-05-09 09:34:04  INFO      Fold 3 ep 236: loss=0.8669  epoch=115.5s  data_wait=3.0s  gpu=112.5s
2026-05-09 09:36:10  INFO      Fold 3 ep 237: loss=0.8889  epoch=126.2s  data_wait=3.4s  gpu=122.8s
2026-05-09 09:38:16  INFO      Fold 3 ep 238: loss=0.8600  epoch=126.2s  data_wait=3.5s  gpu=122.7s
2026-05-09 09:40:22  INFO      Fold 3 ep 239: loss=0.8737  epoch=125.7s  data_wait=3.0s  gpu=122.6s
2026-05-09 09:42:28  INFO      Fold 3 ep 240: loss=0.8356  epoch=126.0s  data_wait=3.4s  gpu=122.5s
2026-05-09 09:42:32  INFO        [Odam-CRE-B          ]  imread image   3.8s  shape=(1555, 448, 805)  2243 MB
2026-05-09 09:42:44  INFO        [Odam-CRE-B          ]  imread masks   6.4s
2026-05-09 09:42:45  INFO        [Odam-CRE-B          ]  load+combine   16.6s total
2026-05-09 09:45:14  INFO      fold=3 ep=240 loss=0.8356 dice=0.8562 inc=0.879 bone=0.916 molar=0.774 ep_s=126.0 val_s=166.1
2026-05-09 09:47:26  INFO      Fold 3 ep 241: loss=0.8594  epoch=131.5s  data_wait=3.5s  gpu=128.0s
2026-05-09 09:49:37  INFO      Fold 3 ep 242: loss=0.8396  epoch=130.6s  data_wait=3.2s  gpu=127.5s
2026-05-09 09:51:48  INFO      Fold 3 ep 243: loss=0.8938  epoch=131.1s  data_wait=3.4s  gpu=127.7s
2026-05-09 09:53:58  INFO      Fold 3 ep 244: loss=0.8281  epoch=130.3s  data_wait=3.0s  gpu=127.3s
2026-05-09 09:56:09  INFO      Fold 3 ep 245: loss=0.8438  epoch=131.0s  data_wait=3.7s  gpu=127.4s
2026-05-09 09:56:13  INFO        [Odam-CRE-B          ]  imread image   3.8s  shape=(1555, 448, 805)  2243 MB
2026-05-09 09:56:23  INFO        [Odam-CRE-B          ]  imread masks   6.6s
2026-05-09 09:56:23  INFO        [Odam-CRE-B          ]  load+combine   14.3s total
2026-05-09 09:59:24  INFO      fold=3 ep=245 loss=0.8438 dice=0.8359 inc=0.887 bone=0.911 molar=0.710 ep_s=131.0 val_s=194.7
2026-05-09 10:01:20  INFO      Fold 3 ep 246: loss=0.8387  epoch=116.3s  data_wait=3.6s  gpu=112.7s
2026-05-09 10:03:26  INFO      Fold 3 ep 247: loss=0.8748  epoch=126.1s  data_wait=3.8s  gpu=122.3s
2026-05-09 10:05:33  INFO      Fold 3 ep 248: loss=0.8698  epoch=126.8s  data_wait=4.1s  gpu=122.7s
2026-05-09 10:07:39  INFO      Fold 3 ep 249: loss=0.8374  epoch=125.5s  data_wait=3.2s  gpu=122.3s
2026-05-09 10:09:44  INFO      Fold 3 ep 250: loss=0.8151  epoch=125.9s  data_wait=3.4s  gpu=122.5s
2026-05-09 10:09:48  INFO        [Odam-CRE-B          ]  imread image   4.0s  shape=(1555, 448, 805)  2243 MB
2026-05-09 10:10:06  INFO        [Odam-CRE-B          ]  imread masks   6.0s
2026-05-09 10:10:07  INFO        [Odam-CRE-B          ]  load+combine   22.6s total
2026-05-09 10:12:37  INFO      fold=3 ep=250 loss=0.8151 dice=0.8610 inc=0.899 bone=0.924 molar=0.760 ep_s=125.9 val_s=172.0
2026-05-09 10:14:49  INFO      Fold 3 ep 251: loss=0.8484  epoch=132.1s  data_wait=4.0s  gpu=128.1s
2026-05-09 10:17:00  INFO      Fold 3 ep 252: loss=0.8483  epoch=131.2s  data_wait=3.7s  gpu=127.5s
2026-05-09 10:19:11  INFO      Fold 3 ep 253: loss=0.8318  epoch=130.8s  data_wait=3.1s  gpu=127.7s
2026-05-09 10:21:22  INFO      Fold 3 ep 254: loss=0.8575  epoch=131.3s  data_wait=3.8s  gpu=127.5s
2026-05-09 10:23:33  INFO      Fold 3 ep 255: loss=0.7895  epoch=130.6s  data_wait=2.8s  gpu=127.8s
2026-05-09 10:23:37  INFO        [Odam-CRE-B          ]  imread image   4.0s  shape=(1555, 448, 805)  2243 MB
2026-05-09 10:23:46  INFO        [Odam-CRE-B          ]  imread masks   5.8s
2026-05-09 10:23:47  INFO        [Odam-CRE-B          ]  load+combine   13.7s total
2026-05-09 10:26:47  INFO      fold=3 ep=255 loss=0.7895 dice=0.8568 inc=0.891 bone=0.922 molar=0.757 ep_s=130.6 val_s=194.1
2026-05-09 10:28:43  INFO      Fold 3 ep 256: loss=0.8068  epoch=115.7s  data_wait=3.7s  gpu=112.0s
2026-05-09 10:30:49  INFO      Fold 3 ep 257: loss=0.8183  epoch=126.0s  data_wait=3.4s  gpu=122.6s
2026-05-09 10:32:54  INFO      Fold 3 ep 258: loss=0.8165  epoch=125.7s  data_wait=3.0s  gpu=122.7s
2026-05-09 10:35:00  INFO      Fold 3 ep 259: loss=0.8570  epoch=125.2s  data_wait=3.1s  gpu=122.2s
2026-05-09 10:37:06  INFO      Fold 3 ep 260: loss=0.8409  epoch=126.1s  data_wait=3.5s  gpu=122.5s
2026-05-09 10:37:10  INFO        [Odam-CRE-B          ]  imread image   3.8s  shape=(1555, 448, 805)  2243 MB
2026-05-09 10:37:28  INFO        [Odam-CRE-B          ]  imread masks   6.5s
2026-05-09 10:37:29  INFO        [Odam-CRE-B          ]  load+combine   22.7s total
2026-05-09 10:39:58  INFO      fold=3 ep=260 loss=0.8409 dice=0.8735 inc=0.906 bone=0.926 molar=0.789 ep_s=126.1 val_s=172.3
2026-05-09 10:42:09  INFO      Fold 3 ep 261: loss=0.8056  epoch=131.0s  data_wait=3.3s  gpu=127.7s
2026-05-09 10:44:19  INFO      Fold 3 ep 262: loss=0.8091  epoch=130.1s  data_wait=2.9s  gpu=127.1s
2026-05-09 10:46:30  INFO      Fold 3 ep 263: loss=0.8015  epoch=130.7s  data_wait=3.2s  gpu=127.4s
2026-05-09 10:48:41  INFO      Fold 3 ep 264: loss=0.8092  epoch=130.4s  data_wait=3.3s  gpu=127.2s
2026-05-09 10:50:51  INFO      Fold 3 ep 265: loss=0.8060  epoch=130.5s  data_wait=2.9s  gpu=127.6s
2026-05-09 10:50:55  INFO        [Odam-CRE-B          ]  imread image   3.8s  shape=(1555, 448, 805)  2243 MB
2026-05-09 10:51:05  INFO        [Odam-CRE-B          ]  imread masks   6.4s
2026-05-09 10:51:06  INFO        [Odam-CRE-B          ]  load+combine   14.4s total
2026-05-09 10:54:06  INFO      fold=3 ep=265 loss=0.8060 dice=0.8394 inc=0.885 bone=0.909 molar=0.724 ep_s=130.5 val_s=195.3
2026-05-09 10:56:02  INFO      Fold 3 ep 266: loss=0.8077  epoch=115.4s  data_wait=3.0s  gpu=112.4s
2026-05-09 10:58:08  INFO      Fold 3 ep 267: loss=0.8502  epoch=126.0s  data_wait=3.0s  gpu=123.0s
2026-05-09 11:00:14  INFO      Fold 3 ep 268: loss=0.8608  epoch=126.4s  data_wait=4.0s  gpu=122.4s
2026-05-09 11:02:20  INFO      Fold 3 ep 269: loss=0.8160  epoch=125.5s  data_wait=3.2s  gpu=122.3s
2026-05-09 11:04:26  INFO      Fold 3 ep 270: loss=0.8340  epoch=126.1s  data_wait=3.3s  gpu=122.9s
2026-05-09 11:04:30  INFO        [Odam-CRE-B          ]  imread image   3.9s  shape=(1555, 448, 805)  2243 MB
2026-05-09 11:04:40  INFO        [Odam-CRE-B          ]  imread masks   6.1s
2026-05-09 11:04:41  INFO        [Odam-CRE-B          ]  load+combine   14.5s total
2026-05-09 11:07:10  INFO      fold=3 ep=270 loss=0.8340 dice=0.8299 inc=0.885 bone=0.905 molar=0.699 ep_s=126.1 val_s=164.0
2026-05-09 11:09:22  INFO      Fold 3 ep 271: loss=0.8362  epoch=131.5s  data_wait=3.5s  gpu=128.1s
2026-05-09 11:11:33  INFO      Fold 3 ep 272: loss=0.8474  epoch=131.2s  data_wait=3.4s  gpu=127.8s
2026-05-09 11:13:44  INFO      Fold 3 ep 273: loss=0.8321  epoch=130.7s  data_wait=2.9s  gpu=127.8s
2026-05-09 11:15:54  INFO      Fold 3 ep 274: loss=0.8400  epoch=130.7s  data_wait=3.3s  gpu=127.4s
2026-05-09 11:18:05  INFO      Fold 3 ep 275: loss=0.7994  epoch=130.7s  data_wait=3.1s  gpu=127.6s
2026-05-09 11:18:09  INFO        [Odam-CRE-B          ]  imread image   3.8s  shape=(1555, 448, 805)  2243 MB
2026-05-09 11:18:19  INFO        [Odam-CRE-B          ]  imread masks   6.8s
2026-05-09 11:18:20  INFO        [Odam-CRE-B          ]  load+combine   14.7s total
2026-05-09 11:21:21  INFO      fold=3 ep=275 loss=0.7994 dice=0.8575 inc=0.908 bone=0.921 molar=0.743 ep_s=130.7 val_s=195.3
2026-05-09 11:23:17  INFO      Fold 3 ep 276: loss=0.8158  epoch=116.1s  data_wait=3.7s  gpu=112.3s
2026-05-09 11:25:23  INFO      Fold 3 ep 277: loss=0.8386  epoch=126.3s  data_wait=3.3s  gpu=123.0s
2026-05-09 11:27:30  INFO      Fold 3 ep 278: loss=0.8370  epoch=126.9s  data_wait=3.9s  gpu=122.9s
2026-05-09 11:29:36  INFO      Fold 3 ep 279: loss=0.8037  epoch=125.6s  data_wait=3.1s  gpu=122.6s
2026-05-09 11:31:42  INFO      Fold 3 ep 280: loss=0.8091  epoch=126.1s  data_wait=3.5s  gpu=122.6s
2026-05-09 11:31:46  INFO        [Odam-CRE-B          ]  imread image   3.7s  shape=(1555, 448, 805)  2243 MB
2026-05-09 11:31:55  INFO        [Odam-CRE-B          ]  imread masks   6.6s
2026-05-09 11:31:56  INFO        [Odam-CRE-B          ]  load+combine   14.5s total
2026-05-09 11:34:26  INFO      fold=3 ep=280 loss=0.8091 dice=0.8537 inc=0.908 bone=0.918 molar=0.735 ep_s=126.1 val_s=164.2
2026-05-09 11:36:37  INFO      Fold 3 ep 281: loss=0.8268  epoch=131.0s  data_wait=3.3s  gpu=127.7s
2026-05-09 11:38:47  INFO      Fold 3 ep 282: loss=0.8189  epoch=130.0s  data_wait=3.1s  gpu=126.9s
2026-05-09 11:40:59  INFO      Fold 3 ep 283: loss=0.8115  epoch=131.6s  data_wait=4.2s  gpu=127.5s
2026-05-09 11:43:10  INFO      Fold 3 ep 284: loss=0.8204  epoch=131.0s  data_wait=3.3s  gpu=127.7s
2026-05-09 11:45:21  INFO      Fold 3 ep 285: loss=0.8052  epoch=130.8s  data_wait=3.3s  gpu=127.5s
2026-05-09 11:45:24  INFO        [Odam-CRE-B          ]  imread image   3.7s  shape=(1555, 448, 805)  2243 MB
2026-05-09 11:45:34  INFO        [Odam-CRE-B          ]  imread masks   5.9s
2026-05-09 11:45:35  INFO        [Odam-CRE-B          ]  load+combine   14.2s total
2026-05-09 11:48:33  INFO      fold=3 ep=285 loss=0.8052 dice=0.8613 inc=0.908 bone=0.923 molar=0.753 ep_s=130.8 val_s=192.8
2026-05-09 11:50:29  INFO      Fold 3 ep 286: loss=0.8018  epoch=115.4s  data_wait=3.7s  gpu=111.8s
2026-05-09 11:52:35  INFO      Fold 3 ep 287: loss=0.8206  epoch=126.0s  data_wait=3.3s  gpu=122.8s
2026-05-09 11:54:42  INFO      Fold 3 ep 288: loss=0.8530  epoch=126.5s  data_wait=3.5s  gpu=123.0s
2026-05-09 11:56:47  INFO      Fold 3 ep 289: loss=0.8284  epoch=125.5s  data_wait=3.0s  gpu=122.5s
2026-05-09 11:58:53  INFO      Fold 3 ep 290: loss=0.8271  epoch=125.9s  data_wait=3.4s  gpu=122.5s
2026-05-09 11:58:57  INFO        [Odam-CRE-B          ]  imread image   3.7s  shape=(1555, 448, 805)  2243 MB
2026-05-09 11:59:07  INFO        [Odam-CRE-B          ]  imread masks   6.6s
2026-05-09 11:59:08  INFO        [Odam-CRE-B          ]  load+combine   14.7s total
2026-05-09 12:01:37  INFO      fold=3 ep=290 loss=0.8271 dice=0.8579 inc=0.903 bone=0.919 molar=0.751 ep_s=125.9 val_s=163.7
2026-05-09 12:03:48  INFO      Fold 3 ep 291: loss=0.8272  epoch=131.3s  data_wait=3.2s  gpu=128.2s
2026-05-09 12:05:59  INFO      Fold 3 ep 292: loss=0.8413  epoch=131.0s  data_wait=3.7s  gpu=127.4s
2026-05-09 12:08:11  INFO      Fold 3 ep 293: loss=0.7991  epoch=131.5s  data_wait=3.9s  gpu=127.6s
2026-05-09 12:10:22  INFO      Fold 3 ep 294: loss=0.8298  epoch=131.3s  data_wait=3.7s  gpu=127.6s
2026-05-09 12:12:33  INFO      Fold 3 ep 295: loss=0.8212  epoch=130.4s  data_wait=3.3s  gpu=127.1s
2026-05-09 12:12:36  INFO        [Odam-CRE-B          ]  imread image   3.8s  shape=(1555, 448, 805)  2243 MB
2026-05-09 12:12:46  INFO        [Odam-CRE-B          ]  imread masks   6.3s
2026-05-09 12:12:47  INFO        [Odam-CRE-B          ]  load+combine   14.0s total
2026-05-09 12:15:47  INFO      fold=3 ep=295 loss=0.8212 dice=0.8599 inc=0.906 bone=0.920 molar=0.753 ep_s=130.4 val_s=194.6
2026-05-09 12:17:44  INFO      Fold 3 ep 296: loss=0.8402  epoch=116.2s  data_wait=3.5s  gpu=112.7s
2026-05-09 12:19:50  INFO      Fold 3 ep 297: loss=0.8219  epoch=126.8s  data_wait=4.2s  gpu=122.7s
2026-05-09 12:21:56  INFO      Fold 3 ep 298: loss=0.7957  epoch=125.6s  data_wait=3.0s  gpu=122.6s
2026-05-09 12:24:03  INFO      Fold 3 ep 299: loss=0.8491  epoch=127.1s  data_wait=4.2s  gpu=122.9s
2026-05-09 12:26:10  INFO      Fold 3 ep 300: loss=0.8139  epoch=127.0s  data_wait=4.1s  gpu=122.9s
2026-05-09 12:26:14  INFO        [Odam-CRE-B          ]  imread image   4.0s  shape=(1555, 448, 805)  2243 MB
2026-05-09 12:26:24  INFO        [Odam-CRE-B          ]  imread masks   6.2s
2026-05-09 12:26:25  INFO        [Odam-CRE-B          ]  load+combine   14.7s total
2026-05-09 12:28:54  INFO      fold=3 ep=300 loss=0.8139 dice=0.8604 inc=0.907 bone=0.921 molar=0.753 ep_s=127.0 val_s=164.2
2026-05-09 12:29:05  INFO      Fold 4: loading 8 training samples into RAM...
2026-05-09 12:29:07  INFO        Loaded Cont1_5               shape=(1, 1444, 343, 530)  1313 MB  1.2s
2026-05-09 12:29:08  INFO        Loaded Frag_4                shape=(1, 1484, 441, 490)  1603 MB  1.5s
2026-05-09 12:29:11  INFO        Loaded Odam-CRE-A            shape=(1, 1421, 495, 855)  3007 MB  2.9s
2026-05-09 12:29:14  INFO        Loaded Odam-CRE-B            shape=(1, 1571, 464, 821)  2992 MB  3.3s
2026-05-09 12:29:17  INFO        Loaded Odam-CRE-Hifla-A      shape=(1, 1469, 472, 846)  2933 MB  3.0s
2026-05-09 12:29:20  INFO        Loaded Odam-CRE-Hifla-B      shape=(1, 1471, 486, 818)  2924 MB  2.8s
2026-05-09 12:29:23  INFO        Loaded Odam-CRE-Hifla-C      shape=(1, 1630, 434, 752)  2660 MB  2.8s
2026-05-09 12:29:25  INFO        Loaded P27RKO_8um_2K__reoriented  shape=(1, 1550, 245, 672)  1276 MB  2.5s
2026-05-09 12:29:25  INFO      All 8 samples in RAM  total=18708 MB  20.1s
2026-05-09 12:29:25  INFO      Fold 4: dataset ready  items=8  load=20.1s
2026-05-09 12:29:26  INFO      Fold 4: starting fresh | val=Odam-CRE-C | params=4,743,653
2026-05-09 12:29:26  INFO      Fold 4: entering training loop  start_epoch=0
2026-05-09 12:29:29  INFO      Fold 4 ep 1: first batch  wait=3.0s  shape=[48, 1, 96, 96, 96]
2026-05-09 12:29:56  INFO      Fold 4 ep 1: loss=2.3387  epoch=30.0s  data_wait=3.0s  gpu=27.0s
2026-05-09 12:30:10  INFO      Fold 4 ep 2: loss=2.1200  epoch=14.1s  data_wait=11.7s  gpu=2.3s
2026-05-09 12:30:23  INFO      Fold 4 ep 3: loss=2.0422  epoch=13.0s  data_wait=10.7s  gpu=2.3s
2026-05-09 12:30:37  INFO      Fold 4 ep 4: loss=2.0125  epoch=14.1s  data_wait=11.9s  gpu=2.2s
2026-05-09 12:30:50  INFO      Fold 4 ep 5: loss=1.9671  epoch=13.6s  data_wait=11.3s  gpu=2.3s
2026-05-09 12:30:54  INFO        [Odam-CRE-C          ]  imread image   3.9s  shape=(1337, 390, 804)  1677 MB
2026-05-09 12:31:03  INFO        [Odam-CRE-C          ]  imread masks   4.6s
2026-05-09 12:31:04  INFO        [Odam-CRE-C          ]  load+combine   13.4s total
2026-05-09 12:31:26  INFO      fold=4 ep=5 loss=1.9671 dice=0.0120 inc=0.007 bone=0.001 molar=0.028 ep_s=13.6 val_s=35.3
2026-05-09 12:32:22  INFO      Fold 4 ep 6: loss=1.9643  epoch=55.6s  data_wait=5.2s  gpu=50.4s
2026-05-09 12:33:26  INFO      Fold 4 ep 7: loss=1.8902  epoch=64.0s  data_wait=3.5s  gpu=60.5s
2026-05-09 12:34:30  INFO      Fold 4 ep 8: loss=1.9188  epoch=64.4s  data_wait=3.6s  gpu=60.8s
2026-05-09 12:35:35  INFO      Fold 4 ep 9: loss=1.8561  epoch=64.9s  data_wait=4.2s  gpu=60.7s
2026-05-09 12:36:40  INFO      Fold 4 ep 10: loss=1.8241  epoch=65.1s  data_wait=4.2s  gpu=60.9s
2026-05-09 12:36:46  INFO        [Odam-CRE-C          ]  imread image   5.3s  shape=(1337, 390, 804)  1677 MB
2026-05-09 12:36:55  INFO        [Odam-CRE-C          ]  imread masks   5.4s
2026-05-09 12:36:56  INFO        [Odam-CRE-C          ]  load+combine   15.5s total
2026-05-09 12:38:35  INFO      fold=4 ep=10 loss=1.8241 dice=0.0103 inc=0.003 bone=0.000 molar=0.028 ep_s=65.1 val_s=114.6
2026-05-09 12:40:36  INFO      Fold 4 ep 11: loss=1.8643  epoch=120.6s  data_wait=3.4s  gpu=117.2s
2026-05-09 12:42:30  INFO      Fold 4 ep 12: loss=1.8704  epoch=114.0s  data_wait=3.6s  gpu=110.4s
2026-05-09 12:44:23  INFO      Fold 4 ep 13: loss=1.8523  epoch=113.6s  data_wait=3.1s  gpu=110.5s
2026-05-09 12:46:17  INFO      Fold 4 ep 14: loss=1.8501  epoch=113.6s  data_wait=3.0s  gpu=110.6s
2026-05-09 12:48:12  INFO      Fold 4 ep 15: loss=1.8089  epoch=114.8s  data_wait=4.1s  gpu=110.8s
2026-05-09 12:48:15  INFO        [Odam-CRE-C          ]  imread image   3.7s  shape=(1337, 390, 804)  1677 MB
2026-05-09 12:48:24  INFO        [Odam-CRE-C          ]  imread masks   5.3s
2026-05-09 12:48:24  INFO        [Odam-CRE-C          ]  load+combine   12.5s total
2026-05-09 12:49:36  INFO      fold=4 ep=15 loss=1.8089 dice=0.0103 inc=0.002 bone=0.000 molar=0.029 ep_s=114.8 val_s=83.8
2026-05-09 12:50:49  INFO      Fold 4 ep 16: loss=1.8187  epoch=73.5s  data_wait=3.1s  gpu=70.5s
2026-05-09 12:52:03  INFO      Fold 4 ep 17: loss=1.8180  epoch=73.8s  data_wait=3.4s  gpu=70.5s
2026-05-09 12:53:23  INFO      Fold 4 ep 18: loss=1.7903  epoch=79.5s  data_wait=3.6s  gpu=75.9s
2026-05-09 12:54:41  INFO      Fold 4 ep 19: loss=1.7823  epoch=78.4s  data_wait=3.5s  gpu=75.0s
2026-05-09 12:55:59  INFO      Fold 4 ep 20: loss=1.7526  epoch=77.7s  data_wait=2.9s  gpu=74.8s
2026-05-09 12:56:02  INFO        [Odam-CRE-C          ]  imread image   3.2s  shape=(1337, 390, 804)  1677 MB
2026-05-09 12:56:10  INFO        [Odam-CRE-C          ]  imread masks   5.2s
2026-05-09 12:56:10  INFO        [Odam-CRE-C          ]  load+combine   11.4s total
2026-05-09 12:58:30  INFO      fold=4 ep=20 loss=1.7526 dice=0.0106 inc=0.000 bone=0.001 molar=0.030 ep_s=77.7 val_s=151.3
2026-05-09 13:00:05  INFO      Fold 4 ep 21: loss=1.8422  epoch=94.8s  data_wait=3.4s  gpu=91.4s
2026-05-09 13:01:46  INFO      Fold 4 ep 22: loss=1.7746  epoch=100.8s  data_wait=3.3s  gpu=97.5s
2026-05-09 13:03:27  INFO      Fold 4 ep 23: loss=1.7564  epoch=101.5s  data_wait=3.6s  gpu=97.9s
2026-05-09 13:05:08  INFO      Fold 4 ep 24: loss=1.7691  epoch=100.5s  data_wait=3.2s  gpu=97.3s
2026-05-09 13:06:50  INFO      Fold 4 ep 25: loss=1.7396  epoch=102.5s  data_wait=3.4s  gpu=99.1s
2026-05-09 13:06:54  INFO        [Odam-CRE-C          ]  imread image   3.2s  shape=(1337, 390, 804)  1677 MB
2026-05-09 13:07:01  INFO        [Odam-CRE-C          ]  imread masks   5.1s
2026-05-09 13:07:02  INFO        [Odam-CRE-C          ]  load+combine   11.3s total
2026-05-09 13:09:17  INFO      fold=4 ep=25 loss=1.7396 dice=0.0522 inc=0.006 bone=0.095 molar=0.056 ep_s=102.5 val_s=146.2
2026-05-09 13:10:47  INFO      Fold 4 ep 26: loss=1.7295  epoch=89.6s  data_wait=3.5s  gpu=86.0s
2026-05-09 13:12:18  INFO      Fold 4 ep 27: loss=1.7148  epoch=91.6s  data_wait=3.2s  gpu=88.4s
2026-05-09 13:13:50  INFO      Fold 4 ep 28: loss=1.7414  epoch=92.1s  data_wait=3.7s  gpu=88.4s
2026-05-09 13:15:22  INFO      Fold 4 ep 29: loss=1.7053  epoch=91.3s  data_wait=3.2s  gpu=88.1s
2026-05-09 13:16:53  INFO      Fold 4 ep 30: loss=1.6990  epoch=91.5s  data_wait=3.1s  gpu=88.4s
2026-05-09 13:16:56  INFO        [Odam-CRE-C          ]  imread image   3.1s  shape=(1337, 390, 804)  1677 MB
2026-05-09 13:17:04  INFO        [Odam-CRE-C          ]  imread masks   5.2s
2026-05-09 13:17:04  INFO        [Odam-CRE-C          ]  load+combine   11.3s total
2026-05-09 13:19:49  INFO      fold=4 ep=30 loss=1.6990 dice=0.1319 inc=0.049 bone=0.265 molar=0.082 ep_s=91.5 val_s=175.9
2026-05-09 13:21:21  INFO      Fold 4 ep 31: loss=1.6577  epoch=91.7s  data_wait=3.7s  gpu=88.0s
2026-05-09 13:22:53  INFO      Fold 4 ep 32: loss=1.6641  epoch=91.9s  data_wait=3.2s  gpu=88.6s
2026-05-09 13:24:22  INFO      Fold 4 ep 33: loss=1.6897  epoch=89.4s  data_wait=3.3s  gpu=86.2s
2026-05-09 13:25:55  INFO      Fold 4 ep 34: loss=1.6713  epoch=92.8s  data_wait=3.5s  gpu=89.3s
2026-05-09 13:27:27  INFO      Fold 4 ep 35: loss=1.6527  epoch=91.9s  data_wait=3.1s  gpu=88.8s
2026-05-09 13:27:30  INFO        [Odam-CRE-C          ]  imread image   3.2s  shape=(1337, 390, 804)  1677 MB
2026-05-09 13:27:38  INFO        [Odam-CRE-C          ]  imread masks   5.3s
2026-05-09 13:27:39  INFO        [Odam-CRE-C          ]  load+combine   11.5s total
2026-05-09 13:30:51  INFO      fold=4 ep=35 loss=1.6527 dice=0.1087 inc=0.006 bone=0.212 molar=0.108 ep_s=91.9 val_s=204.3
2026-05-09 13:32:19  INFO      Fold 4 ep 36: loss=1.7133  epoch=87.2s  data_wait=3.5s  gpu=83.7s
2026-05-09 13:33:43  INFO      Fold 4 ep 37: loss=1.6423  epoch=84.6s  data_wait=3.6s  gpu=81.0s
2026-05-09 13:35:05  INFO      Fold 4 ep 38: loss=1.6413  epoch=81.4s  data_wait=3.6s  gpu=77.8s
2026-05-09 13:36:29  INFO      Fold 4 ep 39: loss=1.6367  epoch=84.6s  data_wait=3.6s  gpu=81.0s
2026-05-09 13:37:54  INFO      Fold 4 ep 40: loss=1.6205  epoch=84.5s  data_wait=3.6s  gpu=80.9s
2026-05-09 13:37:57  INFO        [Odam-CRE-C          ]  imread image   3.1s  shape=(1337, 390, 804)  1677 MB
2026-05-09 13:38:04  INFO        [Odam-CRE-C          ]  imread masks   5.0s
2026-05-09 13:38:05  INFO        [Odam-CRE-C          ]  load+combine   11.0s total
2026-05-09 13:40:47  INFO      fold=4 ep=40 loss=1.6205 dice=0.1444 inc=0.010 bone=0.294 molar=0.129 ep_s=84.5 val_s=173.0
2026-05-09 13:42:09  INFO      Fold 4 ep 41: loss=1.6570  epoch=81.9s  data_wait=3.0s  gpu=78.9s
2026-05-09 13:43:34  INFO      Fold 4 ep 42: loss=1.6134  epoch=84.8s  data_wait=3.9s  gpu=81.0s
2026-05-09 13:44:53  INFO      Fold 4 ep 43: loss=1.6121  epoch=78.8s  data_wait=3.8s  gpu=75.0s
2026-05-09 13:46:16  INFO      Fold 4 ep 44: loss=1.6251  epoch=83.7s  data_wait=3.3s  gpu=80.4s
2026-05-09 13:47:41  INFO      Fold 4 ep 45: loss=1.5947  epoch=84.6s  data_wait=4.0s  gpu=80.6s
2026-05-09 13:47:44  INFO        [Odam-CRE-C          ]  imread image   3.1s  shape=(1337, 390, 804)  1677 MB
2026-05-09 13:47:52  INFO        [Odam-CRE-C          ]  imread masks   5.1s
2026-05-09 13:47:52  INFO        [Odam-CRE-C          ]  load+combine   11.1s total
2026-05-09 13:50:43  INFO      fold=4 ep=45 loss=1.5947 dice=0.2013 inc=0.038 bone=0.407 molar=0.158 ep_s=84.6 val_s=181.6
2026-05-09 13:52:10  INFO      Fold 4 ep 46: loss=1.5838  epoch=86.6s  data_wait=2.9s  gpu=83.6s
2026-05-09 13:53:34  INFO      Fold 4 ep 47: loss=1.5780  epoch=84.4s  data_wait=3.4s  gpu=81.0s
2026-05-09 13:54:55  INFO      Fold 4 ep 48: loss=1.5759  epoch=81.2s  data_wait=3.5s  gpu=77.7s
2026-05-09 13:56:20  INFO      Fold 4 ep 49: loss=1.5706  epoch=84.7s  data_wait=3.4s  gpu=81.3s
2026-05-09 13:57:44  INFO      Fold 4 ep 50: loss=1.5995  epoch=84.2s  data_wait=3.2s  gpu=81.0s
2026-05-09 13:57:47  INFO        [Odam-CRE-C          ]  imread image   3.1s  shape=(1337, 390, 804)  1677 MB
2026-05-09 13:57:55  INFO        [Odam-CRE-C          ]  imread masks   5.3s
2026-05-09 13:57:55  INFO        [Odam-CRE-C          ]  load+combine   11.2s total
2026-05-09 14:00:38  INFO      fold=4 ep=50 loss=1.5995 dice=0.3171 inc=0.140 bone=0.652 molar=0.159 ep_s=84.2 val_s=173.3
2026-05-09 14:02:00  INFO      Fold 4 ep 51: loss=1.5698  epoch=82.7s  data_wait=3.3s  gpu=79.4s
2026-05-09 14:03:24  INFO      Fold 4 ep 52: loss=1.5680  epoch=83.9s  data_wait=3.0s  gpu=80.9s
2026-05-09 14:04:43  INFO      Fold 4 ep 53: loss=1.5767  epoch=79.1s  data_wait=3.8s  gpu=75.2s
2026-05-09 14:06:07  INFO      Fold 4 ep 54: loss=1.5210  epoch=83.7s  data_wait=3.4s  gpu=80.3s
2026-05-09 14:07:31  INFO      Fold 4 ep 55: loss=1.5667  epoch=84.3s  data_wait=3.3s  gpu=81.0s
2026-05-09 14:07:35  INFO        [Odam-CRE-C          ]  imread image   3.1s  shape=(1337, 390, 804)  1677 MB
2026-05-09 14:07:42  INFO        [Odam-CRE-C          ]  imread masks   5.2s
2026-05-09 14:07:43  INFO        [Odam-CRE-C          ]  load+combine   11.3s total
2026-05-09 14:10:33  INFO      fold=4 ep=55 loss=1.5667 dice=0.3119 inc=0.076 bone=0.624 molar=0.236 ep_s=84.3 val_s=181.4
2026-05-09 14:12:00  INFO      Fold 4 ep 56: loss=1.6056  epoch=86.6s  data_wait=3.0s  gpu=83.6s
2026-05-09 14:13:23  INFO      Fold 4 ep 57: loss=1.5767  epoch=83.6s  data_wait=2.8s  gpu=80.8s
2026-05-09 14:14:44  INFO      Fold 4 ep 58: loss=1.5581  epoch=81.1s  data_wait=3.5s  gpu=77.6s
2026-05-09 14:16:10  INFO      Fold 4 ep 59: loss=1.5131  epoch=85.1s  data_wait=3.9s  gpu=81.2s
2026-05-09 14:17:34  INFO      Fold 4 ep 60: loss=1.5585  epoch=84.4s  data_wait=3.5s  gpu=80.9s
2026-05-09 14:17:37  INFO        [Odam-CRE-C          ]  imread image   3.2s  shape=(1337, 390, 804)  1677 MB
2026-05-09 14:17:44  INFO        [Odam-CRE-C          ]  imread masks   5.1s
2026-05-09 14:17:45  INFO        [Odam-CRE-C          ]  load+combine   11.1s total
2026-05-09 14:20:27  INFO      fold=4 ep=60 loss=1.5585 dice=0.3782 inc=0.305 bone=0.614 molar=0.216 ep_s=84.4 val_s=173.3
2026-05-09 14:21:49  INFO      Fold 4 ep 61: loss=1.5359  epoch=81.9s  data_wait=3.0s  gpu=78.9s
2026-05-09 14:23:14  INFO      Fold 4 ep 62: loss=1.5405  epoch=84.3s  data_wait=3.4s  gpu=81.0s
2026-05-09 14:24:32  INFO      Fold 4 ep 63: loss=1.5256  epoch=78.6s  data_wait=3.6s  gpu=75.0s
2026-05-09 14:25:56  INFO      Fold 4 ep 64: loss=1.5191  epoch=83.6s  data_wait=3.5s  gpu=80.2s
2026-05-09 14:27:20  INFO      Fold 4 ep 65: loss=1.5047  epoch=84.1s  data_wait=3.4s  gpu=80.7s
2026-05-09 14:27:23  INFO        [Odam-CRE-C          ]  imread image   3.1s  shape=(1337, 390, 804)  1677 MB
2026-05-09 14:27:31  INFO        [Odam-CRE-C          ]  imread masks   5.1s
2026-05-09 14:27:31  INFO        [Odam-CRE-C          ]  load+combine   11.0s total
2026-05-09 14:30:21  INFO      fold=4 ep=65 loss=1.5047 dice=0.3607 inc=0.077 bone=0.742 molar=0.263 ep_s=84.1 val_s=181.0
2026-05-09 14:31:48  INFO      Fold 4 ep 66: loss=1.5109  epoch=87.0s  data_wait=3.6s  gpu=83.3s
2026-05-09 14:33:13  INFO      Fold 4 ep 67: loss=1.4761  epoch=84.6s  data_wait=3.5s  gpu=81.0s
2026-05-09 14:34:34  INFO      Fold 4 ep 68: loss=1.5000  epoch=81.6s  data_wait=3.8s  gpu=77.8s
2026-05-09 14:35:59  INFO      Fold 4 ep 69: loss=1.5050  epoch=84.5s  data_wait=3.4s  gpu=81.1s
2026-05-09 14:37:23  INFO      Fold 4 ep 70: loss=1.4743  epoch=84.5s  data_wait=3.6s  gpu=80.9s
2026-05-09 14:37:27  INFO        [Odam-CRE-C          ]  imread image   3.1s  shape=(1337, 390, 804)  1677 MB
2026-05-09 14:37:34  INFO        [Odam-CRE-C          ]  imread masks   4.9s
2026-05-09 14:37:34  INFO        [Odam-CRE-C          ]  load+combine   10.8s total
2026-05-09 14:40:17  INFO      fold=4 ep=70 loss=1.4743 dice=0.4021 inc=0.244 bone=0.727 molar=0.235 ep_s=84.5 val_s=173.2
2026-05-09 14:41:40  INFO      Fold 4 ep 71: loss=1.4653  epoch=82.7s  data_wait=3.6s  gpu=79.1s
2026-05-09 14:43:03  INFO      Fold 4 ep 72: loss=1.4933  epoch=83.5s  data_wait=2.8s  gpu=80.7s
2026-05-09 14:44:21  INFO      Fold 4 ep 73: loss=1.4481  epoch=78.1s  data_wait=3.1s  gpu=75.0s
2026-05-09 14:45:45  INFO      Fold 4 ep 74: loss=1.4331  epoch=84.0s  data_wait=3.3s  gpu=80.7s
2026-05-09 14:47:09  INFO      Fold 4 ep 75: loss=1.4576  epoch=83.7s  data_wait=2.9s  gpu=80.8s
2026-05-09 14:47:12  INFO        [Odam-CRE-C          ]  imread image   3.1s  shape=(1337, 390, 804)  1677 MB
2026-05-09 14:47:19  INFO        [Odam-CRE-C          ]  imread masks   5.1s
2026-05-09 14:47:20  INFO        [Odam-CRE-C          ]  load+combine   11.0s total
2026-05-09 14:50:11  INFO      fold=4 ep=75 loss=1.4576 dice=0.4522 inc=0.353 bone=0.713 molar=0.291 ep_s=83.7 val_s=181.5
2026-05-09 14:51:37  INFO      Fold 4 ep 76: loss=1.4341  epoch=86.1s  data_wait=2.8s  gpu=83.3s
2026-05-09 14:53:01  INFO      Fold 4 ep 77: loss=1.4532  epoch=83.8s  data_wait=3.2s  gpu=80.6s
2026-05-09 14:54:24  INFO      Fold 4 ep 78: loss=1.4408  epoch=82.9s  data_wait=3.1s  gpu=79.8s
2026-05-09 14:55:53  INFO      Fold 4 ep 79: loss=1.4467  epoch=89.1s  data_wait=4.3s  gpu=84.8s
2026-05-09 15:07:54  INFO      Pipeline starting  |  output=runs
2026-05-09 15:07:54  INFO      Log file: runs\pipeline.log
2026-05-09 15:07:54  INFO      Discovered 9 samples in ..\segmentation_results
2026-05-09 15:07:54  INFO      Found 9 samples: ['Cont1_5', 'Frag_4', 'Odam-CRE-A', 'Odam-CRE-B', 'Odam-CRE-C', 'Odam-CRE-Hifla-A', 'Odam-CRE-Hifla-B', 'Odam-CRE-Hifla-C', 'P27RKO_8um_2K__reoriented']
2026-05-09 15:07:54  INFO      Skipping already-complete folds: [0, 1, 2, 3]
2026-05-09 15:07:54  INFO      Folds to train: [4, 5, 6, 7, 8]  (5 total)
2026-05-09 15:07:54  INFO        [Odam-CRE-B          ]  already cached  img=2394 MB
2026-05-09 15:07:54  INFO        [Frag_4              ]  already cached  img=1283 MB
2026-05-09 15:07:54  INFO        [Cont1_5             ]  already cached  img=1050 MB
2026-05-09 15:07:54  INFO        [Odam-CRE-A          ]  already cached  img=2406 MB
2026-05-09 15:07:54  INFO        [Odam-CRE-C          ]  already cached  img=1802 MB
2026-05-09 15:07:54  INFO        [Odam-CRE-Hifla-A    ]  already cached  img=2346 MB
2026-05-09 15:07:54  INFO        [Odam-CRE-Hifla-B    ]  already cached  img=2339 MB
2026-05-09 15:07:54  INFO        [Odam-CRE-Hifla-C    ]  already cached  img=2128 MB
2026-05-09 15:07:54  INFO        [P27RKO_8um_2K__reoriented]  already cached  img=1021 MB
2026-05-09 15:07:54  INFO      Disk cache ready for 9 samples  |  time=0s
2026-05-09 15:07:55  INFO      Fold 4: loading 8 training samples into RAM...
2026-05-09 15:07:56  INFO        Loaded Cont1_5               shape=(1, 1444, 343, 530)  1313 MB  1.1s
2026-05-09 15:07:57  INFO        Loaded Frag_4                shape=(1, 1484, 441, 490)  1603 MB  1.4s
2026-05-09 15:08:00  INFO        Loaded Odam-CRE-A            shape=(1, 1421, 495, 855)  3007 MB  2.6s
2026-05-09 15:08:02  INFO        Loaded Odam-CRE-B            shape=(1, 1571, 464, 821)  2992 MB  2.6s
2026-05-09 15:08:05  INFO        Loaded Odam-CRE-Hifla-A      shape=(1, 1469, 472, 846)  2933 MB  2.5s
2026-05-09 15:08:07  INFO        Loaded Odam-CRE-Hifla-B      shape=(1, 1471, 486, 818)  2924 MB  2.5s
2026-05-09 15:08:10  INFO        Loaded Odam-CRE-Hifla-C      shape=(1, 1630, 434, 752)  2660 MB  2.3s
2026-05-09 15:08:11  INFO        Loaded P27RKO_8um_2K__reoriented  shape=(1, 1550, 245, 672)  1276 MB  1.1s
2026-05-09 15:08:11  INFO      All 8 samples in RAM  total=18708 MB  16.1s
2026-05-09 15:08:11  INFO      Fold 4: dataset ready  items=8  load=16.1s
2026-05-09 15:08:24  INFO      Fold 4: resuming from ep 75  best=0.4522
2026-05-09 15:08:24  INFO      Fold 4: entering training loop  start_epoch=75
2026-05-09 15:08:27  INFO      Fold 4 ep 76: first batch  wait=3.2s  shape=[48, 1, 96, 96, 96]
2026-05-09 15:08:46  INFO      Fold 4 ep 76: loss=1.4523  epoch=21.3s  data_wait=3.2s  gpu=18.1s
2026-05-09 15:09:00  INFO      Fold 4 ep 77: loss=1.4805  epoch=14.9s  data_wait=12.3s  gpu=2.5s
2026-05-09 15:09:15  INFO      Fold 4 ep 78: loss=1.4542  epoch=15.0s  data_wait=12.7s  gpu=2.3s
2026-05-09 15:09:30  INFO      Fold 4 ep 79: loss=1.4398  epoch=14.6s  data_wait=12.4s  gpu=2.2s
2026-05-09 15:09:43  INFO      Fold 4 ep 80: loss=1.4391  epoch=13.4s  data_wait=11.3s  gpu=2.2s
2026-05-09 15:09:48  INFO        [Odam-CRE-C          ]  imread image   4.3s  shape=(1337, 390, 804)  1677 MB
2026-05-09 15:09:55  INFO        [Odam-CRE-C          ]  imread masks   4.1s
2026-05-09 15:09:55  INFO        [Odam-CRE-C          ]  load+combine   11.6s total
2026-05-09 15:10:20  INFO      fold=4 ep=80 loss=1.4391 dice=0.3709 inc=0.203 bone=0.639 molar=0.270 ep_s=13.4 val_s=37.0
2026-05-09 15:10:34  INFO      Fold 4 ep 81: loss=1.4519  epoch=13.8s  data_wait=11.4s  gpu=2.3s
2026-05-09 15:10:50  INFO      Fold 4 ep 82: loss=1.4365  epoch=15.3s  data_wait=13.0s  gpu=2.3s
2026-05-09 15:11:08  INFO      Fold 4 ep 83: loss=1.4349  epoch=18.2s  data_wait=15.8s  gpu=2.5s
2026-05-09 15:11:27  INFO      Fold 4 ep 84: loss=1.4341  epoch=18.7s  data_wait=16.3s  gpu=2.4s
2026-05-09 15:11:42  INFO      Fold 4 ep 85: loss=1.4577  epoch=15.0s  data_wait=12.5s  gpu=2.5s
2026-05-09 15:11:45  INFO        [Odam-CRE-C          ]  imread image   3.3s  shape=(1337, 390, 804)  1677 MB
2026-05-09 15:11:53  INFO        [Odam-CRE-C          ]  imread masks   4.9s
2026-05-09 15:11:53  INFO        [Odam-CRE-C          ]  load+combine   11.5s total
2026-05-09 15:11:59  INFO      fold=4 ep=85 loss=1.4577 dice=0.3988 inc=0.159 bone=0.777 molar=0.261 ep_s=15.0 val_s=16.8
2026-05-09 15:12:14  INFO      Fold 4 ep 86: loss=1.4824  epoch=15.0s  data_wait=12.7s  gpu=2.3s
2026-05-09 15:12:28  INFO      Fold 4 ep 87: loss=1.4363  epoch=14.6s  data_wait=12.5s  gpu=2.1s
2026-05-09 15:12:43  INFO      Fold 4 ep 88: loss=1.4232  epoch=14.4s  data_wait=12.1s  gpu=2.3s
2026-05-09 15:12:57  INFO      Fold 4 ep 89: loss=1.4679  epoch=14.4s  data_wait=12.2s  gpu=2.2s
2026-05-09 15:13:11  INFO      Fold 4 ep 90: loss=1.4137  epoch=14.2s  data_wait=11.8s  gpu=2.4s
2026-05-09 15:13:15  INFO        [Odam-CRE-C          ]  imread image   3.3s  shape=(1337, 390, 804)  1677 MB
2026-05-09 15:13:22  INFO        [Odam-CRE-C          ]  imread masks   5.1s
2026-05-09 15:13:22  INFO        [Odam-CRE-C          ]  load+combine   11.1s total
2026-05-09 15:13:28  INFO      fold=4 ep=90 loss=1.4137 dice=0.4940 inc=0.431 bone=0.752 molar=0.299 ep_s=14.2 val_s=16.5
2026-05-09 15:13:43  INFO      Fold 4 ep 91: loss=1.4073  epoch=14.5s  data_wait=12.2s  gpu=2.3s
2026-05-09 15:13:56  INFO      Fold 4 ep 92: loss=1.3798  epoch=13.6s  data_wait=11.3s  gpu=2.4s
2026-05-09 15:14:11  INFO      Fold 4 ep 93: loss=1.3457  epoch=15.0s  data_wait=12.7s  gpu=2.4s
2026-05-09 15:14:26  INFO      Fold 4 ep 94: loss=1.3537  epoch=14.8s  data_wait=12.7s  gpu=2.2s
2026-05-09 15:14:41  INFO      Fold 4 ep 95: loss=1.3622  epoch=15.1s  data_wait=12.7s  gpu=2.4s
2026-05-09 15:14:44  INFO        [Odam-CRE-C          ]  imread image   3.0s  shape=(1337, 390, 804)  1677 MB
2026-05-09 15:14:52  INFO        [Odam-CRE-C          ]  imread masks   5.3s
2026-05-09 15:14:52  INFO        [Odam-CRE-C          ]  load+combine   11.2s total
2026-05-09 15:14:58  INFO      fold=4 ep=95 loss=1.3622 dice=0.5446 inc=0.405 bone=0.843 molar=0.386 ep_s=15.1 val_s=16.4
2026-05-09 15:15:13  INFO      Fold 4 ep 96: loss=1.3137  epoch=15.2s  data_wait=12.8s  gpu=2.3s
2026-05-09 15:15:28  INFO      Fold 4 ep 97: loss=1.2957  epoch=15.1s  data_wait=12.7s  gpu=2.4s
2026-05-09 15:15:44  INFO      Fold 4 ep 98: loss=1.3786  epoch=15.5s  data_wait=13.0s  gpu=2.5s
2026-05-09 15:15:59  INFO      Fold 4 ep 99: loss=1.3654  epoch=15.1s  data_wait=12.8s  gpu=2.3s
2026-05-09 15:16:14  INFO      Fold 4 ep 100: loss=1.3323  epoch=14.7s  data_wait=12.3s  gpu=2.3s
2026-05-09 15:16:17  INFO        [Odam-CRE-C          ]  imread image   3.3s  shape=(1337, 390, 804)  1677 MB
2026-05-09 15:16:24  INFO        [Odam-CRE-C          ]  imread masks   5.3s
2026-05-09 15:16:25  INFO        [Odam-CRE-C          ]  load+combine   11.4s total
2026-05-09 15:16:30  INFO      fold=4 ep=100 loss=1.3323 dice=0.5036 inc=0.265 bone=0.873 molar=0.373 ep_s=14.7 val_s=16.6
2026-05-09 15:16:45  INFO      Fold 4 ep 101: loss=1.3302  epoch=15.0s  data_wait=12.5s  gpu=2.4s
2026-05-09 15:17:00  INFO      Fold 4 ep 102: loss=1.5033  epoch=14.6s  data_wait=12.1s  gpu=2.5s
2026-05-09 15:17:14  INFO      Fold 4 ep 103: loss=1.3987  epoch=14.4s  data_wait=12.0s  gpu=2.4s
2026-05-09 15:17:28  INFO      Fold 4 ep 104: loss=1.3651  epoch=14.0s  data_wait=11.6s  gpu=2.4s
2026-05-09 15:17:43  INFO      Fold 4 ep 105: loss=1.3133  epoch=14.2s  data_wait=11.9s  gpu=2.3s
2026-05-09 15:17:46  INFO        [Odam-CRE-C          ]  imread image   3.2s  shape=(1337, 390, 804)  1677 MB
2026-05-09 15:17:53  INFO        [Odam-CRE-C          ]  imread masks   5.3s
2026-05-09 15:17:54  INFO        [Odam-CRE-C          ]  load+combine   11.2s total
2026-05-09 15:17:59  INFO      fold=4 ep=105 loss=1.3133 dice=0.4741 inc=0.264 bone=0.807 molar=0.351 ep_s=14.2 val_s=16.5
2026-05-09 15:18:13  INFO      Fold 4 ep 106: loss=1.3409  epoch=14.0s  data_wait=11.6s  gpu=2.4s
2026-05-09 15:18:28  INFO      Fold 4 ep 107: loss=1.3760  epoch=14.8s  data_wait=12.5s  gpu=2.3s
2026-05-09 15:18:43  INFO      Fold 4 ep 108: loss=1.3100  epoch=15.0s  data_wait=12.8s  gpu=2.2s
2026-05-09 15:18:58  INFO      Fold 4 ep 109: loss=1.3155  epoch=15.3s  data_wait=13.0s  gpu=2.3s
2026-05-09 15:19:12  INFO      Fold 4 ep 110: loss=1.2559  epoch=13.6s  data_wait=11.0s  gpu=2.6s
2026-05-09 15:19:15  INFO        [Odam-CRE-C          ]  imread image   3.1s  shape=(1337, 390, 804)  1677 MB
2026-05-09 15:19:23  INFO        [Odam-CRE-C          ]  imread masks   5.3s
2026-05-09 15:19:23  INFO        [Odam-CRE-C          ]  load+combine   11.2s total
2026-05-09 15:19:29  INFO      fold=4 ep=110 loss=1.2559 dice=0.5832 inc=0.554 bone=0.822 molar=0.374 ep_s=13.6 val_s=16.4
2026-05-09 15:19:43  INFO      Fold 4 ep 111: loss=1.2966  epoch=14.3s  data_wait=11.8s  gpu=2.5s
2026-05-09 15:19:57  INFO      Fold 4 ep 112: loss=1.3159  epoch=13.5s  data_wait=11.4s  gpu=2.1s
2026-05-09 15:20:12  INFO      Fold 4 ep 113: loss=1.3416  epoch=15.1s  data_wait=12.8s  gpu=2.3s
2026-05-09 15:20:26  INFO      Fold 4 ep 114: loss=1.3769  epoch=14.4s  data_wait=12.0s  gpu=2.3s
2026-05-09 15:20:40  INFO      Fold 4 ep 115: loss=1.2933  epoch=14.2s  data_wait=11.9s  gpu=2.3s
2026-05-09 15:20:43  INFO        [Odam-CRE-C          ]  imread image   3.1s  shape=(1337, 390, 804)  1677 MB
2026-05-09 15:20:51  INFO        [Odam-CRE-C          ]  imread masks   5.3s
2026-05-09 15:20:51  INFO        [Odam-CRE-C          ]  load+combine   11.2s total
2026-05-09 15:20:57  INFO      fold=4 ep=115 loss=1.2933 dice=0.6028 inc=0.567 bone=0.842 molar=0.399 ep_s=14.2 val_s=16.4
2026-05-09 15:21:12  INFO      Fold 4 ep 116: loss=1.3044  epoch=14.6s  data_wait=12.2s  gpu=2.4s
2026-05-09 15:21:26  INFO      Fold 4 ep 117: loss=1.2577  epoch=13.9s  data_wait=11.6s  gpu=2.3s
2026-05-09 15:21:41  INFO      Fold 4 ep 118: loss=1.2945  epoch=15.0s  data_wait=12.7s  gpu=2.3s
2026-05-09 15:21:56  INFO      Fold 4 ep 119: loss=1.2604  epoch=15.6s  data_wait=13.2s  gpu=2.4s
2026-05-09 15:22:11  INFO      Fold 4 ep 120: loss=1.2685  epoch=15.0s  data_wait=12.9s  gpu=2.1s
2026-05-09 15:22:14  INFO        [Odam-CRE-C          ]  imread image   3.1s  shape=(1337, 390, 804)  1677 MB
2026-05-09 15:22:22  INFO        [Odam-CRE-C          ]  imread masks   5.2s
2026-05-09 15:22:22  INFO        [Odam-CRE-C          ]  load+combine   11.0s total
2026-05-09 15:22:27  INFO      fold=4 ep=120 loss=1.2685 dice=0.5910 inc=0.533 bone=0.842 molar=0.397 ep_s=15.0 val_s=16.3
2026-05-09 15:22:42  INFO      Fold 4 ep 121: loss=1.2861  epoch=14.5s  data_wait=12.3s  gpu=2.2s
2026-05-09 15:22:57  INFO      Fold 4 ep 122: loss=1.2697  epoch=15.2s  data_wait=12.8s  gpu=2.3s
2026-05-09 15:23:12  INFO      Fold 4 ep 123: loss=1.3066  epoch=14.8s  data_wait=12.6s  gpu=2.2s
2026-05-09 15:23:28  INFO      Fold 4 ep 124: loss=1.2844  epoch=15.5s  data_wait=13.0s  gpu=2.6s
2026-05-09 15:23:43  INFO      Fold 4 ep 125: loss=1.2630  epoch=15.0s  data_wait=12.6s  gpu=2.4s
2026-05-09 15:23:46  INFO        [Odam-CRE-C          ]  imread image   3.1s  shape=(1337, 390, 804)  1677 MB
2026-05-09 15:23:53  INFO        [Odam-CRE-C          ]  imread masks   5.1s
2026-05-09 15:23:54  INFO        [Odam-CRE-C          ]  load+combine   11.0s total
2026-05-09 15:23:59  INFO      fold=4 ep=125 loss=1.2630 dice=0.6167 inc=0.668 bone=0.799 molar=0.383 ep_s=15.0 val_s=16.1
2026-05-09 15:24:14  INFO      Fold 4 ep 126: loss=1.2024  epoch=14.8s  data_wait=12.5s  gpu=2.3s
2026-05-09 15:24:29  INFO      Fold 4 ep 127: loss=1.2037  epoch=14.8s  data_wait=12.1s  gpu=2.7s
2026-05-09 15:24:43  INFO      Fold 4 ep 128: loss=1.2455  epoch=14.7s  data_wait=12.3s  gpu=2.4s
2026-05-09 15:24:58  INFO      Fold 4 ep 129: loss=1.2044  epoch=14.3s  data_wait=11.9s  gpu=2.4s
2026-05-09 15:25:14  INFO      Fold 4 ep 130: loss=1.2233  epoch=16.0s  data_wait=13.5s  gpu=2.5s
2026-05-09 15:25:17  INFO        [Odam-CRE-C          ]  imread image   3.1s  shape=(1337, 390, 804)  1677 MB
2026-05-09 15:25:24  INFO        [Odam-CRE-C          ]  imread masks   5.1s
2026-05-09 15:25:25  INFO        [Odam-CRE-C          ]  load+combine   11.1s total
2026-05-09 15:25:30  INFO      fold=4 ep=130 loss=1.2233 dice=0.5956 inc=0.555 bone=0.840 molar=0.392 ep_s=16.0 val_s=16.4
2026-05-09 15:25:44  INFO      Fold 4 ep 131: loss=1.1987  epoch=13.8s  data_wait=11.4s  gpu=2.4s
2026-05-09 15:26:00  INFO      Fold 4 ep 132: loss=1.1884  epoch=15.9s  data_wait=13.3s  gpu=2.6s
2026-05-09 15:26:14  INFO      Fold 4 ep 133: loss=1.1603  epoch=13.6s  data_wait=11.2s  gpu=2.4s
2026-05-09 15:26:28  INFO      Fold 4 ep 134: loss=1.1616  epoch=14.7s  data_wait=12.4s  gpu=2.3s
2026-05-09 15:26:43  INFO      Fold 4 ep 135: loss=1.1829  epoch=14.9s  data_wait=12.4s  gpu=2.5s
2026-05-09 15:26:46  INFO        [Odam-CRE-C          ]  imread image   3.1s  shape=(1337, 390, 804)  1677 MB
2026-05-09 15:26:54  INFO        [Odam-CRE-C          ]  imread masks   5.1s
2026-05-09 15:26:54  INFO        [Odam-CRE-C          ]  load+combine   10.9s total
2026-05-09 15:27:00  INFO      fold=4 ep=135 loss=1.1829 dice=0.6658 inc=0.586 bone=0.916 molar=0.495 ep_s=14.9 val_s=16.4
2026-05-09 15:27:14  INFO      Fold 4 ep 136: loss=1.2094  epoch=14.6s  data_wait=12.2s  gpu=2.4s
2026-05-09 15:27:29  INFO      Fold 4 ep 137: loss=1.3008  epoch=15.0s  data_wait=12.6s  gpu=2.4s
2026-05-09 15:27:44  INFO      Fold 4 ep 138: loss=1.1457  epoch=14.8s  data_wait=12.3s  gpu=2.5s
2026-05-09 15:27:58  INFO      Fold 4 ep 139: loss=1.1069  epoch=14.1s  data_wait=11.9s  gpu=2.2s
2026-05-09 15:28:13  INFO      Fold 4 ep 140: loss=1.1674  epoch=14.3s  data_wait=11.9s  gpu=2.3s
2026-05-09 15:28:16  INFO        [Odam-CRE-C          ]  imread image   3.0s  shape=(1337, 390, 804)  1677 MB
2026-05-09 15:28:23  INFO        [Odam-CRE-C          ]  imread masks   5.2s
2026-05-09 15:28:24  INFO        [Odam-CRE-C          ]  load+combine   10.9s total
2026-05-09 15:28:29  INFO      fold=4 ep=140 loss=1.1674 dice=0.6698 inc=0.587 bone=0.916 molar=0.507 ep_s=14.3 val_s=16.1
2026-05-09 15:28:45  INFO      Fold 4 ep 141: loss=1.1208  epoch=16.0s  data_wait=13.6s  gpu=2.4s
2026-05-09 15:28:59  INFO      Fold 4 ep 142: loss=1.3142  epoch=14.3s  data_wait=12.0s  gpu=2.4s
2026-05-09 15:29:15  INFO      Fold 4 ep 143: loss=1.1250  epoch=15.2s  data_wait=12.7s  gpu=2.5s
2026-05-09 15:29:30  INFO      Fold 4 ep 144: loss=1.1163  epoch=15.1s  data_wait=12.8s  gpu=2.3s
2026-05-09 15:29:44  INFO      Fold 4 ep 145: loss=1.1950  epoch=14.1s  data_wait=11.9s  gpu=2.3s
2026-05-09 15:29:47  INFO        [Odam-CRE-C          ]  imread image   3.1s  shape=(1337, 390, 804)  1677 MB
2026-05-09 15:29:54  INFO        [Odam-CRE-C          ]  imread masks   5.1s
2026-05-09 15:29:55  INFO        [Odam-CRE-C          ]  load+combine   11.0s total
2026-05-09 15:30:00  INFO      fold=4 ep=145 loss=1.1950 dice=0.6825 inc=0.626 bone=0.912 molar=0.510 ep_s=14.1 val_s=16.2
2026-05-09 15:30:17  INFO      Fold 4 ep 146: loss=1.1409  epoch=16.2s  data_wait=13.9s  gpu=2.4s
2026-05-09 15:30:30  INFO      Fold 4 ep 147: loss=1.1604  epoch=13.6s  data_wait=11.2s  gpu=2.3s
2026-05-09 15:30:45  INFO      Fold 4 ep 148: loss=1.1581  epoch=14.8s  data_wait=12.2s  gpu=2.6s
2026-05-09 15:31:00  INFO      Fold 4 ep 149: loss=1.0626  epoch=14.6s  data_wait=12.2s  gpu=2.4s
2026-05-09 15:31:15  INFO      Fold 4 ep 150: loss=1.0644  epoch=15.1s  data_wait=12.7s  gpu=2.4s
2026-05-09 15:31:18  INFO        [Odam-CRE-C          ]  imread image   3.1s  shape=(1337, 390, 804)  1677 MB
2026-05-09 15:31:25  INFO        [Odam-CRE-C          ]  imread masks   5.1s
2026-05-09 15:31:26  INFO        [Odam-CRE-C          ]  load+combine   11.0s total
2026-05-09 15:31:31  INFO      fold=4 ep=150 loss=1.0644 dice=0.7583 inc=0.787 bone=0.888 molar=0.600 ep_s=15.1 val_s=16.1
2026-05-09 15:31:46  INFO      Fold 4 ep 151: loss=1.0774  epoch=14.5s  data_wait=11.8s  gpu=2.7s
2026-05-09 15:32:01  INFO      Fold 4 ep 152: loss=1.0656  epoch=15.0s  data_wait=12.5s  gpu=2.5s
2026-05-09 15:32:17  INFO      Fold 4 ep 153: loss=1.0426  epoch=16.0s  data_wait=13.5s  gpu=2.5s
2026-05-09 15:32:30  INFO      Fold 4 ep 154: loss=1.0603  epoch=13.6s  data_wait=11.4s  gpu=2.2s
2026-05-09 15:32:46  INFO      Fold 4 ep 155: loss=1.0829  epoch=15.6s  data_wait=13.5s  gpu=2.2s
2026-05-09 15:32:49  INFO        [Odam-CRE-C          ]  imread image   3.1s  shape=(1337, 390, 804)  1677 MB
2026-05-09 15:32:56  INFO        [Odam-CRE-C          ]  imread masks   5.2s
2026-05-09 15:32:57  INFO        [Odam-CRE-C          ]  load+combine   11.0s total
2026-05-09 15:33:02  INFO      fold=4 ep=155 loss=1.0829 dice=0.8078 inc=0.804 bone=0.910 molar=0.709 ep_s=15.6 val_s=16.2
2026-05-09 15:33:18  INFO      Fold 4 ep 156: loss=1.1343  epoch=15.6s  data_wait=13.2s  gpu=2.4s
2026-05-09 15:33:33  INFO      Fold 4 ep 157: loss=1.0758  epoch=14.5s  data_wait=12.3s  gpu=2.2s
2026-05-09 15:33:48  INFO      Fold 4 ep 158: loss=1.1803  epoch=15.1s  data_wait=12.9s  gpu=2.2s
2026-05-09 15:34:03  INFO      Fold 4 ep 159: loss=1.1132  epoch=15.1s  data_wait=12.7s  gpu=2.4s
2026-05-09 15:34:16  INFO      Fold 4 ep 160: loss=1.1740  epoch=13.4s  data_wait=11.0s  gpu=2.4s
2026-05-09 15:34:19  INFO        [Odam-CRE-C          ]  imread image   3.1s  shape=(1337, 390, 804)  1677 MB
2026-05-09 15:34:27  INFO        [Odam-CRE-C          ]  imread masks   5.2s
2026-05-09 15:34:27  INFO        [Odam-CRE-C          ]  load+combine   11.0s total
2026-05-09 15:34:33  INFO      fold=4 ep=160 loss=1.1740 dice=0.6549 inc=0.732 bone=0.864 molar=0.369 ep_s=13.4 val_s=16.2
2026-05-09 15:34:47  INFO      Fold 4 ep 161: loss=1.2074  epoch=14.6s  data_wait=12.1s  gpu=2.5s
2026-05-09 15:35:01  INFO      Fold 4 ep 162: loss=1.2149  epoch=13.8s  data_wait=11.3s  gpu=2.6s
2026-05-09 15:35:16  INFO      Fold 4 ep 163: loss=1.0654  epoch=14.8s  data_wait=12.3s  gpu=2.5s
2026-05-09 15:35:30  INFO      Fold 4 ep 164: loss=1.1065  epoch=13.7s  data_wait=11.4s  gpu=2.3s
2026-05-09 15:35:45  INFO      Fold 4 ep 165: loss=1.0941  epoch=15.4s  data_wait=13.2s  gpu=2.2s
2026-05-09 15:35:48  INFO        [Odam-CRE-C          ]  imread image   3.2s  shape=(1337, 390, 804)  1677 MB
2026-05-09 15:35:56  INFO        [Odam-CRE-C          ]  imread masks   5.2s
2026-05-09 15:35:56  INFO        [Odam-CRE-C          ]  load+combine   11.1s total
2026-05-09 15:36:01  INFO      fold=4 ep=165 loss=1.0941 dice=0.7564 inc=0.830 bone=0.907 molar=0.532 ep_s=15.4 val_s=16.3
2026-05-09 15:36:17  INFO      Fold 4 ep 166: loss=1.0568  epoch=14.9s  data_wait=12.7s  gpu=2.3s
2026-05-09 15:36:31  INFO      Fold 4 ep 167: loss=1.0414  epoch=14.4s  data_wait=12.0s  gpu=2.4s
2026-05-09 15:36:47  INFO      Fold 4 ep 168: loss=1.0766  epoch=15.8s  data_wait=13.4s  gpu=2.3s
2026-05-09 15:37:01  INFO      Fold 4 ep 169: loss=0.9684  epoch=14.1s  data_wait=11.7s  gpu=2.4s
2026-05-09 15:37:16  INFO      Fold 4 ep 170: loss=1.0045  epoch=15.5s  data_wait=13.2s  gpu=2.3s
2026-05-09 15:37:20  INFO        [Odam-CRE-C          ]  imread image   3.3s  shape=(1337, 390, 804)  1677 MB
2026-05-09 15:37:27  INFO        [Odam-CRE-C          ]  imread masks   5.0s
2026-05-09 15:37:27  INFO        [Odam-CRE-C          ]  load+combine   11.1s total
2026-05-09 15:37:33  INFO      fold=4 ep=170 loss=1.0045 dice=0.7975 inc=0.879 bone=0.890 molar=0.624 ep_s=15.5 val_s=16.2
2026-05-09 15:37:48  INFO      Fold 4 ep 171: loss=0.9715  epoch=15.2s  data_wait=12.7s  gpu=2.5s
2026-05-09 15:38:03  INFO      Fold 4 ep 172: loss=0.9889  epoch=15.0s  data_wait=12.4s  gpu=2.6s
2026-05-09 15:38:18  INFO      Fold 4 ep 173: loss=0.9752  epoch=14.9s  data_wait=12.6s  gpu=2.3s
2026-05-09 15:38:32  INFO      Fold 4 ep 174: loss=1.0341  epoch=14.2s  data_wait=12.1s  gpu=2.1s
2026-05-09 15:38:45  INFO      Fold 4 ep 175: loss=1.0272  epoch=13.2s  data_wait=11.0s  gpu=2.2s
2026-05-09 15:38:49  INFO        [Odam-CRE-C          ]  imread image   3.3s  shape=(1337, 390, 804)  1677 MB
2026-05-09 15:38:56  INFO        [Odam-CRE-C          ]  imread masks   5.2s
2026-05-09 15:38:56  INFO        [Odam-CRE-C          ]  load+combine   11.2s total
2026-05-09 15:39:02  INFO      fold=4 ep=175 loss=1.0272 dice=0.7659 inc=0.767 bone=0.916 molar=0.615 ep_s=13.2 val_s=16.5
2026-05-09 15:39:17  INFO      Fold 4 ep 176: loss=0.9994  epoch=15.2s  data_wait=12.8s  gpu=2.5s
2026-05-09 15:39:31  INFO      Fold 4 ep 177: loss=0.9669  epoch=14.0s  data_wait=11.7s  gpu=2.3s
2026-05-09 15:39:45  INFO      Fold 4 ep 178: loss=0.9805  epoch=14.2s  data_wait=12.0s  gpu=2.3s
2026-05-09 15:40:01  INFO      Fold 4 ep 179: loss=0.9793  epoch=15.2s  data_wait=12.8s  gpu=2.3s
2026-05-09 15:40:15  INFO      Fold 4 ep 180: loss=0.9515  epoch=14.5s  data_wait=12.1s  gpu=2.4s
2026-05-09 15:40:18  INFO        [Odam-CRE-C          ]  imread image   3.3s  shape=(1337, 390, 804)  1677 MB
2026-05-09 15:40:26  INFO        [Odam-CRE-C          ]  imread masks   5.0s
2026-05-09 15:40:26  INFO        [Odam-CRE-C          ]  load+combine   11.0s total
2026-05-09 15:40:32  INFO      fold=4 ep=180 loss=0.9515 dice=0.8359 inc=0.860 bone=0.928 molar=0.720 ep_s=14.5 val_s=16.3
2026-05-09 15:40:47  INFO      Fold 4 ep 181: loss=0.9779  epoch=15.0s  data_wait=12.7s  gpu=2.3s
2026-05-09 15:41:01  INFO      Fold 4 ep 182: loss=0.9781  epoch=14.0s  data_wait=11.7s  gpu=2.3s
2026-05-09 15:41:14  INFO      Fold 4 ep 183: loss=1.0044  epoch=13.7s  data_wait=11.4s  gpu=2.2s
2026-05-09 15:41:28  INFO      Fold 4 ep 184: loss=0.9700  epoch=13.6s  data_wait=11.2s  gpu=2.4s
2026-05-09 15:41:42  INFO      Fold 4 ep 185: loss=0.9908  epoch=14.0s  data_wait=11.6s  gpu=2.4s
2026-05-09 15:41:45  INFO        [Odam-CRE-C          ]  imread image   3.1s  shape=(1337, 390, 804)  1677 MB
2026-05-09 15:41:53  INFO        [Odam-CRE-C          ]  imread masks   5.3s
2026-05-09 15:41:53  INFO        [Odam-CRE-C          ]  load+combine   11.1s total
2026-05-09 15:41:58  INFO      fold=4 ep=185 loss=0.9908 dice=0.7914 inc=0.852 bone=0.906 molar=0.617 ep_s=14.0 val_s=16.3
2026-05-09 15:42:12  INFO      Fold 4 ep 186: loss=0.9911  epoch=13.9s  data_wait=11.6s  gpu=2.3s
2026-05-09 15:42:27  INFO      Fold 4 ep 187: loss=0.9703  epoch=14.3s  data_wait=11.5s  gpu=2.8s
2026-05-09 15:42:42  INFO      Fold 4 ep 188: loss=0.9549  epoch=14.8s  data_wait=12.5s  gpu=2.3s
2026-05-09 15:42:56  INFO      Fold 4 ep 189: loss=0.9268  epoch=14.0s  data_wait=11.7s  gpu=2.3s
2026-05-09 15:43:09  INFO      Fold 4 ep 190: loss=0.9551  epoch=13.8s  data_wait=11.4s  gpu=2.3s
2026-05-09 15:43:12  INFO        [Odam-CRE-C          ]  imread image   3.1s  shape=(1337, 390, 804)  1677 MB
2026-05-09 15:43:20  INFO        [Odam-CRE-C          ]  imread masks   5.4s
2026-05-09 15:43:21  INFO        [Odam-CRE-C          ]  load+combine   11.3s total
2026-05-09 15:43:26  INFO      fold=4 ep=190 loss=0.9551 dice=0.7836 inc=0.825 bone=0.932 molar=0.594 ep_s=13.8 val_s=16.5
2026-05-09 15:43:42  INFO      Fold 4 ep 191: loss=0.9603  epoch=15.5s  data_wait=13.1s  gpu=2.4s
2026-05-09 15:43:56  INFO      Fold 4 ep 192: loss=0.8934  epoch=14.7s  data_wait=12.3s  gpu=2.4s
2026-05-09 15:44:11  INFO      Fold 4 ep 193: loss=0.8725  epoch=15.1s  data_wait=12.6s  gpu=2.4s
2026-05-09 15:44:26  INFO      Fold 4 ep 194: loss=0.9321  epoch=14.7s  data_wait=12.2s  gpu=2.5s
2026-05-09 15:44:41  INFO      Fold 4 ep 195: loss=0.9316  epoch=14.6s  data_wait=12.3s  gpu=2.3s
2026-05-09 15:44:44  INFO        [Odam-CRE-C          ]  imread image   3.1s  shape=(1337, 390, 804)  1677 MB
2026-05-09 15:44:51  INFO        [Odam-CRE-C          ]  imread masks   5.3s
2026-05-09 15:44:52  INFO        [Odam-CRE-C          ]  load+combine   11.2s total
2026-05-09 15:44:57  INFO      fold=4 ep=195 loss=0.9316 dice=0.8333 inc=0.895 bone=0.929 molar=0.675 ep_s=14.6 val_s=16.4
2026-05-09 15:45:12  INFO      Fold 4 ep 196: loss=0.9110  epoch=14.5s  data_wait=12.4s  gpu=2.2s
2026-05-09 15:45:26  INFO      Fold 4 ep 197: loss=0.9075  epoch=14.3s  data_wait=11.8s  gpu=2.5s
2026-05-09 15:45:42  INFO      Fold 4 ep 198: loss=0.9103  epoch=15.5s  data_wait=13.2s  gpu=2.3s
2026-05-09 15:45:55  INFO      Fold 4 ep 199: loss=0.9243  epoch=13.5s  data_wait=11.3s  gpu=2.2s
2026-05-09 15:46:10  INFO      Fold 4 ep 200: loss=0.9014  epoch=14.7s  data_wait=12.2s  gpu=2.5s
2026-05-09 15:46:13  INFO        [Odam-CRE-C          ]  imread image   3.1s  shape=(1337, 390, 804)  1677 MB
2026-05-09 15:46:21  INFO        [Odam-CRE-C          ]  imread masks   5.4s
2026-05-09 15:46:21  INFO        [Odam-CRE-C          ]  load+combine   11.3s total
2026-05-09 15:46:26  INFO      fold=4 ep=200 loss=0.9014 dice=0.8618 inc=0.915 bone=0.935 molar=0.735 ep_s=14.7 val_s=16.4
2026-05-09 15:46:41  INFO      Fold 4 ep 201: loss=0.9257  epoch=14.8s  data_wait=12.2s  gpu=2.5s
2026-05-09 15:46:56  INFO      Fold 4 ep 202: loss=0.9239  epoch=15.2s  data_wait=12.9s  gpu=2.3s
2026-05-09 15:47:13  INFO      Fold 4 ep 203: loss=0.9407  epoch=16.0s  data_wait=13.7s  gpu=2.4s
2026-05-09 15:47:28  INFO      Fold 4 ep 204: loss=0.8945  epoch=15.0s  data_wait=12.7s  gpu=2.3s
2026-05-09 15:47:41  INFO      Fold 4 ep 205: loss=0.9321  epoch=13.7s  data_wait=11.5s  gpu=2.2s
2026-05-09 15:47:44  INFO        [Odam-CRE-C          ]  imread image   3.1s  shape=(1337, 390, 804)  1677 MB
2026-05-09 15:47:51  INFO        [Odam-CRE-C          ]  imread masks   4.9s
2026-05-09 15:47:52  INFO        [Odam-CRE-C          ]  load+combine   10.7s total
2026-05-09 15:47:57  INFO      fold=4 ep=205 loss=0.9321 dice=0.8407 inc=0.885 bone=0.928 molar=0.709 ep_s=13.7 val_s=15.9
2026-05-09 15:48:12  INFO      Fold 4 ep 206: loss=1.0120  epoch=14.6s  data_wait=12.5s  gpu=2.2s
2026-05-09 15:48:25  INFO      Fold 4 ep 207: loss=0.9467  epoch=13.3s  data_wait=11.0s  gpu=2.3s
2026-05-09 15:48:40  INFO      Fold 4 ep 208: loss=0.9613  epoch=15.2s  data_wait=12.8s  gpu=2.4s
2026-05-09 15:48:56  INFO      Fold 4 ep 209: loss=0.8773  epoch=15.8s  data_wait=13.5s  gpu=2.4s
2026-05-09 15:49:11  INFO      Fold 4 ep 210: loss=0.8808  epoch=14.9s  data_wait=12.6s  gpu=2.3s
2026-05-09 15:49:14  INFO        [Odam-CRE-C          ]  imread image   3.1s  shape=(1337, 390, 804)  1677 MB
2026-05-09 15:49:22  INFO        [Odam-CRE-C          ]  imread masks   5.3s
2026-05-09 15:49:22  INFO        [Odam-CRE-C          ]  load+combine   11.2s total
2026-05-09 15:49:28  INFO      fold=4 ep=210 loss=0.8808 dice=0.8617 inc=0.921 bone=0.942 molar=0.722 ep_s=14.9 val_s=16.5
2026-05-09 15:49:42  INFO      Fold 4 ep 211: loss=0.8906  epoch=14.0s  data_wait=11.7s  gpu=2.2s
2026-05-09 15:49:57  INFO      Fold 4 ep 212: loss=0.8937  epoch=15.3s  data_wait=13.1s  gpu=2.2s
2026-05-09 15:50:12  INFO      Fold 4 ep 213: loss=0.8827  epoch=15.2s  data_wait=13.0s  gpu=2.2s
2026-05-09 15:50:28  INFO      Fold 4 ep 214: loss=0.8663  epoch=16.0s  data_wait=13.7s  gpu=2.3s
2026-05-09 15:50:44  INFO      Fold 4 ep 215: loss=0.8746  epoch=15.8s  data_wait=13.6s  gpu=2.2s
2026-05-09 15:50:47  INFO        [Odam-CRE-C          ]  imread image   3.1s  shape=(1337, 390, 804)  1677 MB
2026-05-09 15:50:55  INFO        [Odam-CRE-C          ]  imread masks   5.2s
2026-05-09 15:50:55  INFO        [Odam-CRE-C          ]  load+combine   11.1s total
2026-05-09 15:51:01  INFO      fold=4 ep=215 loss=0.8746 dice=0.8638 inc=0.907 bone=0.938 molar=0.747 ep_s=15.8 val_s=16.2
2026-05-09 15:51:15  INFO      Fold 4 ep 216: loss=0.8935  epoch=14.3s  data_wait=11.8s  gpu=2.5s
2026-05-09 15:51:31  INFO      Fold 4 ep 217: loss=0.8655  epoch=16.2s  data_wait=14.0s  gpu=2.2s
2026-05-09 15:51:45  INFO      Fold 4 ep 218: loss=0.8781  epoch=13.8s  data_wait=11.6s  gpu=2.3s
2026-05-09 15:52:01  INFO      Fold 4 ep 219: loss=0.8223  epoch=15.5s  data_wait=13.2s  gpu=2.3s
2026-05-09 15:52:15  INFO      Fold 4 ep 220: loss=0.8341  epoch=14.3s  data_wait=12.1s  gpu=2.3s
2026-05-09 15:52:18  INFO        [Odam-CRE-C          ]  imread image   3.1s  shape=(1337, 390, 804)  1677 MB
2026-05-09 15:52:25  INFO        [Odam-CRE-C          ]  imread masks   5.1s
2026-05-09 15:52:26  INFO        [Odam-CRE-C          ]  load+combine   10.9s total
2026-05-09 15:52:31  INFO      fold=4 ep=220 loss=0.8341 dice=0.8855 inc=0.912 bone=0.941 molar=0.803 ep_s=14.3 val_s=16.3
2026-05-09 15:52:47  INFO      Fold 4 ep 221: loss=0.8438  epoch=15.8s  data_wait=13.6s  gpu=2.2s
2026-05-09 15:53:01  INFO      Fold 4 ep 222: loss=0.8365  epoch=13.7s  data_wait=11.5s  gpu=2.3s
2026-05-09 15:53:17  INFO      Fold 4 ep 223: loss=0.8798  epoch=15.7s  data_wait=13.6s  gpu=2.2s
2026-05-09 15:53:33  INFO      Fold 4 ep 224: loss=0.8307  epoch=15.7s  data_wait=13.4s  gpu=2.3s
2026-05-09 15:53:46  INFO      Fold 4 ep 225: loss=0.8441  epoch=13.7s  data_wait=11.5s  gpu=2.2s
2026-05-09 15:53:49  INFO        [Odam-CRE-C          ]  imread image   3.1s  shape=(1337, 390, 804)  1677 MB
2026-05-09 15:53:57  INFO        [Odam-CRE-C          ]  imread masks   5.2s
2026-05-09 15:53:57  INFO        [Odam-CRE-C          ]  load+combine   11.0s total
2026-05-09 15:54:03  INFO      fold=4 ep=225 loss=0.8441 dice=0.8839 inc=0.929 bone=0.950 molar=0.773 ep_s=13.7 val_s=16.3
2026-05-09 15:54:18  INFO      Fold 4 ep 226: loss=0.8493  epoch=15.3s  data_wait=12.9s  gpu=2.3s
2026-05-09 15:54:33  INFO      Fold 4 ep 227: loss=0.8498  epoch=15.3s  data_wait=13.1s  gpu=2.2s
2026-05-09 15:54:49  INFO      Fold 4 ep 228: loss=0.8251  epoch=15.7s  data_wait=13.3s  gpu=2.4s
2026-05-09 15:55:05  INFO      Fold 4 ep 229: loss=0.8467  epoch=15.5s  data_wait=13.3s  gpu=2.2s
2026-05-09 15:55:20  INFO      Fold 4 ep 230: loss=0.8535  epoch=15.3s  data_wait=12.9s  gpu=2.3s
2026-05-09 15:55:23  INFO        [Odam-CRE-C          ]  imread image   3.1s  shape=(1337, 390, 804)  1677 MB
2026-05-09 15:55:30  INFO        [Odam-CRE-C          ]  imread masks   5.2s
2026-05-09 15:55:31  INFO        [Odam-CRE-C          ]  load+combine   11.1s total
2026-05-09 15:55:36  INFO      fold=4 ep=230 loss=0.8535 dice=0.8917 inc=0.927 bone=0.944 molar=0.804 ep_s=15.3 val_s=16.3
2026-05-09 15:55:51  INFO      Fold 4 ep 231: loss=0.8392  epoch=14.6s  data_wait=12.2s  gpu=2.4s
2026-05-09 15:56:06  INFO      Fold 4 ep 232: loss=0.8412  epoch=15.3s  data_wait=12.9s  gpu=2.3s
2026-05-09 15:56:21  INFO      Fold 4 ep 233: loss=0.8188  epoch=14.9s  data_wait=12.7s  gpu=2.3s
2026-05-09 15:56:35  INFO      Fold 4 ep 234: loss=0.8065  epoch=13.8s  data_wait=11.4s  gpu=2.4s
2026-05-09 15:56:49  INFO      Fold 4 ep 235: loss=0.8068  epoch=14.4s  data_wait=12.0s  gpu=2.4s
2026-05-09 15:56:53  INFO        [Odam-CRE-C          ]  imread image   3.1s  shape=(1337, 390, 804)  1677 MB
2026-05-09 15:57:00  INFO        [Odam-CRE-C          ]  imread masks   5.4s
2026-05-09 15:57:01  INFO        [Odam-CRE-C          ]  load+combine   11.2s total
2026-05-09 15:57:06  INFO      fold=4 ep=235 loss=0.8068 dice=0.8740 inc=0.914 bone=0.937 molar=0.771 ep_s=14.4 val_s=16.4
2026-05-09 15:57:22  INFO      Fold 4 ep 236: loss=0.8032  epoch=15.7s  data_wait=13.5s  gpu=2.3s
2026-05-09 15:57:37  INFO      Fold 4 ep 237: loss=0.8108  epoch=14.9s  data_wait=12.6s  gpu=2.3s
2026-05-09 15:57:52  INFO      Fold 4 ep 238: loss=0.8268  epoch=15.4s  data_wait=13.1s  gpu=2.3s
2026-05-09 15:58:07  INFO      Fold 4 ep 239: loss=0.8079  epoch=14.7s  data_wait=12.5s  gpu=2.2s
2026-05-09 15:58:22  INFO      Fold 4 ep 240: loss=0.8130  epoch=15.4s  data_wait=13.0s  gpu=2.4s
2026-05-09 15:58:25  INFO        [Odam-CRE-C          ]  imread image   2.8s  shape=(1337, 390, 804)  1677 MB
2026-05-09 15:58:31  INFO        [Odam-CRE-C          ]  imread masks   3.9s
2026-05-09 15:58:32  INFO        [Odam-CRE-C          ]  load+combine   9.3s total
2026-05-09 15:58:37  INFO      fold=4 ep=240 loss=0.8130 dice=0.8309 inc=0.908 bone=0.918 molar=0.667 ep_s=15.4 val_s=14.5
2026-05-09 15:58:51  INFO      Fold 4 ep 241: loss=0.8309  epoch=14.5s  data_wait=12.0s  gpu=2.5s
2026-05-09 15:59:06  INFO      Fold 4 ep 242: loss=0.8606  epoch=14.8s  data_wait=12.5s  gpu=2.4s
2026-05-09 15:59:22  INFO      Fold 4 ep 243: loss=0.8389  epoch=16.0s  data_wait=13.8s  gpu=2.2s
2026-05-09 15:59:39  INFO      Fold 4 ep 244: loss=0.8171  epoch=16.7s  data_wait=14.0s  gpu=2.7s
2026-05-09 15:59:55  INFO      Fold 4 ep 245: loss=0.8144  epoch=15.7s  data_wait=13.3s  gpu=2.4s
2026-05-09 15:59:58  INFO        [Odam-CRE-C          ]  imread image   2.8s  shape=(1337, 390, 804)  1677 MB
2026-05-09 16:00:04  INFO        [Odam-CRE-C          ]  imread masks   4.4s
2026-05-09 16:00:04  INFO        [Odam-CRE-C          ]  load+combine   9.8s total
2026-05-09 16:00:10  INFO      fold=4 ep=245 loss=0.8144 dice=0.8821 inc=0.935 bone=0.947 molar=0.765 ep_s=15.7 val_s=14.9
2026-05-09 16:00:25  INFO      Fold 4 ep 246: loss=0.7750  epoch=15.3s  data_wait=12.7s  gpu=2.6s
2026-05-09 16:00:42  INFO      Fold 4 ep 247: loss=0.8110  epoch=16.6s  data_wait=14.4s  gpu=2.3s
2026-05-09 16:00:57  INFO      Fold 4 ep 248: loss=0.7975  epoch=15.2s  data_wait=12.8s  gpu=2.4s
2026-05-09 16:01:13  INFO      Fold 4 ep 249: loss=0.7869  epoch=16.3s  data_wait=14.0s  gpu=2.2s
2026-05-09 16:01:28  INFO      Fold 4 ep 250: loss=0.8245  epoch=14.8s  data_wait=12.7s  gpu=2.1s
2026-05-09 16:01:31  INFO        [Odam-CRE-C          ]  imread image   2.8s  shape=(1337, 390, 804)  1677 MB
2026-05-09 16:01:37  INFO        [Odam-CRE-C          ]  imread masks   4.2s
2026-05-09 16:01:38  INFO        [Odam-CRE-C          ]  load+combine   9.7s total
2026-05-09 16:01:43  INFO      fold=4 ep=250 loss=0.8245 dice=0.8828 inc=0.919 bone=0.943 molar=0.786 ep_s=14.8 val_s=14.8
2026-05-09 16:01:57  INFO      Fold 4 ep 251: loss=0.8233  epoch=14.0s  data_wait=11.8s  gpu=2.2s
2026-05-09 16:02:12  INFO      Fold 4 ep 252: loss=0.8213  epoch=14.9s  data_wait=12.7s  gpu=2.3s
2026-05-09 16:02:27  INFO      Fold 4 ep 253: loss=0.7965  epoch=15.4s  data_wait=12.9s  gpu=2.5s
2026-05-09 16:02:42  INFO      Fold 4 ep 254: loss=0.7846  epoch=14.4s  data_wait=12.2s  gpu=2.2s
2026-05-09 16:02:57  INFO      Fold 4 ep 255: loss=0.7928  epoch=14.8s  data_wait=12.5s  gpu=2.3s
2026-05-09 16:02:59  INFO        [Odam-CRE-C          ]  imread image   2.7s  shape=(1337, 390, 804)  1677 MB
2026-05-09 16:03:06  INFO        [Odam-CRE-C          ]  imread masks   4.3s
2026-05-09 16:03:06  INFO        [Odam-CRE-C          ]  load+combine   9.5s total
2026-05-09 16:03:11  INFO      fold=4 ep=255 loss=0.7928 dice=0.8834 inc=0.938 bone=0.953 molar=0.759 ep_s=14.8 val_s=14.5
2026-05-09 16:03:26  INFO      Fold 4 ep 256: loss=0.7868  epoch=14.6s  data_wait=12.5s  gpu=2.1s
2026-05-09 16:03:41  INFO      Fold 4 ep 257: loss=0.8147  epoch=14.7s  data_wait=12.4s  gpu=2.3s
2026-05-09 16:03:56  INFO      Fold 4 ep 258: loss=0.8106  epoch=15.2s  data_wait=12.8s  gpu=2.4s
2026-05-09 16:04:11  INFO      Fold 4 ep 259: loss=0.7644  epoch=14.7s  data_wait=12.3s  gpu=2.4s
2026-05-09 16:04:26  INFO      Fold 4 ep 260: loss=0.8041  epoch=15.4s  data_wait=12.7s  gpu=2.6s
2026-05-09 16:04:29  INFO        [Odam-CRE-C          ]  imread image   2.8s  shape=(1337, 390, 804)  1677 MB
2026-05-09 16:04:35  INFO        [Odam-CRE-C          ]  imread masks   4.4s
2026-05-09 16:04:36  INFO        [Odam-CRE-C          ]  load+combine   9.8s total
2026-05-09 16:04:41  INFO      fold=4 ep=260 loss=0.8041 dice=0.8940 inc=0.936 bone=0.950 molar=0.796 ep_s=15.4 val_s=14.9
2026-05-09 16:04:56  INFO      Fold 4 ep 261: loss=0.7954  epoch=14.8s  data_wait=12.4s  gpu=2.4s
2026-05-09 16:05:11  INFO      Fold 4 ep 262: loss=0.8281  epoch=15.4s  data_wait=13.2s  gpu=2.3s
2026-05-09 16:05:28  INFO      Fold 4 ep 263: loss=0.8128  epoch=16.3s  data_wait=14.0s  gpu=2.3s
2026-05-09 16:05:43  INFO      Fold 4 ep 264: loss=0.7724  epoch=14.8s  data_wait=12.4s  gpu=2.5s
2026-05-09 16:05:58  INFO      Fold 4 ep 265: loss=0.8143  epoch=15.0s  data_wait=12.5s  gpu=2.5s
2026-05-09 16:06:00  INFO        [Odam-CRE-C          ]  imread image   2.9s  shape=(1337, 390, 804)  1677 MB
2026-05-09 16:06:08  INFO        [Odam-CRE-C          ]  imread masks   5.2s
2026-05-09 16:06:08  INFO        [Odam-CRE-C          ]  load+combine   10.8s total
2026-05-09 16:06:14  INFO      fold=4 ep=265 loss=0.8143 dice=0.8891 inc=0.935 bone=0.946 molar=0.786 ep_s=15.0 val_s=16.0
2026-05-09 16:06:29  INFO      Fold 4 ep 266: loss=0.8464  epoch=15.6s  data_wait=13.3s  gpu=2.2s
2026-05-09 16:06:46  INFO      Fold 4 ep 267: loss=0.7976  epoch=16.2s  data_wait=13.7s  gpu=2.5s
2026-05-09 16:07:00  INFO      Fold 4 ep 268: loss=0.7938  epoch=14.8s  data_wait=12.2s  gpu=2.6s
2026-05-09 16:07:14  INFO      Fold 4 ep 269: loss=0.8075  epoch=13.6s  data_wait=11.4s  gpu=2.3s
2026-05-09 16:07:28  INFO      Fold 4 ep 270: loss=0.8159  epoch=14.1s  data_wait=11.9s  gpu=2.3s
2026-05-09 16:07:31  INFO        [Odam-CRE-C          ]  imread image   3.1s  shape=(1337, 390, 804)  1677 MB
2026-05-09 16:07:39  INFO        [Odam-CRE-C          ]  imread masks   5.1s
2026-05-09 16:07:39  INFO        [Odam-CRE-C          ]  load+combine   11.1s total
2026-05-09 16:07:45  INFO      fold=4 ep=270 loss=0.8159 dice=0.8999 inc=0.943 bone=0.954 molar=0.803 ep_s=14.1 val_s=16.3
2026-05-09 16:08:00  INFO      Fold 4 ep 271: loss=0.8006  epoch=14.7s  data_wait=12.3s  gpu=2.5s
2026-05-09 16:08:13  INFO      Fold 4 ep 272: loss=0.7870  epoch=13.5s  data_wait=11.2s  gpu=2.3s
2026-05-09 16:08:28  INFO      Fold 4 ep 273: loss=0.7731  epoch=14.6s  data_wait=12.2s  gpu=2.4s
2026-05-09 16:08:43  INFO      Fold 4 ep 274: loss=0.7947  epoch=15.0s  data_wait=12.7s  gpu=2.3s
2026-05-09 16:08:57  INFO      Fold 4 ep 275: loss=0.8220  epoch=14.5s  data_wait=12.1s  gpu=2.4s
2026-05-09 16:09:00  INFO        [Odam-CRE-C          ]  imread image   3.0s  shape=(1337, 390, 804)  1677 MB
2026-05-09 16:09:07  INFO        [Odam-CRE-C          ]  imread masks   5.1s
2026-05-09 16:09:08  INFO        [Odam-CRE-C          ]  load+combine   10.8s total
2026-05-09 16:09:13  INFO      fold=4 ep=275 loss=0.8220 dice=0.8863 inc=0.934 bone=0.947 molar=0.778 ep_s=14.5 val_s=16.0
2026-05-09 16:09:28  INFO      Fold 4 ep 276: loss=0.7876  epoch=14.8s  data_wait=12.5s  gpu=2.3s
2026-05-09 16:09:43  INFO      Fold 4 ep 277: loss=0.7978  epoch=14.3s  data_wait=12.0s  gpu=2.3s
2026-05-09 16:09:57  INFO      Fold 4 ep 278: loss=0.7883  epoch=14.9s  data_wait=12.6s  gpu=2.3s
2026-05-09 16:10:11  INFO      Fold 4 ep 279: loss=0.7852  epoch=14.0s  data_wait=11.7s  gpu=2.3s
2026-05-09 16:10:26  INFO      Fold 4 ep 280: loss=0.7750  epoch=14.4s  data_wait=11.9s  gpu=2.4s
2026-05-09 16:10:29  INFO        [Odam-CRE-C          ]  imread image   3.3s  shape=(1337, 390, 804)  1677 MB
2026-05-09 16:10:36  INFO        [Odam-CRE-C          ]  imread masks   5.0s
2026-05-09 16:10:37  INFO        [Odam-CRE-C          ]  load+combine   11.0s total
2026-05-09 16:10:42  INFO      fold=4 ep=280 loss=0.7750 dice=0.8920 inc=0.934 bone=0.951 molar=0.792 ep_s=14.4 val_s=16.4
2026-05-09 16:10:58  INFO      Fold 4 ep 281: loss=0.8021  epoch=15.8s  data_wait=13.5s  gpu=2.3s
2026-05-09 16:11:12  INFO      Fold 4 ep 282: loss=0.7917  epoch=14.2s  data_wait=11.6s  gpu=2.5s
2026-05-09 16:11:27  INFO      Fold 4 ep 283: loss=0.8021  epoch=14.8s  data_wait=12.6s  gpu=2.3s
2026-05-09 16:11:43  INFO      Fold 4 ep 284: loss=0.7742  epoch=15.3s  data_wait=12.8s  gpu=2.5s
2026-05-09 16:11:56  INFO      Fold 4 ep 285: loss=0.7734  epoch=12.9s  data_wait=10.4s  gpu=2.5s
2026-05-09 16:11:59  INFO        [Odam-CRE-C          ]  imread image   3.2s  shape=(1337, 390, 804)  1677 MB
2026-05-09 16:12:06  INFO        [Odam-CRE-C          ]  imread masks   5.3s
2026-05-09 16:12:07  INFO        [Odam-CRE-C          ]  load+combine   11.2s total
2026-05-09 16:12:12  INFO      fold=4 ep=285 loss=0.7734 dice=0.8973 inc=0.936 bone=0.952 molar=0.804 ep_s=12.9 val_s=16.4
2026-05-09 16:12:27  INFO      Fold 4 ep 286: loss=0.8004  epoch=14.6s  data_wait=12.2s  gpu=2.4s
2026-05-09 16:12:43  INFO      Fold 4 ep 287: loss=0.7975  epoch=16.4s  data_wait=13.8s  gpu=2.6s
2026-05-09 16:12:57  INFO      Fold 4 ep 288: loss=0.8005  epoch=14.3s  data_wait=12.0s  gpu=2.4s
2026-05-09 16:13:14  INFO      Fold 4 ep 289: loss=0.7836  epoch=16.7s  data_wait=14.3s  gpu=2.4s
2026-05-09 16:13:30  INFO      Fold 4 ep 290: loss=0.7686  epoch=15.6s  data_wait=13.3s  gpu=2.3s
2026-05-09 16:13:33  INFO        [Odam-CRE-C          ]  imread image   3.1s  shape=(1337, 390, 804)  1677 MB
2026-05-09 16:13:40  INFO        [Odam-CRE-C          ]  imread masks   5.3s
2026-05-09 16:13:41  INFO        [Odam-CRE-C          ]  load+combine   11.2s total
2026-05-09 16:13:46  INFO      fold=4 ep=290 loss=0.7686 dice=0.8945 inc=0.937 bone=0.951 molar=0.795 ep_s=15.6 val_s=16.3
2026-05-09 16:14:01  INFO      Fold 4 ep 291: loss=0.7801  epoch=14.5s  data_wait=12.1s  gpu=2.4s
2026-05-09 16:14:16  INFO      Fold 4 ep 292: loss=0.7962  epoch=14.7s  data_wait=12.3s  gpu=2.4s
2026-05-09 16:14:33  INFO      Fold 4 ep 293: loss=0.7714  epoch=17.0s  data_wait=14.7s  gpu=2.3s
2026-05-09 16:14:47  INFO      Fold 4 ep 294: loss=0.7743  epoch=14.4s  data_wait=12.2s  gpu=2.2s
2026-05-09 16:15:00  INFO      Fold 4 ep 295: loss=0.7677  epoch=13.4s  data_wait=11.3s  gpu=2.2s
2026-05-09 16:15:03  INFO        [Odam-CRE-C          ]  imread image   3.1s  shape=(1337, 390, 804)  1677 MB
2026-05-09 16:15:11  INFO        [Odam-CRE-C          ]  imread masks   5.4s
2026-05-09 16:15:12  INFO        [Odam-CRE-C          ]  load+combine   11.2s total
2026-05-09 16:15:17  INFO      fold=4 ep=295 loss=0.7677 dice=0.8942 inc=0.937 bone=0.951 molar=0.795 ep_s=13.4 val_s=16.4
2026-05-09 16:15:32  INFO      Fold 4 ep 296: loss=0.7882  epoch=14.9s  data_wait=12.5s  gpu=2.4s
2026-05-09 16:15:46  INFO      Fold 4 ep 297: loss=0.7746  epoch=14.5s  data_wait=12.3s  gpu=2.2s
2026-05-09 16:16:01  INFO      Fold 4 ep 298: loss=0.7880  epoch=15.1s  data_wait=12.7s  gpu=2.4s
2026-05-09 16:16:16  INFO      Fold 4 ep 299: loss=0.7881  epoch=14.2s  data_wait=11.8s  gpu=2.3s
2026-05-09 16:16:31  INFO      Fold 4 ep 300: loss=0.7706  epoch=15.2s  data_wait=12.7s  gpu=2.5s
2026-05-09 16:16:34  INFO        [Odam-CRE-C          ]  imread image   3.1s  shape=(1337, 390, 804)  1677 MB
2026-05-09 16:16:41  INFO        [Odam-CRE-C          ]  imread masks   5.0s
2026-05-09 16:16:42  INFO        [Odam-CRE-C          ]  load+combine   10.8s total
2026-05-09 16:16:47  INFO      fold=4 ep=300 loss=0.7706 dice=0.8941 inc=0.937 bone=0.951 molar=0.795 ep_s=15.2 val_s=16.0
2026-05-09 16:16:49  INFO      Fold 5: loading 8 training samples into RAM...
2026-05-09 16:16:50  INFO        Loaded Cont1_5               shape=(1, 1444, 343, 530)  1313 MB  0.9s
2026-05-09 16:16:51  INFO        Loaded Frag_4                shape=(1, 1484, 441, 490)  1603 MB  1.0s
2026-05-09 16:16:53  INFO        Loaded Odam-CRE-A            shape=(1, 1421, 495, 855)  3007 MB  1.9s
2026-05-09 16:16:55  INFO        Loaded Odam-CRE-B            shape=(1, 1571, 464, 821)  2992 MB  1.9s
2026-05-09 16:16:57  INFO        Loaded Odam-CRE-C            shape=(1, 1353, 406, 820)  2252 MB  2.0s
2026-05-09 16:16:59  INFO        Loaded Odam-CRE-Hifla-B      shape=(1, 1471, 486, 818)  2924 MB  1.9s
2026-05-09 16:17:01  INFO        Loaded Odam-CRE-Hifla-C      shape=(1, 1630, 434, 752)  2660 MB  1.7s
2026-05-09 16:17:01  INFO        Loaded P27RKO_8um_2K__reoriented  shape=(1, 1550, 245, 672)  1276 MB  0.9s
2026-05-09 16:17:01  INFO      All 8 samples in RAM  total=18027 MB  12.2s
2026-05-09 16:17:01  INFO      Fold 5: dataset ready  items=8  load=12.2s
2026-05-09 16:17:02  INFO      Fold 5: starting fresh | val=Odam-CRE-Hifla-A | params=4,743,653
2026-05-09 16:17:02  INFO      Fold 5: entering training loop  start_epoch=0
2026-05-09 16:17:05  INFO      Fold 5 ep 1: first batch  wait=3.2s  shape=[48, 1, 96, 96, 96]
2026-05-09 16:17:15  INFO      Fold 5 ep 1: loss=2.2985  epoch=13.4s  data_wait=11.0s  gpu=2.4s
2026-05-09 16:17:29  INFO      Fold 5 ep 2: loss=2.0464  epoch=14.4s  data_wait=12.3s  gpu=2.1s
2026-05-09 16:17:44  INFO      Fold 5 ep 3: loss=1.9966  epoch=14.3s  data_wait=12.2s  gpu=2.2s
2026-05-09 16:17:57  INFO      Fold 5 ep 4: loss=1.8773  epoch=13.2s  data_wait=11.0s  gpu=2.2s
2026-05-09 16:18:10  INFO      Fold 5 ep 5: loss=1.8737  epoch=13.3s  data_wait=11.1s  gpu=2.2s
2026-05-09 16:18:14  INFO        [Odam-CRE-Hifla-A    ]  imread image   4.3s  shape=(1453, 456, 830)  2200 MB
2026-05-09 16:18:24  INFO        [Odam-CRE-Hifla-A    ]  imread masks   6.3s
2026-05-09 16:18:24  INFO        [Odam-CRE-Hifla-A    ]  load+combine   14.2s total
2026-05-09 16:19:00  INFO      fold=5 ep=5 loss=1.8737 dice=0.0081 inc=0.001 bone=0.000 molar=0.023 ep_s=13.3 val_s=50.1
2026-05-09 16:19:16  INFO      Fold 5 ep 6: loss=1.8537  epoch=15.2s  data_wait=10.1s  gpu=5.1s
2026-05-09 16:19:31  INFO      Fold 5 ep 7: loss=1.8989  epoch=15.4s  data_wait=10.3s  gpu=5.1s
2026-05-09 16:19:47  INFO      Fold 5 ep 8: loss=1.7927  epoch=15.4s  data_wait=10.2s  gpu=5.2s
2026-05-09 16:20:01  INFO      Fold 5 ep 9: loss=1.8033  epoch=14.9s  data_wait=9.7s  gpu=5.1s
2026-05-09 16:20:17  INFO      Fold 5 ep 10: loss=1.7691  epoch=15.6s  data_wait=10.4s  gpu=5.2s
2026-05-09 16:20:21  INFO        [Odam-CRE-Hifla-A    ]  imread image   3.9s  shape=(1453, 456, 830)  2200 MB
2026-05-09 16:20:31  INFO        [Odam-CRE-Hifla-A    ]  imread masks   6.1s
2026-05-09 16:20:31  INFO        [Odam-CRE-Hifla-A    ]  load+combine   14.2s total
2026-05-09 16:20:53  INFO      fold=5 ep=10 loss=1.7691 dice=0.0122 inc=0.009 bone=0.003 molar=0.025 ep_s=15.6 val_s=35.7
2026-05-09 16:21:30  INFO      Fold 5 ep 11: loss=1.7781  epoch=37.0s  data_wait=4.0s  gpu=33.0s
2026-05-09 16:21:57  INFO      Fold 5 ep 12: loss=1.8168  epoch=27.2s  data_wait=3.3s  gpu=23.9s
2026-05-09 16:22:25  INFO      Fold 5 ep 13: loss=1.7726  epoch=27.4s  data_wait=3.4s  gpu=23.9s
2026-05-09 16:22:52  INFO      Fold 5 ep 14: loss=1.7614  epoch=27.5s  data_wait=3.5s  gpu=24.0s
2026-05-09 16:23:20  INFO      Fold 5 ep 15: loss=1.7394  epoch=27.4s  data_wait=3.4s  gpu=24.0s
2026-05-09 16:23:24  INFO        [Odam-CRE-Hifla-A    ]  imread image   3.9s  shape=(1453, 456, 830)  2200 MB
2026-05-09 16:23:37  INFO        [Odam-CRE-Hifla-A    ]  imread masks   8.7s
2026-05-09 16:23:38  INFO        [Odam-CRE-Hifla-A    ]  load+combine   18.0s total
2026-05-09 16:24:00  INFO      fold=5 ep=15 loss=1.7394 dice=0.0163 inc=0.002 bone=0.019 molar=0.028 ep_s=27.4 val_s=39.8
2026-05-09 16:24:16  INFO      Fold 5 ep 16: loss=1.7691  epoch=16.0s  data_wait=13.6s  gpu=2.4s
2026-05-09 16:24:31  INFO      Fold 5 ep 17: loss=1.7236  epoch=15.2s  data_wait=12.9s  gpu=2.2s
2026-05-09 16:24:46  INFO      Fold 5 ep 18: loss=1.7447  epoch=14.6s  data_wait=12.5s  gpu=2.1s
2026-05-09 16:24:59  INFO      Fold 5 ep 19: loss=1.7008  epoch=13.4s  data_wait=11.3s  gpu=2.1s
2026-05-09 16:25:14  INFO      Fold 5 ep 20: loss=1.7269  epoch=15.2s  data_wait=12.6s  gpu=2.5s
2026-05-09 16:25:18  INFO        [Odam-CRE-Hifla-A    ]  imread image   3.6s  shape=(1453, 456, 830)  2200 MB
2026-05-09 16:25:27  INFO        [Odam-CRE-Hifla-A    ]  imread masks   6.3s
2026-05-09 16:25:28  INFO        [Odam-CRE-Hifla-A    ]  load+combine   13.6s total
2026-05-09 16:25:51  INFO      fold=5 ep=20 loss=1.7269 dice=0.0915 inc=0.026 bone=0.189 molar=0.060 ep_s=15.2 val_s=37.1
2026-05-09 16:26:07  INFO      Fold 5 ep 21: loss=1.6938  epoch=15.2s  data_wait=12.8s  gpu=2.3s
2026-05-09 16:26:21  INFO      Fold 5 ep 22: loss=1.6760  epoch=14.5s  data_wait=12.0s  gpu=2.5s
2026-05-09 16:26:34  INFO      Fold 5 ep 23: loss=1.6921  epoch=13.1s  data_wait=10.8s  gpu=2.3s
2026-05-09 16:26:49  INFO      Fold 5 ep 24: loss=1.6902  epoch=15.2s  data_wait=12.7s  gpu=2.5s
2026-05-09 16:27:03  INFO      Fold 5 ep 25: loss=1.6566  epoch=13.9s  data_wait=11.6s  gpu=2.3s
2026-05-09 16:27:07  INFO        [Odam-CRE-Hifla-A    ]  imread image   3.6s  shape=(1453, 456, 830)  2200 MB
2026-05-09 16:27:16  INFO        [Odam-CRE-Hifla-A    ]  imread masks   6.3s
2026-05-09 16:27:17  INFO        [Odam-CRE-Hifla-A    ]  load+combine   13.3s total
2026-05-09 16:27:38  INFO      fold=5 ep=25 loss=1.6566 dice=0.0884 inc=0.002 bone=0.195 molar=0.068 ep_s=13.9 val_s=34.9
2026-05-09 16:27:54  INFO      Fold 5 ep 26: loss=1.6737  epoch=15.1s  data_wait=12.7s  gpu=2.4s
2026-05-09 16:28:08  INFO      Fold 5 ep 27: loss=1.6975  epoch=14.3s  data_wait=12.0s  gpu=2.3s
2026-05-09 16:28:22  INFO      Fold 5 ep 28: loss=1.6407  epoch=14.4s  data_wait=12.1s  gpu=2.3s
2026-05-09 16:28:37  INFO      Fold 5 ep 29: loss=1.6059  epoch=14.2s  data_wait=12.0s  gpu=2.2s
2026-05-09 16:28:51  INFO      Fold 5 ep 30: loss=1.6517  epoch=14.9s  data_wait=12.8s  gpu=2.1s
2026-05-09 16:28:55  INFO        [Odam-CRE-Hifla-A    ]  imread image   3.6s  shape=(1453, 456, 830)  2200 MB
2026-05-09 16:29:04  INFO        [Odam-CRE-Hifla-A    ]  imread masks   6.4s
2026-05-09 16:29:05  INFO        [Odam-CRE-Hifla-A    ]  load+combine   13.4s total
2026-05-09 16:29:28  INFO      fold=5 ep=30 loss=1.6517 dice=0.1129 inc=0.017 bone=0.216 molar=0.106 ep_s=14.9 val_s=36.4
2026-05-09 16:29:44  INFO      Fold 5 ep 31: loss=1.6424  epoch=15.6s  data_wait=13.1s  gpu=2.5s
2026-05-09 16:29:58  INFO      Fold 5 ep 32: loss=1.5947  epoch=13.8s  data_wait=11.4s  gpu=2.4s
2026-05-09 16:30:13  INFO      Fold 5 ep 33: loss=1.6073  epoch=15.6s  data_wait=13.4s  gpu=2.2s
2026-05-09 16:30:29  INFO      Fold 5 ep 34: loss=1.5821  epoch=15.9s  data_wait=13.5s  gpu=2.4s
2026-05-09 16:30:44  INFO      Fold 5 ep 35: loss=1.6331  epoch=15.3s  data_wait=13.0s  gpu=2.3s
2026-05-09 16:30:48  INFO        [Odam-CRE-Hifla-A    ]  imread image   3.6s  shape=(1453, 456, 830)  2200 MB
2026-05-09 16:30:57  INFO        [Odam-CRE-Hifla-A    ]  imread masks   5.8s
2026-05-09 16:30:58  INFO        [Odam-CRE-Hifla-A    ]  load+combine   13.1s total
2026-05-09 16:31:19  INFO      fold=5 ep=35 loss=1.6331 dice=0.1911 inc=0.009 bone=0.385 molar=0.180 ep_s=15.3 val_s=34.4
2026-05-09 16:31:35  INFO      Fold 5 ep 36: loss=1.5892  epoch=16.2s  data_wait=13.7s  gpu=2.4s
2026-05-09 16:31:51  INFO      Fold 5 ep 37: loss=1.5842  epoch=15.3s  data_wait=13.1s  gpu=2.2s
2026-05-09 16:32:06  INFO      Fold 5 ep 38: loss=1.5947  epoch=15.7s  data_wait=13.5s  gpu=2.2s
2026-05-09 16:32:22  INFO      Fold 5 ep 39: loss=1.5960  epoch=15.3s  data_wait=13.0s  gpu=2.3s
2026-05-09 16:32:36  INFO      Fold 5 ep 40: loss=1.5438  epoch=14.1s  data_wait=11.9s  gpu=2.2s
2026-05-09 16:32:40  INFO        [Odam-CRE-Hifla-A    ]  imread image   3.6s  shape=(1453, 456, 830)  2200 MB
2026-05-09 16:32:49  INFO        [Odam-CRE-Hifla-A    ]  imread masks   6.4s
2026-05-09 16:32:49  INFO        [Odam-CRE-Hifla-A    ]  load+combine   13.5s total
2026-05-09 16:33:12  INFO      fold=5 ep=40 loss=1.5438 dice=0.2774 inc=0.028 bone=0.613 molar=0.191 ep_s=14.1 val_s=36.4
2026-05-09 16:33:28  INFO      Fold 5 ep 41: loss=1.5931  epoch=15.0s  data_wait=12.6s  gpu=2.4s
2026-05-09 16:33:43  INFO      Fold 5 ep 42: loss=1.5595  epoch=15.3s  data_wait=13.0s  gpu=2.4s
2026-05-09 16:33:58  INFO      Fold 5 ep 43: loss=1.5493  epoch=15.2s  data_wait=13.0s  gpu=2.2s
2026-05-09 16:34:13  INFO      Fold 5 ep 44: loss=1.5641  epoch=15.2s  data_wait=12.9s  gpu=2.3s
2026-05-09 16:34:29  INFO      Fold 5 ep 45: loss=1.5188  epoch=15.6s  data_wait=13.4s  gpu=2.2s
2026-05-09 16:34:33  INFO        [Odam-CRE-Hifla-A    ]  imread image   3.6s  shape=(1453, 456, 830)  2200 MB
2026-05-09 16:34:42  INFO        [Odam-CRE-Hifla-A    ]  imread masks   6.3s
2026-05-09 16:34:42  INFO        [Odam-CRE-Hifla-A    ]  load+combine   13.5s total
2026-05-09 16:35:04  INFO      fold=5 ep=45 loss=1.5188 dice=0.2785 inc=0.035 bone=0.566 molar=0.235 ep_s=15.6 val_s=34.6
2026-05-09 16:35:19  INFO      Fold 5 ep 46: loss=1.5596  epoch=15.3s  data_wait=12.9s  gpu=2.4s
2026-05-09 16:35:34  INFO      Fold 5 ep 47: loss=1.5482  epoch=15.2s  data_wait=12.8s  gpu=2.4s
2026-05-09 16:35:48  INFO      Fold 5 ep 48: loss=1.5751  epoch=13.9s  data_wait=11.8s  gpu=2.2s
2026-05-09 16:36:03  INFO      Fold 5 ep 49: loss=1.5475  epoch=14.3s  data_wait=12.1s  gpu=2.2s
2026-05-09 16:36:17  INFO      Fold 5 ep 50: loss=1.5487  epoch=13.9s  data_wait=11.7s  gpu=2.2s
2026-05-09 16:36:20  INFO        [Odam-CRE-Hifla-A    ]  imread image   3.6s  shape=(1453, 456, 830)  2200 MB
2026-05-09 16:36:29  INFO        [Odam-CRE-Hifla-A    ]  imread masks   6.0s
2026-05-09 16:36:30  INFO        [Odam-CRE-Hifla-A    ]  load+combine   13.2s total
2026-05-09 16:36:53  INFO      fold=5 ep=50 loss=1.5487 dice=0.2163 inc=0.028 bone=0.481 molar=0.140 ep_s=13.9 val_s=36.2
2026-05-09 16:37:08  INFO      Fold 5 ep 51: loss=1.5671  epoch=15.4s  data_wait=13.2s  gpu=2.2s
2026-05-09 16:37:23  INFO      Fold 5 ep 52: loss=1.5062  epoch=14.6s  data_wait=12.4s  gpu=2.2s
2026-05-09 16:37:37  INFO      Fold 5 ep 53: loss=1.5516  epoch=13.9s  data_wait=11.7s  gpu=2.2s
2026-05-09 16:37:51  INFO      Fold 5 ep 54: loss=1.5347  epoch=13.8s  data_wait=11.5s  gpu=2.2s
2026-05-09 16:38:06  INFO      Fold 5 ep 55: loss=1.5198  epoch=15.8s  data_wait=13.5s  gpu=2.3s
2026-05-09 16:38:10  INFO        [Odam-CRE-Hifla-A    ]  imread image   3.6s  shape=(1453, 456, 830)  2200 MB
2026-05-09 16:38:19  INFO        [Odam-CRE-Hifla-A    ]  imread masks   6.1s
2026-05-09 16:38:20  INFO        [Odam-CRE-Hifla-A    ]  load+combine   13.3s total
2026-05-09 16:38:41  INFO      fold=5 ep=55 loss=1.5198 dice=0.2963 inc=0.024 bone=0.634 molar=0.230 ep_s=15.8 val_s=34.4
2026-05-09 16:38:56  INFO      Fold 5 ep 56: loss=1.5680  epoch=15.2s  data_wait=12.9s  gpu=2.3s
2026-05-09 16:39:12  INFO      Fold 5 ep 57: loss=1.5325  epoch=15.5s  data_wait=13.0s  gpu=2.4s
2026-05-09 16:39:27  INFO      Fold 5 ep 58: loss=1.5485  epoch=15.3s  data_wait=12.9s  gpu=2.5s
2026-05-09 16:39:43  INFO      Fold 5 ep 59: loss=1.5506  epoch=15.4s  data_wait=13.1s  gpu=2.3s
2026-05-09 16:39:58  INFO      Fold 5 ep 60: loss=1.5153  epoch=15.3s  data_wait=12.9s  gpu=2.4s
2026-05-09 16:40:02  INFO        [Odam-CRE-Hifla-A    ]  imread image   3.6s  shape=(1453, 456, 830)  2200 MB
2026-05-09 16:40:10  INFO        [Odam-CRE-Hifla-A    ]  imread masks   6.2s
2026-05-09 16:40:11  INFO        [Odam-CRE-Hifla-A    ]  load+combine   13.2s total
2026-05-09 16:40:34  INFO      fold=5 ep=60 loss=1.5153 dice=0.3436 inc=0.062 bone=0.715 molar=0.254 ep_s=15.3 val_s=36.1
2026-05-09 16:40:50  INFO      Fold 5 ep 61: loss=1.5133  epoch=15.5s  data_wait=12.9s  gpu=2.6s
2026-05-09 16:41:04  INFO      Fold 5 ep 62: loss=1.5047  epoch=14.3s  data_wait=12.2s  gpu=2.1s
2026-05-09 16:41:19  INFO      Fold 5 ep 63: loss=1.5142  epoch=14.3s  data_wait=11.7s  gpu=2.6s
2026-05-09 16:41:33  INFO      Fold 5 ep 64: loss=1.4959  epoch=14.4s  data_wait=12.1s  gpu=2.3s
2026-05-09 16:41:48  INFO      Fold 5 ep 65: loss=1.5291  epoch=14.6s  data_wait=12.3s  gpu=2.3s
2026-05-09 16:41:51  INFO        [Odam-CRE-Hifla-A    ]  imread image   3.6s  shape=(1453, 456, 830)  2200 MB
2026-05-09 16:42:00  INFO        [Odam-CRE-Hifla-A    ]  imread masks   6.2s
2026-05-09 16:42:01  INFO        [Odam-CRE-Hifla-A    ]  load+combine   13.2s total
2026-05-09 16:42:22  INFO      fold=5 ep=65 loss=1.5291 dice=0.3161 inc=0.007 bone=0.676 molar=0.266 ep_s=14.6 val_s=34.4
2026-05-09 16:42:38  INFO      Fold 5 ep 66: loss=1.4999  epoch=15.4s  data_wait=13.2s  gpu=2.2s
2026-05-09 16:42:52  INFO      Fold 5 ep 67: loss=1.5091  epoch=14.1s  data_wait=11.8s  gpu=2.3s
2026-05-09 16:43:06  INFO      Fold 5 ep 68: loss=1.4884  epoch=14.7s  data_wait=12.6s  gpu=2.1s
2026-05-09 16:43:21  INFO      Fold 5 ep 69: loss=1.5181  epoch=14.6s  data_wait=12.4s  gpu=2.2s
2026-05-09 16:43:35  INFO      Fold 5 ep 70: loss=1.4868  epoch=13.4s  data_wait=11.2s  gpu=2.2s
2026-05-09 16:43:38  INFO        [Odam-CRE-Hifla-A    ]  imread image   3.6s  shape=(1453, 456, 830)  2200 MB
2026-05-09 16:43:47  INFO        [Odam-CRE-Hifla-A    ]  imread masks   6.2s
2026-05-09 16:43:48  INFO        [Odam-CRE-Hifla-A    ]  load+combine   13.3s total
2026-05-09 16:44:11  INFO      fold=5 ep=70 loss=1.4868 dice=0.3485 inc=0.013 bone=0.770 molar=0.263 ep_s=13.4 val_s=36.0
2026-05-09 16:44:26  INFO      Fold 5 ep 71: loss=1.4705  epoch=15.3s  data_wait=12.9s  gpu=2.4s
2026-05-09 16:44:41  INFO      Fold 5 ep 72: loss=1.4905  epoch=14.5s  data_wait=12.3s  gpu=2.3s
2026-05-09 16:44:55  INFO      Fold 5 ep 73: loss=1.4828  epoch=14.6s  data_wait=12.2s  gpu=2.4s
2026-05-09 16:45:09  INFO      Fold 5 ep 74: loss=1.4479  epoch=13.8s  data_wait=11.6s  gpu=2.2s
2026-05-09 16:45:25  INFO      Fold 5 ep 75: loss=1.4741  epoch=15.4s  data_wait=13.0s  gpu=2.4s
2026-05-09 16:45:28  INFO        [Odam-CRE-Hifla-A    ]  imread image   3.6s  shape=(1453, 456, 830)  2200 MB
2026-05-09 16:45:37  INFO        [Odam-CRE-Hifla-A    ]  imread masks   6.3s
2026-05-09 16:45:38  INFO        [Odam-CRE-Hifla-A    ]  load+combine   13.4s total
2026-05-09 16:45:59  INFO      fold=5 ep=75 loss=1.4741 dice=0.2435 inc=0.062 bone=0.461 molar=0.208 ep_s=15.4 val_s=34.5
2026-05-09 16:46:14  INFO      Fold 5 ep 76: loss=1.4719  epoch=14.9s  data_wait=12.4s  gpu=2.4s
2026-05-09 16:46:28  INFO      Fold 5 ep 77: loss=1.4511  epoch=14.1s  data_wait=12.0s  gpu=2.1s
2026-05-09 16:46:43  INFO      Fold 5 ep 78: loss=1.4861  epoch=14.9s  data_wait=12.6s  gpu=2.3s
2026-05-09 16:46:58  INFO      Fold 5 ep 79: loss=1.4275  epoch=14.9s  data_wait=12.7s  gpu=2.2s
2026-05-09 16:47:14  INFO      Fold 5 ep 80: loss=1.4237  epoch=15.6s  data_wait=13.2s  gpu=2.4s
2026-05-09 16:47:17  INFO        [Odam-CRE-Hifla-A    ]  imread image   3.6s  shape=(1453, 456, 830)  2200 MB
2026-05-09 16:47:26  INFO        [Odam-CRE-Hifla-A    ]  imread masks   6.3s
2026-05-09 16:47:27  INFO        [Odam-CRE-Hifla-A    ]  load+combine   13.4s total
2026-05-09 16:47:50  INFO      fold=5 ep=80 loss=1.4237 dice=0.3388 inc=0.075 bone=0.686 molar=0.256 ep_s=15.6 val_s=36.2
2026-05-09 16:48:03  INFO      Fold 5 ep 81: loss=1.4710  epoch=13.4s  data_wait=11.2s  gpu=2.2s
2026-05-09 16:48:18  INFO      Fold 5 ep 82: loss=1.4735  epoch=14.6s  data_wait=12.1s  gpu=2.5s
2026-05-09 16:48:32  INFO      Fold 5 ep 83: loss=1.4454  epoch=14.3s  data_wait=12.0s  gpu=2.3s
2026-05-09 16:48:46  INFO      Fold 5 ep 84: loss=1.4198  epoch=13.9s  data_wait=11.5s  gpu=2.4s
2026-05-09 16:49:02  INFO      Fold 5 ep 85: loss=1.4245  epoch=15.8s  data_wait=13.5s  gpu=2.2s
2026-05-09 16:49:05  INFO        [Odam-CRE-Hifla-A    ]  imread image   3.5s  shape=(1453, 456, 830)  2200 MB
2026-05-09 16:49:14  INFO        [Odam-CRE-Hifla-A    ]  imread masks   6.1s
2026-05-09 16:49:15  INFO        [Odam-CRE-Hifla-A    ]  load+combine   13.1s total
2026-05-09 16:49:36  INFO      fold=5 ep=85 loss=1.4245 dice=0.4672 inc=0.255 bone=0.809 molar=0.338 ep_s=15.8 val_s=34.2
2026-05-09 16:49:52  INFO      Fold 5 ep 86: loss=1.4045  epoch=15.4s  data_wait=12.7s  gpu=2.7s
2026-05-09 16:50:06  INFO      Fold 5 ep 87: loss=1.4359  epoch=13.9s  data_wait=11.8s  gpu=2.1s
2026-05-09 16:50:19  INFO      Fold 5 ep 88: loss=1.4201  epoch=13.2s  data_wait=11.0s  gpu=2.2s
2026-05-09 16:50:33  INFO      Fold 5 ep 89: loss=1.4234  epoch=14.5s  data_wait=12.1s  gpu=2.3s
2026-05-09 16:50:47  INFO      Fold 5 ep 90: loss=1.3862  epoch=13.9s  data_wait=11.6s  gpu=2.2s
2026-05-09 16:50:51  INFO        [Odam-CRE-Hifla-A    ]  imread image   3.6s  shape=(1453, 456, 830)  2200 MB
2026-05-09 16:51:00  INFO        [Odam-CRE-Hifla-A    ]  imread masks   6.0s
2026-05-09 16:51:00  INFO        [Odam-CRE-Hifla-A    ]  load+combine   13.1s total
2026-05-09 16:51:23  INFO      fold=5 ep=90 loss=1.3862 dice=0.3921 inc=0.104 bone=0.773 molar=0.299 ep_s=13.9 val_s=35.8
2026-05-09 16:51:38  INFO      Fold 5 ep 91: loss=1.3983  epoch=14.4s  data_wait=12.2s  gpu=2.1s
2026-05-09 16:51:52  INFO      Fold 5 ep 92: loss=1.4136  epoch=14.5s  data_wait=12.0s  gpu=2.5s
2026-05-09 16:52:07  INFO      Fold 5 ep 93: loss=1.3966  epoch=14.6s  data_wait=12.5s  gpu=2.1s
2026-05-09 16:52:23  INFO      Fold 5 ep 94: loss=1.4155  epoch=15.9s  data_wait=13.6s  gpu=2.3s
2026-05-09 16:52:37  INFO      Fold 5 ep 95: loss=1.3946  epoch=14.7s  data_wait=12.5s  gpu=2.2s
2026-05-09 16:52:41  INFO        [Odam-CRE-Hifla-A    ]  imread image   3.6s  shape=(1453, 456, 830)  2200 MB
2026-05-09 16:52:50  INFO        [Odam-CRE-Hifla-A    ]  imread masks   6.0s
2026-05-09 16:52:50  INFO        [Odam-CRE-Hifla-A    ]  load+combine   13.1s total
2026-05-09 16:53:12  INFO      fold=5 ep=95 loss=1.3946 dice=0.3766 inc=0.257 bone=0.727 molar=0.146 ep_s=14.7 val_s=34.3
2026-05-09 16:53:26  INFO      Fold 5 ep 96: loss=1.3667  epoch=14.6s  data_wait=12.4s  gpu=2.2s
2026-05-09 16:53:42  INFO      Fold 5 ep 97: loss=1.4702  epoch=15.4s  data_wait=13.2s  gpu=2.3s
2026-05-09 16:53:55  INFO      Fold 5 ep 98: loss=1.3666  epoch=13.1s  data_wait=10.9s  gpu=2.3s
2026-05-09 16:54:10  INFO      Fold 5 ep 99: loss=1.3525  epoch=15.0s  data_wait=12.8s  gpu=2.2s
2026-05-09 16:54:24  INFO      Fold 5 ep 100: loss=1.3763  epoch=13.8s  data_wait=11.5s  gpu=2.3s
2026-05-09 16:54:27  INFO        [Odam-CRE-Hifla-A    ]  imread image   3.6s  shape=(1453, 456, 830)  2200 MB
2026-05-09 16:54:37  INFO        [Odam-CRE-Hifla-A    ]  imread masks   6.3s
2026-05-09 16:54:37  INFO        [Odam-CRE-Hifla-A    ]  load+combine   13.4s total
2026-05-09 16:55:00  INFO      fold=5 ep=100 loss=1.3763 dice=0.4676 inc=0.255 bone=0.818 molar=0.330 ep_s=13.8 val_s=36.1
2026-05-09 16:55:15  INFO      Fold 5 ep 101: loss=1.3443  epoch=14.9s  data_wait=12.6s  gpu=2.3s
2026-05-09 16:55:29  INFO      Fold 5 ep 102: loss=1.4272  epoch=13.7s  data_wait=11.4s  gpu=2.3s
2026-05-09 16:55:44  INFO      Fold 5 ep 103: loss=1.3442  epoch=14.7s  data_wait=12.6s  gpu=2.1s
2026-05-09 16:55:59  INFO      Fold 5 ep 104: loss=1.3493  epoch=14.9s  data_wait=12.5s  gpu=2.3s
2026-05-09 16:56:13  INFO      Fold 5 ep 105: loss=1.3597  epoch=14.3s  data_wait=12.1s  gpu=2.2s
2026-05-09 16:56:16  INFO        [Odam-CRE-Hifla-A    ]  imread image   3.6s  shape=(1453, 456, 830)  2200 MB
2026-05-09 16:56:25  INFO        [Odam-CRE-Hifla-A    ]  imread masks   6.0s
2026-05-09 16:56:26  INFO        [Odam-CRE-Hifla-A    ]  load+combine   13.1s total
2026-05-09 16:56:47  INFO      fold=5 ep=105 loss=1.3597 dice=0.4731 inc=0.156 bone=0.879 molar=0.385 ep_s=14.3 val_s=34.1
2026-05-09 16:57:01  INFO      Fold 5 ep 106: loss=1.3551  epoch=14.0s  data_wait=11.8s  gpu=2.1s
2026-05-09 16:57:16  INFO      Fold 5 ep 107: loss=1.3593  epoch=14.7s  data_wait=12.6s  gpu=2.1s
2026-05-09 16:57:31  INFO      Fold 5 ep 108: loss=1.3696  epoch=14.8s  data_wait=12.7s  gpu=2.1s
2026-05-09 16:57:45  INFO      Fold 5 ep 109: loss=1.3554  epoch=14.6s  data_wait=12.4s  gpu=2.2s
2026-05-09 16:58:01  INFO      Fold 5 ep 110: loss=1.3758  epoch=15.3s  data_wait=13.0s  gpu=2.2s
2026-05-09 16:58:04  INFO        [Odam-CRE-Hifla-A    ]  imread image   3.6s  shape=(1453, 456, 830)  2200 MB
2026-05-09 16:58:13  INFO        [Odam-CRE-Hifla-A    ]  imread masks   6.1s
2026-05-09 16:58:14  INFO        [Odam-CRE-Hifla-A    ]  load+combine   13.1s total
2026-05-09 16:58:36  INFO      fold=5 ep=110 loss=1.3758 dice=0.3816 inc=0.395 bone=0.526 molar=0.224 ep_s=15.3 val_s=35.8
2026-05-09 16:58:52  INFO      Fold 5 ep 111: loss=1.3559  epoch=15.2s  data_wait=12.9s  gpu=2.3s
2026-05-09 16:59:07  INFO      Fold 5 ep 112: loss=1.3510  epoch=14.7s  data_wait=12.1s  gpu=2.6s
2026-05-09 16:59:22  INFO      Fold 5 ep 113: loss=1.3314  epoch=15.8s  data_wait=13.7s  gpu=2.1s
2026-05-09 16:59:38  INFO      Fold 5 ep 114: loss=1.2501  epoch=15.4s  data_wait=12.9s  gpu=2.5s
2026-05-09 16:59:53  INFO      Fold 5 ep 115: loss=1.2817  epoch=15.6s  data_wait=13.0s  gpu=2.6s
2026-05-09 16:59:57  INFO        [Odam-CRE-Hifla-A    ]  imread image   3.6s  shape=(1453, 456, 830)  2200 MB
2026-05-09 17:00:06  INFO        [Odam-CRE-Hifla-A    ]  imread masks   6.0s
2026-05-09 17:00:07  INFO        [Odam-CRE-Hifla-A    ]  load+combine   13.1s total
2026-05-09 17:00:28  INFO      fold=5 ep=115 loss=1.2817 dice=0.5322 inc=0.438 bone=0.817 molar=0.341 ep_s=15.6 val_s=34.2
2026-05-09 17:00:43  INFO      Fold 5 ep 116: loss=1.2495  epoch=14.8s  data_wait=12.5s  gpu=2.3s
2026-05-09 17:00:57  INFO      Fold 5 ep 117: loss=1.2913  epoch=14.5s  data_wait=12.2s  gpu=2.3s
2026-05-09 17:01:12  INFO      Fold 5 ep 118: loss=1.2861  epoch=14.9s  data_wait=12.6s  gpu=2.3s
2026-05-09 17:01:27  INFO      Fold 5 ep 119: loss=1.3475  epoch=15.3s  data_wait=12.9s  gpu=2.4s
2026-05-09 17:01:41  INFO      Fold 5 ep 120: loss=1.2731  epoch=13.9s  data_wait=11.8s  gpu=2.1s
2026-05-09 17:01:45  INFO        [Odam-CRE-Hifla-A    ]  imread image   3.6s  shape=(1453, 456, 830)  2200 MB
2026-05-09 17:01:54  INFO        [Odam-CRE-Hifla-A    ]  imread masks   6.4s
2026-05-09 17:01:55  INFO        [Odam-CRE-Hifla-A    ]  load+combine   13.6s total
2026-05-09 17:02:18  INFO      fold=5 ep=120 loss=1.2731 dice=0.5793 inc=0.466 bone=0.888 molar=0.384 ep_s=13.9 val_s=36.3
2026-05-09 17:02:33  INFO      Fold 5 ep 121: loss=1.2487  epoch=14.8s  data_wait=12.4s  gpu=2.4s
2026-05-09 17:02:47  INFO      Fold 5 ep 122: loss=1.3027  epoch=14.7s  data_wait=12.5s  gpu=2.2s
2026-05-09 17:03:02  INFO      Fold 5 ep 123: loss=1.2377  epoch=14.4s  data_wait=12.1s  gpu=2.3s
2026-05-09 17:03:16  INFO      Fold 5 ep 124: loss=1.2507  epoch=14.4s  data_wait=12.1s  gpu=2.2s
2026-05-09 17:03:31  INFO      Fold 5 ep 125: loss=1.2614  epoch=15.1s  data_wait=12.4s  gpu=2.7s
2026-05-09 17:03:35  INFO        [Odam-CRE-Hifla-A    ]  imread image   3.6s  shape=(1453, 456, 830)  2200 MB
2026-05-09 17:03:44  INFO        [Odam-CRE-Hifla-A    ]  imread masks   5.1s
2026-05-09 17:03:44  INFO        [Odam-CRE-Hifla-A    ]  load+combine   12.8s total
2026-05-09 17:04:05  INFO      fold=5 ep=125 loss=1.2614 dice=0.5665 inc=0.536 bone=0.813 molar=0.351 ep_s=15.1 val_s=34.0
2026-05-09 17:04:20  INFO      Fold 5 ep 126: loss=1.2543  epoch=14.7s  data_wait=12.5s  gpu=2.2s
2026-05-09 17:04:36  INFO      Fold 5 ep 127: loss=1.2298  epoch=16.0s  data_wait=13.7s  gpu=2.3s
2026-05-09 17:04:51  INFO      Fold 5 ep 128: loss=1.2894  epoch=14.8s  data_wait=12.8s  gpu=2.0s
2026-05-09 17:05:06  INFO      Fold 5 ep 129: loss=1.2298  epoch=14.9s  data_wait=12.2s  gpu=2.6s
2026-05-09 17:05:21  INFO      Fold 5 ep 130: loss=1.1939  epoch=14.7s  data_wait=12.3s  gpu=2.3s
2026-05-09 17:05:24  INFO        [Odam-CRE-Hifla-A    ]  imread image   3.6s  shape=(1453, 456, 830)  2200 MB
2026-05-09 17:05:33  INFO        [Odam-CRE-Hifla-A    ]  imread masks   6.1s
2026-05-09 17:05:34  INFO        [Odam-CRE-Hifla-A    ]  load+combine   13.4s total
2026-05-09 17:05:57  INFO      fold=5 ep=130 loss=1.1939 dice=0.6843 inc=0.673 bone=0.882 molar=0.498 ep_s=14.7 val_s=36.1
2026-05-09 17:06:12  INFO      Fold 5 ep 131: loss=1.1911  epoch=15.4s  data_wait=13.0s  gpu=2.4s
2026-05-09 17:06:28  INFO      Fold 5 ep 132: loss=1.2583  epoch=15.2s  data_wait=12.9s  gpu=2.2s
2026-05-09 17:06:43  INFO      Fold 5 ep 133: loss=1.2766  epoch=15.4s  data_wait=13.2s  gpu=2.2s
2026-05-09 17:06:58  INFO      Fold 5 ep 134: loss=1.2201  epoch=15.3s  data_wait=13.1s  gpu=2.2s
2026-05-09 17:07:14  INFO      Fold 5 ep 135: loss=1.2306  epoch=15.4s  data_wait=13.3s  gpu=2.0s
2026-05-09 17:07:17  INFO        [Odam-CRE-Hifla-A    ]  imread image   3.6s  shape=(1453, 456, 830)  2200 MB
2026-05-09 17:07:26  INFO        [Odam-CRE-Hifla-A    ]  imread masks   6.2s
2026-05-09 17:07:27  INFO        [Odam-CRE-Hifla-A    ]  load+combine   13.3s total
2026-05-09 17:07:48  INFO      fold=5 ep=135 loss=1.2306 dice=0.6536 inc=0.737 bone=0.811 molar=0.413 ep_s=15.4 val_s=34.5
2026-05-09 17:08:03  INFO      Fold 5 ep 136: loss=1.1896  epoch=15.0s  data_wait=12.5s  gpu=2.5s
2026-05-09 17:08:17  INFO      Fold 5 ep 137: loss=1.2177  epoch=13.9s  data_wait=11.7s  gpu=2.2s
2026-05-09 17:08:32  INFO      Fold 5 ep 138: loss=1.1921  epoch=14.8s  data_wait=12.6s  gpu=2.2s
2026-05-09 17:08:47  INFO      Fold 5 ep 139: loss=1.2259  epoch=14.9s  data_wait=12.8s  gpu=2.2s
2026-05-09 17:09:02  INFO      Fold 5 ep 140: loss=1.1962  epoch=15.0s  data_wait=12.7s  gpu=2.3s
2026-05-09 17:09:05  INFO        [Odam-CRE-Hifla-A    ]  imread image   3.3s  shape=(1453, 456, 830)  2200 MB
2026-05-09 17:09:13  INFO        [Odam-CRE-Hifla-A    ]  imread masks   5.4s
2026-05-09 17:09:14  INFO        [Odam-CRE-Hifla-A    ]  load+combine   12.1s total
2026-05-09 17:09:37  INFO      fold=5 ep=140 loss=1.1962 dice=0.6977 inc=0.757 bone=0.872 molar=0.464 ep_s=15.0 val_s=34.8
2026-05-09 17:09:52  INFO      Fold 5 ep 141: loss=1.1884  epoch=15.1s  data_wait=12.7s  gpu=2.4s
2026-05-09 17:10:07  INFO      Fold 5 ep 142: loss=1.1423  epoch=15.0s  data_wait=12.8s  gpu=2.3s
2026-05-09 17:10:21  INFO      Fold 5 ep 143: loss=1.1749  epoch=13.6s  data_wait=11.4s  gpu=2.3s
2026-05-09 17:10:34  INFO      Fold 5 ep 144: loss=1.1182  epoch=13.4s  data_wait=11.3s  gpu=2.1s
2026-05-09 17:10:49  INFO      Fold 5 ep 145: loss=1.1339  epoch=14.7s  data_wait=12.3s  gpu=2.4s
2026-05-09 17:10:53  INFO        [Odam-CRE-Hifla-A    ]  imread image   3.5s  shape=(1453, 456, 830)  2200 MB
2026-05-09 17:11:01  INFO        [Odam-CRE-Hifla-A    ]  imread masks   6.0s
2026-05-09 17:11:02  INFO        [Odam-CRE-Hifla-A    ]  load+combine   13.0s total
2026-05-09 17:11:23  INFO      fold=5 ep=145 loss=1.1339 dice=0.6646 inc=0.668 bone=0.881 molar=0.445 ep_s=14.7 val_s=34.3
2026-05-09 17:11:39  INFO      Fold 5 ep 146: loss=1.1337  epoch=15.1s  data_wait=12.5s  gpu=2.5s
2026-05-09 17:11:53  INFO      Fold 5 ep 147: loss=1.1775  epoch=14.6s  data_wait=12.5s  gpu=2.1s
2026-05-09 17:12:09  INFO      Fold 5 ep 148: loss=1.1120  epoch=15.5s  data_wait=13.2s  gpu=2.3s
2026-05-09 17:12:23  INFO      Fold 5 ep 149: loss=1.0814  epoch=14.2s  data_wait=12.1s  gpu=2.1s
2026-05-09 17:12:37  INFO      Fold 5 ep 150: loss=1.0787  epoch=14.0s  data_wait=11.8s  gpu=2.1s
2026-05-09 17:12:41  INFO        [Odam-CRE-Hifla-A    ]  imread image   3.6s  shape=(1453, 456, 830)  2200 MB
2026-05-09 17:12:49  INFO        [Odam-CRE-Hifla-A    ]  imread masks   6.1s
2026-05-09 17:12:50  INFO        [Odam-CRE-Hifla-A    ]  load+combine   13.3s total
2026-05-09 17:13:13  INFO      fold=5 ep=150 loss=1.0787 dice=0.7055 inc=0.785 bone=0.887 molar=0.444 ep_s=14.0 val_s=35.9
2026-05-09 17:13:28  INFO      Fold 5 ep 151: loss=1.1084  epoch=14.5s  data_wait=12.3s  gpu=2.2s
2026-05-09 17:13:40  INFO      Fold 5 ep 152: loss=1.0689  epoch=12.8s  data_wait=10.7s  gpu=2.1s
2026-05-09 17:13:56  INFO      Fold 5 ep 153: loss=1.0397  epoch=15.1s  data_wait=13.0s  gpu=2.2s
2026-05-09 17:14:09  INFO      Fold 5 ep 154: loss=1.0265  epoch=13.9s  data_wait=11.9s  gpu=2.0s
2026-05-09 17:14:24  INFO      Fold 5 ep 155: loss=1.2119  epoch=14.3s  data_wait=12.3s  gpu=2.1s
2026-05-09 17:14:27  INFO        [Odam-CRE-Hifla-A    ]  imread image   3.6s  shape=(1453, 456, 830)  2200 MB
2026-05-09 17:14:36  INFO        [Odam-CRE-Hifla-A    ]  imread masks   6.2s
2026-05-09 17:14:37  INFO        [Odam-CRE-Hifla-A    ]  load+combine   13.3s total
2026-05-09 17:14:58  INFO      fold=5 ep=155 loss=1.2119 dice=0.5852 inc=0.723 bone=0.838 molar=0.194 ep_s=14.3 val_s=34.3
2026-05-09 17:15:13  INFO      Fold 5 ep 156: loss=1.2326  epoch=14.3s  data_wait=12.1s  gpu=2.2s
2026-05-09 17:15:27  INFO      Fold 5 ep 157: loss=1.3714  epoch=14.4s  data_wait=12.3s  gpu=2.1s
2026-05-09 17:15:42  INFO      Fold 5 ep 158: loss=1.1408  epoch=15.0s  data_wait=12.8s  gpu=2.3s
2026-05-09 17:15:57  INFO      Fold 5 ep 159: loss=1.1564  epoch=14.7s  data_wait=12.4s  gpu=2.2s
2026-05-09 17:16:10  INFO      Fold 5 ep 160: loss=1.1999  epoch=13.3s  data_wait=11.0s  gpu=2.3s
2026-05-09 17:16:14  INFO        [Odam-CRE-Hifla-A    ]  imread image   3.6s  shape=(1453, 456, 830)  2200 MB
2026-05-09 17:16:23  INFO        [Odam-CRE-Hifla-A    ]  imread masks   6.2s
2026-05-09 17:16:23  INFO        [Odam-CRE-Hifla-A    ]  load+combine   13.3s total
2026-05-09 17:16:46  INFO      fold=5 ep=160 loss=1.1999 dice=0.7087 inc=0.850 bone=0.858 molar=0.419 ep_s=13.3 val_s=36.0
2026-05-09 17:17:02  INFO      Fold 5 ep 161: loss=1.1537  epoch=15.9s  data_wait=13.5s  gpu=2.5s
2026-05-09 17:17:17  INFO      Fold 5 ep 162: loss=1.1458  epoch=14.4s  data_wait=12.2s  gpu=2.2s
2026-05-09 17:17:32  INFO      Fold 5 ep 163: loss=1.0781  epoch=14.7s  data_wait=12.5s  gpu=2.2s
2026-05-09 17:17:46  INFO      Fold 5 ep 164: loss=1.0772  epoch=14.5s  data_wait=12.3s  gpu=2.2s
2026-05-09 17:18:00  INFO      Fold 5 ep 165: loss=1.1153  epoch=14.4s  data_wait=12.1s  gpu=2.3s
2026-05-09 17:18:04  INFO        [Odam-CRE-Hifla-A    ]  imread image   3.7s  shape=(1453, 456, 830)  2200 MB
2026-05-09 17:18:13  INFO        [Odam-CRE-Hifla-A    ]  imread masks   6.1s
2026-05-09 17:18:14  INFO        [Odam-CRE-Hifla-A    ]  load+combine   13.2s total
2026-05-09 17:18:35  INFO      fold=5 ep=165 loss=1.1153 dice=0.7613 inc=0.832 bone=0.908 molar=0.544 ep_s=14.4 val_s=34.3
2026-05-09 17:18:49  INFO      Fold 5 ep 166: loss=1.0642  epoch=14.1s  data_wait=11.8s  gpu=2.3s
2026-05-09 17:19:04  INFO      Fold 5 ep 167: loss=1.0337  epoch=15.0s  data_wait=12.7s  gpu=2.3s
2026-05-09 17:19:20  INFO      Fold 5 ep 168: loss=1.0707  epoch=15.4s  data_wait=13.3s  gpu=2.2s
2026-05-09 17:19:34  INFO      Fold 5 ep 169: loss=1.0090  epoch=14.7s  data_wait=12.4s  gpu=2.3s
2026-05-09 17:19:50  INFO      Fold 5 ep 170: loss=1.0142  epoch=15.7s  data_wait=13.4s  gpu=2.3s
2026-05-09 17:19:54  INFO        [Odam-CRE-Hifla-A    ]  imread image   3.6s  shape=(1453, 456, 830)  2200 MB
2026-05-09 17:20:01  INFO        [Odam-CRE-Hifla-A    ]  imread masks   4.8s
2026-05-09 17:20:02  INFO        [Odam-CRE-Hifla-A    ]  load+combine   11.9s total
2026-05-09 17:20:25  INFO      fold=5 ep=170 loss=1.0142 dice=0.8020 inc=0.883 bone=0.923 molar=0.600 ep_s=15.7 val_s=34.9
2026-05-09 17:20:41  INFO      Fold 5 ep 171: loss=1.0128  epoch=15.3s  data_wait=13.0s  gpu=2.4s
2026-05-09 17:20:55  INFO      Fold 5 ep 172: loss=1.0359  epoch=14.2s  data_wait=11.8s  gpu=2.4s
2026-05-09 17:21:08  INFO      Fold 5 ep 173: loss=1.0111  epoch=13.5s  data_wait=11.2s  gpu=2.4s
2026-05-09 17:21:23  INFO      Fold 5 ep 174: loss=1.1037  epoch=14.3s  data_wait=11.9s  gpu=2.4s
2026-05-09 17:21:37  INFO      Fold 5 ep 175: loss=1.0988  epoch=14.4s  data_wait=12.3s  gpu=2.1s
2026-05-09 17:21:41  INFO        [Odam-CRE-Hifla-A    ]  imread image   3.6s  shape=(1453, 456, 830)  2200 MB
2026-05-09 17:21:50  INFO        [Odam-CRE-Hifla-A    ]  imread masks   6.2s
2026-05-09 17:21:50  INFO        [Odam-CRE-Hifla-A    ]  load+combine   13.3s total
2026-05-09 17:22:12  INFO      fold=5 ep=175 loss=1.0988 dice=0.6883 inc=0.857 bone=0.801 molar=0.407 ep_s=14.4 val_s=34.5
2026-05-09 17:22:28  INFO      Fold 5 ep 176: loss=1.0382  epoch=15.9s  data_wait=13.7s  gpu=2.2s
2026-05-09 17:22:42  INFO      Fold 5 ep 177: loss=0.9931  epoch=14.6s  data_wait=12.5s  gpu=2.1s
2026-05-09 17:22:57  INFO      Fold 5 ep 178: loss=1.0048  epoch=14.8s  data_wait=12.3s  gpu=2.5s
2026-05-09 17:23:12  INFO      Fold 5 ep 179: loss=1.0010  epoch=14.9s  data_wait=12.6s  gpu=2.3s
2026-05-09 17:23:27  INFO      Fold 5 ep 180: loss=1.0080  epoch=14.8s  data_wait=12.6s  gpu=2.3s
2026-05-09 17:23:31  INFO        [Odam-CRE-Hifla-A    ]  imread image   3.6s  shape=(1453, 456, 830)  2200 MB
2026-05-09 17:23:40  INFO        [Odam-CRE-Hifla-A    ]  imread masks   6.4s
2026-05-09 17:23:41  INFO        [Odam-CRE-Hifla-A    ]  load+combine   13.6s total
2026-05-09 17:24:03  INFO      fold=5 ep=180 loss=1.0080 dice=0.8026 inc=0.892 bone=0.900 molar=0.615 ep_s=14.8 val_s=36.3
2026-05-09 17:24:18  INFO      Fold 5 ep 181: loss=1.0061  epoch=15.0s  data_wait=12.6s  gpu=2.4s
2026-05-09 17:24:32  INFO      Fold 5 ep 182: loss=0.9539  epoch=13.9s  data_wait=11.7s  gpu=2.2s
2026-05-09 17:24:47  INFO      Fold 5 ep 183: loss=0.9677  epoch=14.6s  data_wait=12.5s  gpu=2.2s
2026-05-09 17:25:00  INFO      Fold 5 ep 184: loss=0.9111  epoch=13.2s  data_wait=11.0s  gpu=2.1s
2026-05-09 17:25:13  INFO      Fold 5 ep 185: loss=0.9568  epoch=13.1s  data_wait=10.9s  gpu=2.2s
2026-05-09 17:25:17  INFO        [Odam-CRE-Hifla-A    ]  imread image   3.6s  shape=(1453, 456, 830)  2200 MB
2026-05-09 17:25:26  INFO        [Odam-CRE-Hifla-A    ]  imread masks   6.2s
2026-05-09 17:25:27  INFO        [Odam-CRE-Hifla-A    ]  load+combine   13.4s total
2026-05-09 17:25:48  INFO      fold=5 ep=185 loss=0.9568 dice=0.8277 inc=0.924 bone=0.908 molar=0.652 ep_s=13.1 val_s=34.5
2026-05-09 17:26:03  INFO      Fold 5 ep 186: loss=0.9916  epoch=14.8s  data_wait=12.4s  gpu=2.4s
2026-05-09 17:26:17  INFO      Fold 5 ep 187: loss=0.9913  epoch=14.2s  data_wait=12.0s  gpu=2.2s
2026-05-09 17:26:33  INFO      Fold 5 ep 188: loss=0.9945  epoch=15.6s  data_wait=13.2s  gpu=2.4s
2026-05-09 17:26:46  INFO      Fold 5 ep 189: loss=0.9560  epoch=13.3s  data_wait=11.1s  gpu=2.2s
2026-05-09 17:27:01  INFO      Fold 5 ep 190: loss=0.9355  epoch=14.8s  data_wait=12.5s  gpu=2.4s
2026-05-09 17:27:04  INFO        [Odam-CRE-Hifla-A    ]  imread image   3.6s  shape=(1453, 456, 830)  2200 MB
2026-05-09 17:27:13  INFO        [Odam-CRE-Hifla-A    ]  imread masks   6.3s
2026-05-09 17:27:14  INFO        [Odam-CRE-Hifla-A    ]  load+combine   13.4s total
2026-05-09 17:27:37  INFO      fold=5 ep=190 loss=0.9355 dice=0.7823 inc=0.890 bone=0.894 molar=0.563 ep_s=14.8 val_s=36.1
2026-05-09 17:27:53  INFO      Fold 5 ep 191: loss=0.9461  epoch=15.7s  data_wait=13.4s  gpu=2.3s
2026-05-09 17:28:08  INFO      Fold 5 ep 192: loss=0.9882  epoch=14.9s  data_wait=12.7s  gpu=2.2s
2026-05-09 17:28:22  INFO      Fold 5 ep 193: loss=0.9757  epoch=14.0s  data_wait=11.7s  gpu=2.3s
2026-05-09 17:28:36  INFO      Fold 5 ep 194: loss=0.9411  epoch=14.1s  data_wait=11.8s  gpu=2.3s
2026-05-09 17:28:51  INFO      Fold 5 ep 195: loss=0.9815  epoch=14.9s  data_wait=12.5s  gpu=2.4s
2026-05-09 17:28:54  INFO        [Odam-CRE-Hifla-A    ]  imread image   3.6s  shape=(1453, 456, 830)  2200 MB
2026-05-09 17:29:03  INFO        [Odam-CRE-Hifla-A    ]  imread masks   6.1s
2026-05-09 17:29:04  INFO        [Odam-CRE-Hifla-A    ]  load+combine   13.2s total
2026-05-09 17:29:25  INFO      fold=5 ep=195 loss=0.9815 dice=0.8546 inc=0.929 bone=0.921 molar=0.713 ep_s=14.9 val_s=34.5
2026-05-09 17:29:40  INFO      Fold 5 ep 196: loss=0.9248  epoch=14.7s  data_wait=12.2s  gpu=2.5s
2026-05-09 17:29:56  INFO      Fold 5 ep 197: loss=0.9349  epoch=15.5s  data_wait=13.0s  gpu=2.5s
2026-05-09 17:30:11  INFO      Fold 5 ep 198: loss=1.0036  epoch=14.7s  data_wait=12.5s  gpu=2.2s
2026-05-09 17:30:24  INFO      Fold 5 ep 199: loss=0.9575  epoch=13.6s  data_wait=11.4s  gpu=2.2s
2026-05-09 17:30:39  INFO      Fold 5 ep 200: loss=1.0483  epoch=14.9s  data_wait=12.7s  gpu=2.2s
2026-05-09 17:30:43  INFO        [Odam-CRE-Hifla-A    ]  imread image   3.6s  shape=(1453, 456, 830)  2200 MB
2026-05-09 17:30:52  INFO        [Odam-CRE-Hifla-A    ]  imread masks   6.1s
2026-05-09 17:30:52  INFO        [Odam-CRE-Hifla-A    ]  load+combine   13.2s total
2026-05-09 17:31:15  INFO      fold=5 ep=200 loss=1.0483 dice=0.8277 inc=0.926 bone=0.902 molar=0.655 ep_s=14.9 val_s=35.9
2026-05-09 17:31:31  INFO      Fold 5 ep 201: loss=0.9775  epoch=16.0s  data_wait=13.2s  gpu=2.8s
2026-05-09 17:31:46  INFO      Fold 5 ep 202: loss=0.9738  epoch=15.1s  data_wait=12.8s  gpu=2.3s
2026-05-09 17:32:00  INFO      Fold 5 ep 203: loss=0.9799  epoch=13.6s  data_wait=11.4s  gpu=2.2s
2026-05-09 17:32:15  INFO      Fold 5 ep 204: loss=0.9596  epoch=15.3s  data_wait=12.9s  gpu=2.4s
2026-05-09 17:32:30  INFO      Fold 5 ep 205: loss=0.8873  epoch=15.0s  data_wait=12.5s  gpu=2.4s
2026-05-09 17:32:34  INFO        [Odam-CRE-Hifla-A    ]  imread image   3.6s  shape=(1453, 456, 830)  2200 MB
2026-05-09 17:32:43  INFO        [Odam-CRE-Hifla-A    ]  imread masks   6.0s
2026-05-09 17:32:43  INFO        [Odam-CRE-Hifla-A    ]  load+combine   13.1s total
2026-05-09 17:33:05  INFO      fold=5 ep=205 loss=0.8873 dice=0.8675 inc=0.939 bone=0.925 molar=0.738 ep_s=15.0 val_s=34.2
2026-05-09 17:33:20  INFO      Fold 5 ep 206: loss=0.8681  epoch=15.6s  data_wait=13.3s  gpu=2.2s
2026-05-09 17:33:35  INFO      Fold 5 ep 207: loss=0.8851  epoch=14.6s  data_wait=12.2s  gpu=2.4s
2026-05-09 17:33:50  INFO      Fold 5 ep 208: loss=0.9406  epoch=14.9s  data_wait=12.6s  gpu=2.3s
2026-05-09 17:34:04  INFO      Fold 5 ep 209: loss=0.8659  epoch=14.5s  data_wait=12.2s  gpu=2.3s
2026-05-09 17:34:19  INFO      Fold 5 ep 210: loss=0.8888  epoch=14.2s  data_wait=11.7s  gpu=2.5s
2026-05-09 17:34:22  INFO        [Odam-CRE-Hifla-A    ]  imread image   3.6s  shape=(1453, 456, 830)  2200 MB
2026-05-09 17:34:31  INFO        [Odam-CRE-Hifla-A    ]  imread masks   6.4s
2026-05-09 17:34:32  INFO        [Odam-CRE-Hifla-A    ]  load+combine   13.6s total
2026-05-09 17:34:55  INFO      fold=5 ep=210 loss=0.8888 dice=0.8822 inc=0.934 bone=0.936 molar=0.776 ep_s=14.2 val_s=36.2
2026-05-09 17:35:10  INFO      Fold 5 ep 211: loss=0.8842  epoch=14.8s  data_wait=12.5s  gpu=2.3s
2026-05-09 17:35:24  INFO      Fold 5 ep 212: loss=0.9115  epoch=14.2s  data_wait=12.0s  gpu=2.2s
2026-05-09 17:35:39  INFO      Fold 5 ep 213: loss=0.9073  epoch=14.7s  data_wait=12.4s  gpu=2.3s
2026-05-09 17:35:53  INFO      Fold 5 ep 214: loss=0.9152  epoch=14.3s  data_wait=12.0s  gpu=2.2s
2026-05-09 17:36:08  INFO      Fold 5 ep 215: loss=0.9112  epoch=15.2s  data_wait=12.8s  gpu=2.4s
2026-05-09 17:36:12  INFO        [Odam-CRE-Hifla-A    ]  imread image   3.6s  shape=(1453, 456, 830)  2200 MB
2026-05-09 17:36:21  INFO        [Odam-CRE-Hifla-A    ]  imread masks   6.1s
2026-05-09 17:36:22  INFO        [Odam-CRE-Hifla-A    ]  load+combine   13.2s total
2026-05-09 17:36:43  INFO      fold=5 ep=215 loss=0.9112 dice=0.7746 inc=0.864 bone=0.892 molar=0.568 ep_s=15.2 val_s=34.4
2026-05-09 17:36:58  INFO      Fold 5 ep 216: loss=1.0057  epoch=15.4s  data_wait=13.0s  gpu=2.4s
2026-05-09 17:37:12  INFO      Fold 5 ep 217: loss=0.8851  epoch=13.9s  data_wait=11.7s  gpu=2.2s
2026-05-09 17:37:26  INFO      Fold 5 ep 218: loss=0.9289  epoch=13.9s  data_wait=11.7s  gpu=2.2s
2026-05-09 17:37:40  INFO      Fold 5 ep 219: loss=0.9476  epoch=14.2s  data_wait=12.0s  gpu=2.2s
2026-05-09 17:37:55  INFO      Fold 5 ep 220: loss=0.9086  epoch=14.5s  data_wait=12.2s  gpu=2.3s
2026-05-09 17:37:58  INFO        [Odam-CRE-Hifla-A    ]  imread image   3.5s  shape=(1453, 456, 830)  2200 MB
2026-05-09 17:38:07  INFO        [Odam-CRE-Hifla-A    ]  imread masks   6.2s
2026-05-09 17:38:08  INFO        [Odam-CRE-Hifla-A    ]  load+combine   13.3s total
2026-05-09 17:38:31  INFO      fold=5 ep=220 loss=0.9086 dice=0.8510 inc=0.937 bone=0.925 molar=0.691 ep_s=14.5 val_s=36.0
2026-05-09 17:38:46  INFO      Fold 5 ep 221: loss=0.8594  epoch=14.5s  data_wait=12.0s  gpu=2.5s
2026-05-09 17:39:00  INFO      Fold 5 ep 222: loss=0.9146  epoch=14.3s  data_wait=12.2s  gpu=2.1s
2026-05-09 17:39:15  INFO      Fold 5 ep 223: loss=0.8822  epoch=14.9s  data_wait=12.7s  gpu=2.2s
2026-05-09 17:39:30  INFO      Fold 5 ep 224: loss=0.9281  epoch=15.3s  data_wait=12.9s  gpu=2.4s
2026-05-09 17:39:45  INFO      Fold 5 ep 225: loss=0.9396  epoch=14.4s  data_wait=12.2s  gpu=2.2s
2026-05-09 17:39:48  INFO        [Odam-CRE-Hifla-A    ]  imread image   3.6s  shape=(1453, 456, 830)  2200 MB
2026-05-09 17:39:57  INFO        [Odam-CRE-Hifla-A    ]  imread masks   6.2s
2026-05-09 17:39:58  INFO        [Odam-CRE-Hifla-A    ]  load+combine   13.4s total
2026-05-09 17:40:20  INFO      fold=5 ep=225 loss=0.9396 dice=0.8723 inc=0.932 bone=0.940 molar=0.745 ep_s=14.4 val_s=35.5
2026-05-09 17:40:35  INFO      Fold 5 ep 226: loss=0.9056  epoch=14.3s  data_wait=12.1s  gpu=2.2s
2026-05-09 17:40:49  INFO      Fold 5 ep 227: loss=0.8864  epoch=14.4s  data_wait=12.1s  gpu=2.2s
2026-05-09 17:41:04  INFO      Fold 5 ep 228: loss=0.8733  epoch=15.1s  data_wait=12.7s  gpu=2.4s
2026-05-09 17:41:18  INFO      Fold 5 ep 229: loss=0.8529  epoch=14.0s  data_wait=11.9s  gpu=2.1s
2026-05-09 17:41:32  INFO      Fold 5 ep 230: loss=0.8560  epoch=13.6s  data_wait=11.4s  gpu=2.2s
2026-05-09 17:41:35  INFO        [Odam-CRE-Hifla-A    ]  imread image   3.6s  shape=(1453, 456, 830)  2200 MB
2026-05-09 17:41:44  INFO        [Odam-CRE-Hifla-A    ]  imread masks   6.2s
2026-05-09 17:41:45  INFO        [Odam-CRE-Hifla-A    ]  load+combine   13.4s total
2026-05-09 17:42:08  INFO      fold=5 ep=230 loss=0.8560 dice=0.8343 inc=0.943 bone=0.914 molar=0.646 ep_s=13.6 val_s=36.1
2026-05-09 17:42:23  INFO      Fold 5 ep 231: loss=0.8615  epoch=15.4s  data_wait=12.7s  gpu=2.7s
2026-05-09 17:42:38  INFO      Fold 5 ep 232: loss=0.8970  epoch=15.0s  data_wait=12.7s  gpu=2.2s
2026-05-09 17:42:52  INFO      Fold 5 ep 233: loss=0.8685  epoch=13.6s  data_wait=11.2s  gpu=2.3s
2026-05-09 17:43:07  INFO      Fold 5 ep 234: loss=0.8246  epoch=15.3s  data_wait=13.0s  gpu=2.3s
2026-05-09 17:43:21  INFO      Fold 5 ep 235: loss=0.8375  epoch=13.6s  data_wait=11.5s  gpu=2.1s
2026-05-09 17:43:24  INFO        [Odam-CRE-Hifla-A    ]  imread image   3.6s  shape=(1453, 456, 830)  2200 MB
2026-05-09 17:43:33  INFO        [Odam-CRE-Hifla-A    ]  imread masks   6.2s
2026-05-09 17:43:34  INFO        [Odam-CRE-Hifla-A    ]  load+combine   13.4s total
2026-05-09 17:43:55  INFO      fold=5 ep=235 loss=0.8375 dice=0.8994 inc=0.946 bone=0.940 molar=0.812 ep_s=13.6 val_s=34.6
2026-05-09 17:44:11  INFO      Fold 5 ep 236: loss=0.9041  epoch=15.2s  data_wait=12.8s  gpu=2.4s
2026-05-09 17:44:25  INFO      Fold 5 ep 237: loss=0.8537  epoch=14.1s  data_wait=11.9s  gpu=2.2s
2026-05-09 17:44:41  INFO      Fold 5 ep 238: loss=0.8580  epoch=15.7s  data_wait=13.4s  gpu=2.3s
2026-05-09 17:44:56  INFO      Fold 5 ep 239: loss=0.8682  epoch=15.3s  data_wait=13.2s  gpu=2.1s
2026-05-09 17:45:10  INFO      Fold 5 ep 240: loss=0.8362  epoch=14.5s  data_wait=12.3s  gpu=2.2s
2026-05-09 17:45:14  INFO        [Odam-CRE-Hifla-A    ]  imread image   3.6s  shape=(1453, 456, 830)  2200 MB
2026-05-09 17:45:23  INFO        [Odam-CRE-Hifla-A    ]  imread masks   6.5s
2026-05-09 17:45:24  INFO        [Odam-CRE-Hifla-A    ]  load+combine   13.6s total
2026-05-09 17:45:47  INFO      fold=5 ep=240 loss=0.8362 dice=0.8849 inc=0.938 bone=0.928 molar=0.788 ep_s=14.5 val_s=36.4
2026-05-09 17:46:01  INFO      Fold 5 ep 241: loss=0.8384  epoch=14.3s  data_wait=12.0s  gpu=2.3s
2026-05-09 17:46:15  INFO      Fold 5 ep 242: loss=0.8019  epoch=13.6s  data_wait=11.5s  gpu=2.1s
2026-05-09 17:46:29  INFO      Fold 5 ep 243: loss=0.8424  epoch=14.2s  data_wait=11.9s  gpu=2.3s
2026-05-09 17:46:44  INFO      Fold 5 ep 244: loss=0.8495  epoch=14.5s  data_wait=12.3s  gpu=2.2s
2026-05-09 17:46:58  INFO      Fold 5 ep 245: loss=0.8576  epoch=14.0s  data_wait=11.9s  gpu=2.1s
2026-05-09 17:47:01  INFO        [Odam-CRE-Hifla-A    ]  imread image   3.7s  shape=(1453, 456, 830)  2200 MB
2026-05-09 17:47:10  INFO        [Odam-CRE-Hifla-A    ]  imread masks   6.4s
2026-05-09 17:47:11  INFO        [Odam-CRE-Hifla-A    ]  load+combine   13.5s total
2026-05-09 17:47:32  INFO      fold=5 ep=245 loss=0.8576 dice=0.8791 inc=0.940 bone=0.936 molar=0.761 ep_s=14.0 val_s=34.5
2026-05-09 17:47:47  INFO      Fold 5 ep 246: loss=0.7981  epoch=14.8s  data_wait=12.5s  gpu=2.2s
2026-05-09 17:48:01  INFO      Fold 5 ep 247: loss=0.8309  epoch=14.0s  data_wait=11.6s  gpu=2.3s
2026-05-09 17:48:19  INFO      Fold 5 ep 248: loss=0.8777  epoch=18.3s  data_wait=15.9s  gpu=2.4s
2026-05-09 17:48:36  INFO      Fold 5 ep 249: loss=0.8613  epoch=16.2s  data_wait=13.9s  gpu=2.3s
2026-05-09 17:48:53  INFO      Fold 5 ep 250: loss=0.8459  epoch=17.4s  data_wait=15.2s  gpu=2.2s
2026-05-09 17:48:57  INFO        [Odam-CRE-Hifla-A    ]  imread image   3.8s  shape=(1453, 456, 830)  2200 MB
2026-05-09 17:49:05  INFO        [Odam-CRE-Hifla-A    ]  imread masks   5.7s
2026-05-09 17:49:06  INFO        [Odam-CRE-Hifla-A    ]  load+combine   13.1s total
2026-05-09 17:49:29  INFO      fold=5 ep=250 loss=0.8459 dice=0.8747 inc=0.932 bone=0.932 molar=0.760 ep_s=17.4 val_s=35.8
2026-05-09 17:49:45  INFO      Fold 5 ep 251: loss=0.8344  epoch=16.4s  data_wait=14.0s  gpu=2.4s
2026-05-09 17:50:01  INFO      Fold 5 ep 252: loss=0.8711  epoch=15.6s  data_wait=13.4s  gpu=2.2s
2026-05-09 17:50:17  INFO      Fold 5 ep 253: loss=0.8231  epoch=15.9s  data_wait=13.3s  gpu=2.6s
2026-05-09 17:50:31  INFO      Fold 5 ep 254: loss=0.8002  epoch=14.1s  data_wait=11.9s  gpu=2.2s
2026-05-09 17:50:46  INFO      Fold 5 ep 255: loss=0.8246  epoch=14.6s  data_wait=12.4s  gpu=2.2s
2026-05-09 17:50:49  INFO        [Odam-CRE-Hifla-A    ]  imread image   3.6s  shape=(1453, 456, 830)  2200 MB
2026-05-09 17:50:58  INFO        [Odam-CRE-Hifla-A    ]  imread masks   6.4s
2026-05-09 17:50:59  INFO        [Odam-CRE-Hifla-A    ]  load+combine   13.5s total
2026-05-09 17:51:20  INFO      fold=5 ep=255 loss=0.8246 dice=0.8899 inc=0.947 bone=0.937 molar=0.786 ep_s=14.6 val_s=34.7
2026-05-09 17:51:35  INFO      Fold 5 ep 256: loss=0.8309  epoch=15.1s  data_wait=12.9s  gpu=2.2s
2026-05-09 17:51:50  INFO      Fold 5 ep 257: loss=0.8191  epoch=14.4s  data_wait=12.1s  gpu=2.3s
2026-05-09 17:52:05  INFO      Fold 5 ep 258: loss=0.8277  epoch=14.9s  data_wait=12.8s  gpu=2.1s
2026-05-09 17:52:21  INFO      Fold 5 ep 259: loss=0.8097  epoch=15.7s  data_wait=13.4s  gpu=2.3s
2026-05-09 17:52:35  INFO      Fold 5 ep 260: loss=0.8257  epoch=14.7s  data_wait=12.2s  gpu=2.5s
2026-05-09 17:52:39  INFO        [Odam-CRE-Hifla-A    ]  imread image   3.6s  shape=(1453, 456, 830)  2200 MB
2026-05-09 17:52:48  INFO        [Odam-CRE-Hifla-A    ]  imread masks   6.5s
2026-05-09 17:52:49  INFO        [Odam-CRE-Hifla-A    ]  load+combine   13.6s total
2026-05-09 17:53:11  INFO      fold=5 ep=260 loss=0.8257 dice=0.8858 inc=0.945 bone=0.936 molar=0.776 ep_s=14.7 val_s=36.2
2026-05-09 17:53:26  INFO      Fold 5 ep 261: loss=0.8457  epoch=14.3s  data_wait=11.8s  gpu=2.5s
2026-05-09 17:53:40  INFO      Fold 5 ep 262: loss=0.8347  epoch=14.4s  data_wait=12.3s  gpu=2.1s
2026-05-09 17:53:55  INFO      Fold 5 ep 263: loss=0.8294  epoch=14.2s  data_wait=12.1s  gpu=2.2s
2026-05-09 17:54:09  INFO      Fold 5 ep 264: loss=0.8081  epoch=14.4s  data_wait=12.1s  gpu=2.3s
2026-05-09 17:54:24  INFO      Fold 5 ep 265: loss=0.8253  epoch=14.5s  data_wait=12.3s  gpu=2.2s
2026-05-09 17:54:27  INFO        [Odam-CRE-Hifla-A    ]  imread image   3.6s  shape=(1453, 456, 830)  2200 MB
2026-05-09 17:54:36  INFO        [Odam-CRE-Hifla-A    ]  imread masks   6.5s
2026-05-09 17:54:37  INFO        [Odam-CRE-Hifla-A    ]  load+combine   13.5s total
2026-05-09 17:54:58  INFO      fold=5 ep=265 loss=0.8253 dice=0.8889 inc=0.941 bone=0.935 molar=0.791 ep_s=14.5 val_s=34.7
2026-05-09 17:55:12  INFO      Fold 5 ep 266: loss=0.8388  epoch=13.9s  data_wait=11.4s  gpu=2.4s
2026-05-09 17:55:27  INFO      Fold 5 ep 267: loss=0.8551  epoch=14.9s  data_wait=12.5s  gpu=2.5s
2026-05-09 17:55:40  INFO      Fold 5 ep 268: loss=0.8228  epoch=13.2s  data_wait=11.0s  gpu=2.2s
2026-05-09 17:55:55  INFO      Fold 5 ep 269: loss=0.8282  epoch=14.5s  data_wait=12.3s  gpu=2.2s
2026-05-09 17:56:10  INFO      Fold 5 ep 270: loss=0.8180  epoch=15.6s  data_wait=13.2s  gpu=2.4s
2026-05-09 17:56:14  INFO        [Odam-CRE-Hifla-A    ]  imread image   3.7s  shape=(1453, 456, 830)  2200 MB
2026-05-09 17:56:23  INFO        [Odam-CRE-Hifla-A    ]  imread masks   6.6s
2026-05-09 17:56:24  INFO        [Odam-CRE-Hifla-A    ]  load+combine   13.6s total
2026-05-09 17:56:47  INFO      fold=5 ep=270 loss=0.8180 dice=0.8747 inc=0.936 bone=0.928 molar=0.760 ep_s=15.6 val_s=36.3
2026-05-09 17:57:01  INFO      Fold 5 ep 271: loss=0.8093  epoch=14.0s  data_wait=11.6s  gpu=2.5s
2026-05-09 17:57:16  INFO      Fold 5 ep 272: loss=0.8363  epoch=14.6s  data_wait=12.4s  gpu=2.2s
2026-05-09 17:57:30  INFO      Fold 5 ep 273: loss=0.8053  epoch=14.0s  data_wait=11.7s  gpu=2.2s
2026-05-09 17:57:45  INFO      Fold 5 ep 274: loss=0.8219  epoch=15.3s  data_wait=13.0s  gpu=2.3s
2026-05-09 17:58:00  INFO      Fold 5 ep 275: loss=0.8072  epoch=15.3s  data_wait=13.1s  gpu=2.2s
2026-05-09 17:58:04  INFO        [Odam-CRE-Hifla-A    ]  imread image   3.6s  shape=(1453, 456, 830)  2200 MB
2026-05-09 17:58:13  INFO        [Odam-CRE-Hifla-A    ]  imread masks   6.1s
2026-05-09 17:58:13  INFO        [Odam-CRE-Hifla-A    ]  load+combine   13.2s total
2026-05-09 17:58:34  INFO      fold=5 ep=275 loss=0.8072 dice=0.8787 inc=0.946 bone=0.934 molar=0.755 ep_s=15.3 val_s=34.2
2026-05-09 17:58:50  INFO      Fold 5 ep 276: loss=0.8072  epoch=15.1s  data_wait=12.6s  gpu=2.4s
2026-05-09 17:59:05  INFO      Fold 5 ep 277: loss=0.8195  epoch=15.2s  data_wait=13.0s  gpu=2.2s
2026-05-09 17:59:20  INFO      Fold 5 ep 278: loss=0.8169  epoch=15.0s  data_wait=12.8s  gpu=2.2s
2026-05-09 17:59:34  INFO      Fold 5 ep 279: loss=0.7982  epoch=14.0s  data_wait=11.9s  gpu=2.1s
2026-05-09 17:59:49  INFO      Fold 5 ep 280: loss=0.8199  epoch=14.6s  data_wait=12.5s  gpu=2.2s
2026-05-09 17:59:52  INFO        [Odam-CRE-Hifla-A    ]  imread image   3.6s  shape=(1453, 456, 830)  2200 MB
2026-05-09 18:00:01  INFO        [Odam-CRE-Hifla-A    ]  imread masks   6.1s
2026-05-09 18:00:02  INFO        [Odam-CRE-Hifla-A    ]  load+combine   13.2s total
2026-05-09 18:00:24  INFO      fold=5 ep=280 loss=0.8199 dice=0.8770 inc=0.946 bone=0.934 molar=0.751 ep_s=14.6 val_s=35.8
2026-05-09 18:00:40  INFO      Fold 5 ep 281: loss=0.8021  epoch=15.2s  data_wait=12.9s  gpu=2.3s
2026-05-09 18:00:56  INFO      Fold 5 ep 282: loss=0.8128  epoch=16.3s  data_wait=14.2s  gpu=2.2s
2026-05-09 18:01:13  INFO      Fold 5 ep 283: loss=0.8172  epoch=16.4s  data_wait=14.1s  gpu=2.3s
2026-05-09 18:01:32  INFO      Fold 5 ep 284: loss=0.7884  epoch=19.4s  data_wait=17.1s  gpu=2.3s
2026-05-09 18:01:49  INFO      Fold 5 ep 285: loss=0.8001  epoch=17.3s  data_wait=15.3s  gpu=2.1s
2026-05-09 18:01:53  INFO        [Odam-CRE-Hifla-A    ]  imread image   3.3s  shape=(1453, 456, 830)  2200 MB
2026-05-09 18:02:00  INFO        [Odam-CRE-Hifla-A    ]  imread masks   4.7s
2026-05-09 18:02:01  INFO        [Odam-CRE-Hifla-A    ]  load+combine   11.5s total
2026-05-09 18:02:22  INFO      fold=5 ep=285 loss=0.8001 dice=0.8916 inc=0.947 bone=0.937 molar=0.791 ep_s=17.3 val_s=32.5
2026-05-09 18:02:22  INFO      Fold 5: early stop at ep 285  best=0.8994
2026-05-09 18:02:31  INFO      Fold 6: loading 8 training samples into RAM...
2026-05-09 18:02:32  INFO        Loaded Cont1_5               shape=(1, 1444, 343, 530)  1313 MB  1.4s
2026-05-09 18:02:34  INFO        Loaded Frag_4                shape=(1, 1484, 441, 490)  1603 MB  1.5s
2026-05-09 18:02:37  INFO        Loaded Odam-CRE-A            shape=(1, 1421, 495, 855)  3007 MB  2.7s
2026-05-09 18:02:39  INFO        Loaded Odam-CRE-B            shape=(1, 1571, 464, 821)  2992 MB  2.7s
2026-05-09 18:02:41  INFO        Loaded Odam-CRE-C            shape=(1, 1353, 406, 820)  2252 MB  2.0s
2026-05-09 18:02:44  INFO        Loaded Odam-CRE-Hifla-A      shape=(1, 1469, 472, 846)  2933 MB  2.7s
2026-05-09 18:02:47  INFO        Loaded Odam-CRE-Hifla-C      shape=(1, 1630, 434, 752)  2660 MB  2.7s
2026-05-09 18:02:48  INFO        Loaded P27RKO_8um_2K__reoriented  shape=(1, 1550, 245, 672)  1276 MB  1.4s
2026-05-09 18:02:48  INFO      All 8 samples in RAM  total=18036 MB  17.1s
2026-05-09 18:02:48  INFO      Fold 6: dataset ready  items=8  load=17.2s
2026-05-09 18:02:48  INFO      Fold 6: starting fresh | val=Odam-CRE-Hifla-B | params=4,743,653
2026-05-09 18:02:48  INFO      Fold 6: entering training loop  start_epoch=0
2026-05-09 18:02:52  INFO      Fold 6 ep 1: first batch  wait=4.0s  shape=[48, 1, 96, 96, 96]
2026-05-09 18:03:07  INFO      Fold 6 ep 1: loss=2.2899  epoch=18.7s  data_wait=9.6s  gpu=9.1s
2026-05-09 18:03:28  INFO      Fold 6 ep 2: loss=2.0760  epoch=20.8s  data_wait=18.6s  gpu=2.2s
2026-05-09 18:03:47  INFO      Fold 6 ep 3: loss=1.9650  epoch=19.1s  data_wait=16.9s  gpu=2.3s
2026-05-09 18:04:05  INFO      Fold 6 ep 4: loss=1.9170  epoch=18.4s  data_wait=16.2s  gpu=2.2s
2026-05-09 18:04:25  INFO      Fold 6 ep 5: loss=1.8493  epoch=20.1s  data_wait=17.8s  gpu=2.3s
2026-05-09 18:04:30  INFO        [Odam-CRE-Hifla-B    ]  imread image   4.7s  shape=(1455, 470, 802)  2194 MB
2026-05-09 18:04:38  INFO        [Odam-CRE-Hifla-B    ]  imread masks   4.6s
2026-05-09 18:04:39  INFO        [Odam-CRE-Hifla-B    ]  load+combine   13.5s total
2026-05-09 18:05:15  INFO      fold=6 ep=5 loss=1.8493 dice=0.0076 inc=0.001 bone=0.001 molar=0.021 ep_s=20.1 val_s=49.3
2026-05-09 18:06:02  INFO      Fold 6 ep 6: loss=1.8697  epoch=47.3s  data_wait=4.5s  gpu=42.8s
2026-05-09 18:06:49  INFO      Fold 6 ep 7: loss=1.8480  epoch=46.4s  data_wait=4.6s  gpu=41.8s
2026-05-09 18:07:37  INFO      Fold 6 ep 8: loss=1.7940  epoch=48.6s  data_wait=3.9s  gpu=44.7s
2026-05-09 18:08:24  INFO      Fold 6 ep 9: loss=1.8227  epoch=46.2s  data_wait=5.5s  gpu=40.7s
2026-05-09 18:09:09  INFO      Fold 6 ep 10: loss=1.8310  epoch=45.6s  data_wait=3.8s  gpu=41.8s
2026-05-09 18:09:13  INFO        [Odam-CRE-Hifla-B    ]  imread image   4.1s  shape=(1455, 470, 802)  2194 MB
2026-05-09 18:09:22  INFO        [Odam-CRE-Hifla-B    ]  imread masks   5.3s
2026-05-09 18:09:23  INFO        [Odam-CRE-Hifla-B    ]  load+combine   13.9s total
2026-05-09 18:09:34  INFO      fold=6 ep=10 loss=1.8310 dice=0.0115 inc=0.012 bone=0.000 molar=0.023 ep_s=45.6 val_s=24.9
2026-05-09 18:10:10  INFO      Fold 6 ep 11: loss=1.7866  epoch=35.0s  data_wait=4.1s  gpu=31.0s
2026-05-09 18:10:46  INFO      Fold 6 ep 12: loss=1.7633  epoch=36.7s  data_wait=5.2s  gpu=31.5s
2026-05-09 18:11:23  INFO      Fold 6 ep 13: loss=1.7343  epoch=36.5s  data_wait=4.9s  gpu=31.6s
2026-05-09 18:12:00  INFO      Fold 6 ep 14: loss=1.7409  epoch=36.7s  data_wait=5.2s  gpu=31.4s
2026-05-09 18:12:36  INFO      Fold 6 ep 15: loss=1.8245  epoch=36.6s  data_wait=5.2s  gpu=31.4s
2026-05-09 18:12:39  INFO        [Odam-CRE-Hifla-B    ]  imread image   3.2s  shape=(1455, 470, 802)  2194 MB
2026-05-09 18:12:48  INFO        [Odam-CRE-Hifla-B    ]  imread masks   5.3s
2026-05-09 18:12:49  INFO        [Odam-CRE-Hifla-B    ]  load+combine   12.6s total
2026-05-09 18:14:24  INFO      fold=6 ep=15 loss=1.8245 dice=0.0088 inc=0.001 bone=0.001 molar=0.024 ep_s=36.6 val_s=107.8
2026-05-09 18:15:23  INFO      Fold 6 ep 16: loss=1.7769  epoch=58.5s  data_wait=4.3s  gpu=54.2s
2026-05-09 18:16:22  INFO      Fold 6 ep 17: loss=1.7515  epoch=59.1s  data_wait=4.1s  gpu=55.0s
2026-05-09 18:17:21  INFO      Fold 6 ep 18: loss=1.7655  epoch=59.0s  data_wait=4.1s  gpu=54.9s
2026-05-09 18:18:21  INFO      Fold 6 ep 19: loss=1.7464  epoch=59.9s  data_wait=4.6s  gpu=55.3s
2026-05-09 18:19:21  INFO      Fold 6 ep 20: loss=1.7086  epoch=60.1s  data_wait=5.2s  gpu=54.9s
2026-05-09 18:19:24  INFO        [Odam-CRE-Hifla-B    ]  imread image   3.6s  shape=(1455, 470, 802)  2194 MB
2026-05-09 18:19:33  INFO        [Odam-CRE-Hifla-B    ]  imread masks   5.3s
2026-05-09 18:19:34  INFO        [Odam-CRE-Hifla-B    ]  load+combine   13.4s total
2026-05-09 18:21:38  INFO      fold=6 ep=20 loss=1.7086 dice=0.0538 inc=0.055 bone=0.068 molar=0.039 ep_s=60.1 val_s=137.0
2026-05-09 18:22:50  INFO      Fold 6 ep 21: loss=1.7025  epoch=72.6s  data_wait=4.3s  gpu=68.3s
2026-05-09 18:24:05  INFO      Fold 6 ep 22: loss=1.7154  epoch=74.9s  data_wait=4.1s  gpu=70.8s
2026-05-09 18:25:22  INFO      Fold 6 ep 23: loss=1.6785  epoch=76.4s  data_wait=5.3s  gpu=71.1s
2026-05-09 18:26:38  INFO      Fold 6 ep 24: loss=1.7162  epoch=76.3s  data_wait=5.3s  gpu=71.0s
2026-05-09 18:27:55  INFO      Fold 6 ep 25: loss=1.6554  epoch=77.0s  data_wait=6.0s  gpu=71.0s
2026-05-09 18:27:58  INFO        [Odam-CRE-Hifla-B    ]  imread image   3.2s  shape=(1455, 470, 802)  2194 MB
2026-05-09 18:28:07  INFO        [Odam-CRE-Hifla-B    ]  imread masks   5.4s
2026-05-09 18:28:07  INFO        [Odam-CRE-Hifla-B    ]  load+combine   12.1s total
2026-05-09 18:29:08  INFO      fold=6 ep=25 loss=1.6554 dice=0.0808 inc=0.001 bone=0.153 molar=0.089 ep_s=77.0 val_s=72.8
2026-05-09 18:29:59  INFO      Fold 6 ep 26: loss=1.6395  epoch=50.4s  data_wait=4.8s  gpu=45.6s
2026-05-09 18:30:46  INFO      Fold 6 ep 27: loss=1.6538  epoch=46.8s  data_wait=3.7s  gpu=43.2s
2026-05-09 18:31:33  INFO      Fold 6 ep 28: loss=1.6193  epoch=47.5s  data_wait=4.3s  gpu=43.2s
2026-05-09 18:32:21  INFO      Fold 6 ep 29: loss=1.5977  epoch=48.2s  data_wait=4.8s  gpu=43.3s
2026-05-09 18:33:08  INFO      Fold 6 ep 30: loss=1.6252  epoch=47.1s  data_wait=4.0s  gpu=43.1s
2026-05-09 18:33:12  INFO        [Odam-CRE-Hifla-B    ]  imread image   3.2s  shape=(1455, 470, 802)  2194 MB
2026-05-09 18:33:20  INFO        [Odam-CRE-Hifla-B    ]  imread masks   5.3s
2026-05-09 18:33:20  INFO        [Odam-CRE-Hifla-B    ]  load+combine   12.1s total
2026-05-09 18:34:37  INFO      fold=6 ep=30 loss=1.6252 dice=0.1391 inc=0.002 bone=0.295 molar=0.120 ep_s=47.1 val_s=88.4
2026-05-09 18:35:38  INFO      Fold 6 ep 31: loss=1.6491  epoch=61.3s  data_wait=5.0s  gpu=56.4s
2026-05-09 18:36:40  INFO      Fold 6 ep 32: loss=1.6173  epoch=61.8s  data_wait=4.3s  gpu=57.5s
2026-05-09 18:37:40  INFO      Fold 6 ep 33: loss=1.5836  epoch=60.0s  data_wait=5.2s  gpu=54.8s
2026-05-09 18:38:39  INFO      Fold 6 ep 34: loss=1.6208  epoch=59.3s  data_wait=5.7s  gpu=53.6s
2026-05-09 18:39:40  INFO      Fold 6 ep 35: loss=1.5794  epoch=60.6s  data_wait=4.0s  gpu=56.7s
2026-05-09 18:39:43  INFO        [Odam-CRE-Hifla-B    ]  imread image   3.3s  shape=(1455, 470, 802)  2194 MB
2026-05-09 18:39:52  INFO        [Odam-CRE-Hifla-B    ]  imread masks   5.4s
2026-05-09 18:39:52  INFO        [Odam-CRE-Hifla-B    ]  load+combine   12.2s total
2026-05-09 18:42:31  INFO      fold=6 ep=35 loss=1.5794 dice=0.1216 inc=0.001 bone=0.219 molar=0.145 ep_s=60.6 val_s=170.5
2026-05-09 18:43:21  INFO      Fold 6 ep 36: loss=1.6131  epoch=50.2s  data_wait=4.9s  gpu=45.3s
2026-05-09 18:44:12  INFO      Fold 6 ep 37: loss=1.6017  epoch=50.5s  data_wait=4.7s  gpu=45.8s
2026-05-09 18:45:09  INFO      Fold 6 ep 38: loss=1.5940  epoch=57.5s  data_wait=5.4s  gpu=52.1s
2026-05-09 18:46:06  INFO      Fold 6 ep 39: loss=1.5497  epoch=56.9s  data_wait=4.9s  gpu=51.9s
2026-05-09 18:47:03  INFO      Fold 6 ep 40: loss=1.5729  epoch=56.6s  data_wait=4.6s  gpu=52.0s
2026-05-09 18:47:06  INFO        [Odam-CRE-Hifla-B    ]  imread image   3.2s  shape=(1455, 470, 802)  2194 MB
2026-05-09 18:47:14  INFO        [Odam-CRE-Hifla-B    ]  imread masks   5.4s
2026-05-09 18:47:15  INFO        [Odam-CRE-Hifla-B    ]  load+combine   12.2s total
2026-05-09 18:48:18  INFO      fold=6 ep=40 loss=1.5729 dice=0.1790 inc=0.015 bone=0.350 molar=0.172 ep_s=56.6 val_s=75.7
2026-05-09 18:49:20  INFO      Fold 6 ep 41: loss=1.5696  epoch=61.6s  data_wait=5.3s  gpu=56.3s
2026-05-09 18:50:23  INFO      Fold 6 ep 42: loss=1.5536  epoch=62.4s  data_wait=4.5s  gpu=57.9s
2026-05-09 18:51:23  INFO      Fold 6 ep 43: loss=1.5525  epoch=60.0s  data_wait=5.5s  gpu=54.5s
2026-05-09 18:52:22  INFO      Fold 6 ep 44: loss=1.5517  epoch=59.3s  data_wait=4.8s  gpu=54.5s
2026-05-09 18:53:25  INFO      Fold 6 ep 45: loss=1.5359  epoch=62.8s  data_wait=4.8s  gpu=58.1s
2026-05-09 18:53:28  INFO        [Odam-CRE-Hifla-B    ]  imread image   3.2s  shape=(1455, 470, 802)  2194 MB
2026-05-09 18:53:36  INFO        [Odam-CRE-Hifla-B    ]  imread masks   5.4s
2026-05-09 18:53:37  INFO        [Odam-CRE-Hifla-B    ]  load+combine   12.1s total
2026-05-09 18:55:27  INFO      fold=6 ep=45 loss=1.5359 dice=0.1422 inc=0.012 bone=0.250 molar=0.165 ep_s=62.8 val_s=122.7
2026-05-09 18:56:18  INFO      Fold 6 ep 46: loss=1.5936  epoch=50.4s  data_wait=5.2s  gpu=45.2s
2026-05-09 18:57:09  INFO      Fold 6 ep 47: loss=1.5346  epoch=50.9s  data_wait=5.1s  gpu=45.8s
2026-05-09 18:58:06  INFO      Fold 6 ep 48: loss=1.5237  epoch=57.0s  data_wait=5.0s  gpu=52.0s
2026-05-09 18:59:02  INFO      Fold 6 ep 49: loss=1.5391  epoch=56.7s  data_wait=4.7s  gpu=52.0s
2026-05-09 18:59:59  INFO      Fold 6 ep 50: loss=1.5473  epoch=56.4s  data_wait=4.4s  gpu=52.0s
2026-05-09 19:00:02  INFO        [Odam-CRE-Hifla-B    ]  imread image   3.1s  shape=(1455, 470, 802)  2194 MB
2026-05-09 19:00:10  INFO        [Odam-CRE-Hifla-B    ]  imread masks   5.2s
2026-05-09 19:00:11  INFO        [Odam-CRE-Hifla-B    ]  load+combine   11.7s total
2026-05-09 19:01:14  INFO      fold=6 ep=50 loss=1.5473 dice=0.2102 inc=0.122 bone=0.363 molar=0.146 ep_s=56.4 val_s=75.1
2026-05-09 19:02:15  INFO      Fold 6 ep 51: loss=1.6054  epoch=60.9s  data_wait=4.5s  gpu=56.4s
2026-05-09 19:03:18  INFO      Fold 6 ep 52: loss=1.5466  epoch=62.3s  data_wait=4.2s  gpu=58.1s
2026-05-09 19:04:17  INFO      Fold 6 ep 53: loss=1.5063  epoch=59.3s  data_wait=4.9s  gpu=54.4s
2026-05-09 19:05:15  INFO      Fold 6 ep 54: loss=1.5444  epoch=58.4s  data_wait=4.2s  gpu=54.1s
2026-05-09 19:06:18  INFO      Fold 6 ep 55: loss=1.5082  epoch=63.1s  data_wait=5.2s  gpu=57.9s
2026-05-09 19:06:22  INFO        [Odam-CRE-Hifla-B    ]  imread image   3.2s  shape=(1455, 470, 802)  2194 MB
2026-05-09 19:06:30  INFO        [Odam-CRE-Hifla-B    ]  imread masks   5.3s
2026-05-09 19:06:30  INFO        [Odam-CRE-Hifla-B    ]  load+combine   12.1s total
2026-05-09 19:08:21  INFO      fold=6 ep=55 loss=1.5082 dice=0.2901 inc=0.076 bone=0.581 molar=0.213 ep_s=63.1 val_s=122.8
2026-05-09 19:09:10  INFO      Fold 6 ep 56: loss=1.5065  epoch=48.8s  data_wait=3.8s  gpu=45.1s
2026-05-09 19:10:01  INFO      Fold 6 ep 57: loss=1.5729  epoch=51.0s  data_wait=5.3s  gpu=45.7s
2026-05-09 19:10:58  INFO      Fold 6 ep 58: loss=1.5307  epoch=56.8s  data_wait=4.8s  gpu=51.9s
2026-05-09 19:11:54  INFO      Fold 6 ep 59: loss=1.5333  epoch=56.3s  data_wait=4.3s  gpu=51.9s
2026-05-09 19:12:51  INFO      Fold 6 ep 60: loss=1.5486  epoch=56.6s  data_wait=4.5s  gpu=52.1s
2026-05-09 19:12:54  INFO        [Odam-CRE-Hifla-B    ]  imread image   3.2s  shape=(1455, 470, 802)  2194 MB
2026-05-09 19:13:02  INFO        [Odam-CRE-Hifla-B    ]  imread masks   4.9s
2026-05-09 19:13:03  INFO        [Odam-CRE-Hifla-B    ]  load+combine   11.7s total
2026-05-09 19:14:06  INFO      fold=6 ep=60 loss=1.5486 dice=0.3164 inc=0.087 bone=0.638 molar=0.225 ep_s=56.6 val_s=75.2
2026-05-09 19:15:08  INFO      Fold 6 ep 61: loss=1.4978  epoch=61.6s  data_wait=5.0s  gpu=56.6s
2026-05-09 19:16:10  INFO      Fold 6 ep 62: loss=1.5278  epoch=62.0s  data_wait=4.1s  gpu=57.9s
2026-05-09 19:17:09  INFO      Fold 6 ep 63: loss=1.5181  epoch=59.3s  data_wait=4.7s  gpu=54.5s
2026-05-09 19:18:09  INFO      Fold 6 ep 64: loss=1.5282  epoch=59.5s  data_wait=5.0s  gpu=54.5s
2026-05-09 19:19:12  INFO      Fold 6 ep 65: loss=1.4901  epoch=63.0s  data_wait=5.2s  gpu=57.8s
2026-05-09 19:19:15  INFO        [Odam-CRE-Hifla-B    ]  imread image   3.2s  shape=(1455, 470, 802)  2194 MB
2026-05-09 19:19:23  INFO        [Odam-CRE-Hifla-B    ]  imread masks   5.2s
2026-05-09 19:19:24  INFO        [Odam-CRE-Hifla-B    ]  load+combine   12.0s total
2026-05-09 19:21:15  INFO      fold=6 ep=65 loss=1.4901 dice=0.3420 inc=0.110 bone=0.659 molar=0.257 ep_s=63.0 val_s=122.5
2026-05-09 19:22:05  INFO      Fold 6 ep 66: loss=1.5007  epoch=50.0s  data_wait=4.7s  gpu=45.3s
2026-05-09 19:22:56  INFO      Fold 6 ep 67: loss=1.4758  epoch=50.8s  data_wait=5.3s  gpu=45.5s
2026-05-09 19:23:53  INFO      Fold 6 ep 68: loss=1.4622  epoch=56.9s  data_wait=4.6s  gpu=52.4s
2026-05-09 19:24:50  INFO      Fold 6 ep 69: loss=1.4832  epoch=57.0s  data_wait=4.8s  gpu=52.2s
2026-05-09 19:25:46  INFO      Fold 6 ep 70: loss=1.5011  epoch=56.8s  data_wait=4.6s  gpu=52.2s
2026-05-09 19:25:50  INFO        [Odam-CRE-Hifla-B    ]  imread image   3.1s  shape=(1455, 470, 802)  2194 MB
2026-05-09 19:25:57  INFO        [Odam-CRE-Hifla-B    ]  imread masks   5.0s
2026-05-09 19:25:58  INFO        [Odam-CRE-Hifla-B    ]  load+combine   11.6s total
2026-05-09 19:27:01  INFO      fold=6 ep=70 loss=1.5011 dice=0.3051 inc=0.017 bone=0.676 molar=0.222 ep_s=56.8 val_s=74.9
2026-05-09 19:28:03  INFO      Fold 6 ep 71: loss=1.4319  epoch=61.2s  data_wait=5.1s  gpu=56.1s
2026-05-09 19:29:05  INFO      Fold 6 ep 72: loss=1.4950  epoch=62.4s  data_wait=4.6s  gpu=57.8s
2026-05-09 19:30:04  INFO      Fold 6 ep 73: loss=1.4766  epoch=58.9s  data_wait=4.5s  gpu=54.4s
2026-05-09 19:31:04  INFO      Fold 6 ep 74: loss=1.4754  epoch=59.7s  data_wait=5.2s  gpu=54.5s
2026-05-09 19:32:07  INFO      Fold 6 ep 75: loss=1.4393  epoch=63.0s  data_wait=4.8s  gpu=58.2s
2026-05-09 19:32:10  INFO        [Odam-CRE-Hifla-B    ]  imread image   3.2s  shape=(1455, 470, 802)  2194 MB
2026-05-09 19:32:18  INFO        [Odam-CRE-Hifla-B    ]  imread masks   5.2s
2026-05-09 19:32:19  INFO        [Odam-CRE-Hifla-B    ]  load+combine   11.9s total
2026-05-09 19:34:09  INFO      fold=6 ep=75 loss=1.4393 dice=0.3460 inc=0.021 bone=0.757 molar=0.260 ep_s=63.0 val_s=122.4
2026-05-09 19:34:59  INFO      Fold 6 ep 76: loss=1.4390  epoch=49.6s  data_wait=4.4s  gpu=45.2s
2026-05-09 19:35:49  INFO      Fold 6 ep 77: loss=1.5429  epoch=49.5s  data_wait=4.0s  gpu=45.6s
2026-05-09 19:36:46  INFO      Fold 6 ep 78: loss=1.4532  epoch=57.0s  data_wait=5.2s  gpu=51.8s
2026-05-09 19:37:43  INFO      Fold 6 ep 79: loss=1.5013  epoch=57.4s  data_wait=5.4s  gpu=52.0s
2026-05-09 19:38:39  INFO      Fold 6 ep 80: loss=1.4496  epoch=56.3s  data_wait=4.3s  gpu=52.0s
2026-05-09 19:38:43  INFO        [Odam-CRE-Hifla-B    ]  imread image   3.3s  shape=(1455, 470, 802)  2194 MB
2026-05-09 19:38:50  INFO        [Odam-CRE-Hifla-B    ]  imread masks   5.1s
2026-05-09 19:38:51  INFO        [Odam-CRE-Hifla-B    ]  load+combine   11.8s total
2026-05-09 19:39:55  INFO      fold=6 ep=80 loss=1.4496 dice=0.3479 inc=0.095 bone=0.682 molar=0.266 ep_s=56.3 val_s=75.1
2026-05-09 19:40:56  INFO      Fold 6 ep 81: loss=1.4698  epoch=61.4s  data_wait=5.0s  gpu=56.4s
2026-05-09 19:41:59  INFO      Fold 6 ep 82: loss=1.4647  epoch=62.6s  data_wait=4.6s  gpu=58.1s
2026-05-09 19:42:58  INFO      Fold 6 ep 83: loss=1.4170  epoch=59.0s  data_wait=4.7s  gpu=54.4s
2026-05-09 19:43:56  INFO      Fold 6 ep 84: loss=1.4621  epoch=58.3s  data_wait=4.1s  gpu=54.2s
2026-05-09 19:44:59  INFO      Fold 6 ep 85: loss=1.4431  epoch=62.2s  data_wait=4.3s  gpu=57.9s
2026-05-09 19:45:02  INFO        [Odam-CRE-Hifla-B    ]  imread image   3.2s  shape=(1455, 470, 802)  2194 MB
2026-05-09 19:45:10  INFO        [Odam-CRE-Hifla-B    ]  imread masks   5.2s
2026-05-09 19:45:10  INFO        [Odam-CRE-Hifla-B    ]  load+combine   11.9s total
2026-05-09 19:47:01  INFO      fold=6 ep=85 loss=1.4431 dice=0.3982 inc=0.151 bone=0.806 molar=0.237 ep_s=62.2 val_s=122.3
2026-05-09 19:47:52  INFO      Fold 6 ep 86: loss=1.4477  epoch=50.4s  data_wait=5.2s  gpu=45.2s
2026-05-09 19:48:43  INFO      Fold 6 ep 87: loss=1.4320  epoch=51.1s  data_wait=5.4s  gpu=45.8s
2026-05-09 19:49:39  INFO      Fold 6 ep 88: loss=1.3964  epoch=56.0s  data_wait=4.0s  gpu=52.0s
2026-05-09 19:50:36  INFO      Fold 6 ep 89: loss=1.4155  epoch=57.0s  data_wait=5.1s  gpu=51.9s
2026-05-09 19:51:33  INFO      Fold 6 ep 90: loss=1.4487  epoch=57.2s  data_wait=5.1s  gpu=52.0s
2026-05-09 19:51:36  INFO        [Odam-CRE-Hifla-B    ]  imread image   3.2s  shape=(1455, 470, 802)  2194 MB
2026-05-09 19:51:44  INFO        [Odam-CRE-Hifla-B    ]  imread masks   5.2s
2026-05-09 19:51:45  INFO        [Odam-CRE-Hifla-B    ]  load+combine   11.8s total
2026-05-09 19:52:48  INFO      fold=6 ep=90 loss=1.4487 dice=0.3221 inc=0.157 bone=0.574 molar=0.235 ep_s=57.2 val_s=75.2
2026-05-09 19:53:49  INFO      Fold 6 ep 91: loss=1.3933  epoch=61.0s  data_wait=4.8s  gpu=56.2s
2026-05-09 19:54:53  INFO      Fold 6 ep 92: loss=1.4199  epoch=63.2s  data_wait=5.2s  gpu=58.0s
2026-05-09 19:55:52  INFO      Fold 6 ep 93: loss=1.4157  epoch=58.9s  data_wait=4.4s  gpu=54.5s
2026-05-09 19:56:50  INFO      Fold 6 ep 94: loss=1.4246  epoch=58.8s  data_wait=4.6s  gpu=54.2s
2026-05-09 19:57:53  INFO      Fold 6 ep 95: loss=1.4244  epoch=62.5s  data_wait=4.7s  gpu=57.8s
2026-05-09 19:57:56  INFO        [Odam-CRE-Hifla-B    ]  imread image   3.4s  shape=(1455, 470, 802)  2194 MB
2026-05-09 19:58:04  INFO        [Odam-CRE-Hifla-B    ]  imread masks   5.1s
2026-05-09 19:58:05  INFO        [Odam-CRE-Hifla-B    ]  load+combine   12.0s total
2026-05-09 19:59:55  INFO      fold=6 ep=95 loss=1.4244 dice=0.2573 inc=0.054 bone=0.497 molar=0.221 ep_s=62.5 val_s=122.5
2026-05-09 20:00:46  INFO      Fold 6 ep 96: loss=1.4088  epoch=50.6s  data_wait=5.5s  gpu=45.1s
2026-05-09 20:01:37  INFO      Fold 6 ep 97: loss=1.3836  epoch=50.6s  data_wait=4.9s  gpu=45.7s
2026-05-09 20:02:33  INFO      Fold 6 ep 98: loss=1.3886  epoch=56.7s  data_wait=4.6s  gpu=52.1s
2026-05-09 20:03:31  INFO      Fold 6 ep 99: loss=1.3884  epoch=57.5s  data_wait=5.5s  gpu=52.1s
2026-05-09 20:04:28  INFO      Fold 6 ep 100: loss=1.4299  epoch=57.2s  data_wait=5.1s  gpu=52.1s
2026-05-09 20:04:32  INFO        [Odam-CRE-Hifla-B    ]  imread image   3.4s  shape=(1455, 470, 802)  2194 MB
2026-05-09 20:04:39  INFO        [Odam-CRE-Hifla-B    ]  imread masks   5.0s
2026-05-09 20:04:40  INFO        [Odam-CRE-Hifla-B    ]  load+combine   11.9s total
2026-05-09 20:05:43  INFO      fold=6 ep=100 loss=1.4299 dice=0.2389 inc=0.185 bone=0.353 molar=0.179 ep_s=57.2 val_s=75.2
2026-05-09 20:06:46  INFO      Fold 6 ep 101: loss=1.5015  epoch=61.9s  data_wait=5.7s  gpu=56.2s
2026-05-09 20:07:49  INFO      Fold 6 ep 102: loss=1.5204  epoch=63.0s  data_wait=5.2s  gpu=57.8s
2026-05-09 20:08:47  INFO      Fold 6 ep 103: loss=1.4389  epoch=58.7s  data_wait=4.1s  gpu=54.6s
2026-05-09 20:09:47  INFO      Fold 6 ep 104: loss=1.4433  epoch=59.4s  data_wait=5.0s  gpu=54.4s
2026-05-09 20:10:48  INFO      Fold 6 ep 105: loss=1.4075  epoch=61.8s  data_wait=4.1s  gpu=57.7s
2026-05-09 20:10:52  INFO        [Odam-CRE-Hifla-B    ]  imread image   3.3s  shape=(1455, 470, 802)  2194 MB
2026-05-09 20:10:59  INFO        [Odam-CRE-Hifla-B    ]  imread masks   4.6s
2026-05-09 20:11:00  INFO        [Odam-CRE-Hifla-B    ]  load+combine   11.2s total
2026-05-09 20:12:50  INFO      fold=6 ep=105 loss=1.4075 dice=0.3921 inc=0.142 bone=0.748 molar=0.286 ep_s=61.8 val_s=121.9
2026-05-09 20:13:40  INFO      Fold 6 ep 106: loss=1.4117  epoch=49.6s  data_wait=4.3s  gpu=45.3s
2026-05-09 20:14:30  INFO      Fold 6 ep 107: loss=1.3979  epoch=49.8s  data_wait=4.1s  gpu=45.7s
2026-05-09 20:15:27  INFO      Fold 6 ep 108: loss=1.3953  epoch=57.0s  data_wait=4.8s  gpu=52.1s
2026-05-09 20:16:24  INFO      Fold 6 ep 109: loss=1.4347  epoch=57.5s  data_wait=5.4s  gpu=52.0s
2026-05-09 20:17:22  INFO      Fold 6 ep 110: loss=1.3543  epoch=57.7s  data_wait=5.4s  gpu=52.3s
2026-05-09 20:17:25  INFO        [Odam-CRE-Hifla-B    ]  imread image   3.4s  shape=(1455, 470, 802)  2194 MB
2026-05-09 20:17:33  INFO        [Odam-CRE-Hifla-B    ]  imread masks   4.9s
2026-05-09 20:17:34  INFO        [Odam-CRE-Hifla-B    ]  load+combine   11.8s total
2026-05-09 20:18:38  INFO      fold=6 ep=110 loss=1.3543 dice=0.4870 inc=0.307 bone=0.845 molar=0.308 ep_s=57.7 val_s=75.5
2026-05-09 20:19:39  INFO      Fold 6 ep 111: loss=1.3899  epoch=60.8s  data_wait=4.7s  gpu=56.2s
2026-05-09 20:20:42  INFO      Fold 6 ep 112: loss=1.3956  epoch=63.2s  data_wait=5.2s  gpu=58.0s
2026-05-09 20:21:41  INFO      Fold 6 ep 113: loss=1.3804  epoch=59.2s  data_wait=4.8s  gpu=54.5s
2026-05-09 20:22:39  INFO      Fold 6 ep 114: loss=1.3540  epoch=58.3s  data_wait=4.3s  gpu=54.0s
2026-05-09 20:23:42  INFO      Fold 6 ep 115: loss=1.3218  epoch=62.8s  data_wait=5.0s  gpu=57.8s
2026-05-09 20:23:46  INFO        [Odam-CRE-Hifla-B    ]  imread image   3.4s  shape=(1455, 470, 802)  2194 MB
2026-05-09 20:23:53  INFO        [Odam-CRE-Hifla-B    ]  imread masks   4.9s
2026-05-09 20:23:54  INFO        [Odam-CRE-Hifla-B    ]  load+combine   11.9s total
2026-05-09 20:25:45  INFO      fold=6 ep=115 loss=1.3218 dice=0.5299 inc=0.475 bone=0.802 molar=0.313 ep_s=62.8 val_s=122.5
2026-05-09 20:26:35  INFO      Fold 6 ep 116: loss=1.3485  epoch=50.4s  data_wait=5.2s  gpu=45.2s
2026-05-09 20:27:27  INFO      Fold 6 ep 117: loss=1.3598  epoch=51.2s  data_wait=5.4s  gpu=45.8s
2026-05-09 20:28:24  INFO      Fold 6 ep 118: loss=1.3224  epoch=57.0s  data_wait=4.9s  gpu=52.1s
2026-05-09 20:29:21  INFO      Fold 6 ep 119: loss=1.3628  epoch=57.0s  data_wait=5.0s  gpu=52.1s
2026-05-09 20:30:17  INFO      Fold 6 ep 120: loss=1.3563  epoch=56.5s  data_wait=4.3s  gpu=52.2s
2026-05-09 20:30:21  INFO        [Odam-CRE-Hifla-B    ]  imread image   3.3s  shape=(1455, 470, 802)  2194 MB
2026-05-09 20:30:28  INFO        [Odam-CRE-Hifla-B    ]  imread masks   4.9s
2026-05-09 20:30:29  INFO        [Odam-CRE-Hifla-B    ]  load+combine   11.8s total
2026-05-09 20:31:32  INFO      fold=6 ep=120 loss=1.3563 dice=0.5196 inc=0.351 bone=0.853 molar=0.355 ep_s=56.5 val_s=75.0
2026-05-09 20:32:34  INFO      Fold 6 ep 121: loss=1.3105  epoch=61.3s  data_wait=5.0s  gpu=56.3s
2026-05-09 20:33:37  INFO      Fold 6 ep 122: loss=1.3203  epoch=63.3s  data_wait=5.3s  gpu=58.0s
2026-05-09 20:34:36  INFO      Fold 6 ep 123: loss=1.3859  epoch=58.7s  data_wait=4.3s  gpu=54.4s
2026-05-09 20:35:35  INFO      Fold 6 ep 124: loss=1.3305  epoch=59.3s  data_wait=5.2s  gpu=54.1s
2026-05-09 20:36:38  INFO      Fold 6 ep 125: loss=1.3297  epoch=62.6s  data_wait=4.8s  gpu=57.8s
2026-05-09 20:36:41  INFO        [Odam-CRE-Hifla-B    ]  imread image   3.2s  shape=(1455, 470, 802)  2194 MB
2026-05-09 20:36:49  INFO        [Odam-CRE-Hifla-B    ]  imread masks   4.9s
2026-05-09 20:36:49  INFO        [Odam-CRE-Hifla-B    ]  load+combine   11.7s total
2026-05-09 20:38:40  INFO      fold=6 ep=125 loss=1.3297 dice=0.5020 inc=0.383 bone=0.816 molar=0.306 ep_s=62.6 val_s=122.2
2026-05-09 20:39:29  INFO      Fold 6 ep 126: loss=1.3406  epoch=49.4s  data_wait=4.2s  gpu=45.2s
2026-05-09 20:40:20  INFO      Fold 6 ep 127: loss=1.2793  epoch=50.3s  data_wait=4.4s  gpu=45.9s
2026-05-09 20:41:16  INFO      Fold 6 ep 128: loss=1.2865  epoch=56.4s  data_wait=4.6s  gpu=51.8s
2026-05-09 20:42:13  INFO      Fold 6 ep 129: loss=1.3049  epoch=57.1s  data_wait=5.0s  gpu=52.1s
2026-05-09 20:43:10  INFO      Fold 6 ep 130: loss=1.3107  epoch=56.9s  data_wait=5.0s  gpu=51.9s
2026-05-09 20:43:13  INFO        [Odam-CRE-Hifla-B    ]  imread image   3.1s  shape=(1455, 470, 802)  2194 MB
2026-05-09 20:43:21  INFO        [Odam-CRE-Hifla-B    ]  imread masks   5.0s
2026-05-09 20:43:22  INFO        [Odam-CRE-Hifla-B    ]  load+combine   11.6s total
2026-05-09 20:44:25  INFO      fold=6 ep=130 loss=1.3107 dice=0.5165 inc=0.339 bone=0.849 molar=0.361 ep_s=56.9 val_s=75.2
2026-05-09 20:45:26  INFO      Fold 6 ep 131: loss=1.2812  epoch=60.8s  data_wait=4.4s  gpu=56.5s
2026-05-09 20:46:28  INFO      Fold 6 ep 132: loss=1.3589  epoch=61.9s  data_wait=4.2s  gpu=57.6s
2026-05-09 20:47:27  INFO      Fold 6 ep 133: loss=1.3724  epoch=59.1s  data_wait=4.8s  gpu=54.3s
2026-05-09 20:48:27  INFO      Fold 6 ep 134: loss=1.3387  epoch=59.2s  data_wait=4.9s  gpu=54.3s
2026-05-09 20:49:29  INFO      Fold 6 ep 135: loss=1.3171  epoch=62.8s  data_wait=4.8s  gpu=58.0s
2026-05-09 20:49:33  INFO        [Odam-CRE-Hifla-B    ]  imread image   3.2s  shape=(1455, 470, 802)  2194 MB
2026-05-09 20:49:40  INFO        [Odam-CRE-Hifla-B    ]  imread masks   5.1s
2026-05-09 20:49:41  INFO        [Odam-CRE-Hifla-B    ]  load+combine   11.7s total
2026-05-09 20:51:32  INFO      fold=6 ep=135 loss=1.3171 dice=0.4942 inc=0.309 bone=0.854 molar=0.319 ep_s=62.8 val_s=122.3
2026-05-09 20:52:22  INFO      Fold 6 ep 136: loss=1.3333  epoch=50.4s  data_wait=5.1s  gpu=45.3s
2026-05-09 20:53:13  INFO      Fold 6 ep 137: loss=1.2869  epoch=50.8s  data_wait=4.9s  gpu=46.0s
2026-05-09 20:54:10  INFO      Fold 6 ep 138: loss=1.3063  epoch=56.9s  data_wait=4.8s  gpu=52.1s
2026-05-09 20:55:07  INFO      Fold 6 ep 139: loss=1.2876  epoch=57.0s  data_wait=4.7s  gpu=52.3s
2026-05-09 20:56:03  INFO      Fold 6 ep 140: loss=1.2749  epoch=56.2s  data_wait=4.1s  gpu=52.1s
2026-05-09 20:56:06  INFO        [Odam-CRE-Hifla-B    ]  imread image   3.2s  shape=(1455, 470, 802)  2194 MB
2026-05-09 20:56:14  INFO        [Odam-CRE-Hifla-B    ]  imread masks   5.2s
2026-05-09 20:56:15  INFO        [Odam-CRE-Hifla-B    ]  load+combine   11.9s total
2026-05-09 20:57:19  INFO      fold=6 ep=140 loss=1.2749 dice=0.6031 inc=0.556 bone=0.851 molar=0.402 ep_s=56.2 val_s=75.3
2026-05-09 20:58:19  INFO      Fold 6 ep 141: loss=1.2723  epoch=60.5s  data_wait=4.4s  gpu=56.2s
2026-05-09 20:59:22  INFO      Fold 6 ep 142: loss=1.2340  epoch=62.5s  data_wait=4.6s  gpu=57.9s
2026-05-09 21:00:21  INFO      Fold 6 ep 143: loss=1.2451  epoch=58.9s  data_wait=4.4s  gpu=54.5s
2026-05-09 21:01:20  INFO      Fold 6 ep 144: loss=1.1826  epoch=59.6s  data_wait=5.3s  gpu=54.3s
2026-05-09 21:02:22  INFO      Fold 6 ep 145: loss=1.2111  epoch=61.7s  data_wait=4.0s  gpu=57.7s
2026-05-09 21:02:25  INFO        [Odam-CRE-Hifla-B    ]  imread image   3.2s  shape=(1455, 470, 802)  2194 MB
2026-05-09 21:02:33  INFO        [Odam-CRE-Hifla-B    ]  imread masks   5.0s
2026-05-09 21:02:34  INFO        [Odam-CRE-Hifla-B    ]  load+combine   11.7s total
2026-05-09 21:04:24  INFO      fold=6 ep=145 loss=1.2111 dice=0.6605 inc=0.636 bone=0.882 molar=0.463 ep_s=61.7 val_s=121.7
2026-05-09 21:05:14  INFO      Fold 6 ep 146: loss=1.1684  epoch=49.7s  data_wait=4.5s  gpu=45.3s
2026-05-09 21:06:05  INFO      Fold 6 ep 147: loss=1.2642  epoch=50.8s  data_wait=5.1s  gpu=45.8s
2026-05-09 21:07:02  INFO      Fold 6 ep 148: loss=1.1888  epoch=57.1s  data_wait=4.8s  gpu=52.3s
2026-05-09 21:07:59  INFO      Fold 6 ep 149: loss=1.1876  epoch=56.9s  data_wait=4.7s  gpu=52.1s
2026-05-09 21:08:55  INFO      Fold 6 ep 150: loss=1.2288  epoch=56.4s  data_wait=4.3s  gpu=52.0s
2026-05-09 21:08:58  INFO        [Odam-CRE-Hifla-B    ]  imread image   3.1s  shape=(1455, 470, 802)  2194 MB
2026-05-09 21:09:06  INFO        [Odam-CRE-Hifla-B    ]  imread masks   5.1s
2026-05-09 21:09:07  INFO        [Odam-CRE-Hifla-B    ]  load+combine   11.7s total
2026-05-09 21:10:10  INFO      fold=6 ep=150 loss=1.2288 dice=0.5293 inc=0.432 bone=0.827 molar=0.330 ep_s=56.4 val_s=75.3
2026-05-09 21:11:11  INFO      Fold 6 ep 151: loss=1.1902  epoch=60.5s  data_wait=4.3s  gpu=56.2s
2026-05-09 21:12:14  INFO      Fold 6 ep 152: loss=1.1753  epoch=62.6s  data_wait=4.7s  gpu=57.9s
2026-05-09 21:13:13  INFO      Fold 6 ep 153: loss=1.2557  epoch=59.1s  data_wait=4.7s  gpu=54.4s
2026-05-09 21:14:12  INFO      Fold 6 ep 154: loss=1.2421  epoch=58.9s  data_wait=4.7s  gpu=54.3s
2026-05-09 21:15:15  INFO      Fold 6 ep 155: loss=1.2270  epoch=63.3s  data_wait=5.5s  gpu=57.8s
2026-05-09 21:15:18  INFO        [Odam-CRE-Hifla-B    ]  imread image   3.2s  shape=(1455, 470, 802)  2194 MB
2026-05-09 21:15:26  INFO        [Odam-CRE-Hifla-B    ]  imread masks   5.3s
2026-05-09 21:15:27  INFO        [Odam-CRE-Hifla-B    ]  load+combine   11.8s total
2026-05-09 21:17:17  INFO      fold=6 ep=155 loss=1.2270 dice=0.6387 inc=0.708 bone=0.857 molar=0.351 ep_s=63.3 val_s=122.3
2026-05-09 21:18:07  INFO      Fold 6 ep 156: loss=1.1837  epoch=49.9s  data_wait=4.6s  gpu=45.3s
2026-05-09 21:18:58  INFO      Fold 6 ep 157: loss=1.1698  epoch=50.8s  data_wait=5.2s  gpu=45.6s
2026-05-09 21:19:54  INFO      Fold 6 ep 158: loss=1.1952  epoch=56.2s  data_wait=4.3s  gpu=51.9s
2026-05-09 21:20:51  INFO      Fold 6 ep 159: loss=1.2282  epoch=57.1s  data_wait=5.2s  gpu=51.8s
2026-05-09 21:21:49  INFO      Fold 6 ep 160: loss=1.1937  epoch=57.2s  data_wait=5.1s  gpu=52.1s
2026-05-09 21:21:52  INFO        [Odam-CRE-Hifla-B    ]  imread image   3.2s  shape=(1455, 470, 802)  2194 MB
2026-05-09 21:22:00  INFO        [Odam-CRE-Hifla-B    ]  imread masks   5.1s
2026-05-09 21:22:00  INFO        [Odam-CRE-Hifla-B    ]  load+combine   11.8s total
2026-05-09 21:23:04  INFO      fold=6 ep=160 loss=1.1937 dice=0.5582 inc=0.569 bone=0.811 molar=0.294 ep_s=57.2 val_s=75.3
2026-05-09 21:24:05  INFO      Fold 6 ep 161: loss=1.2045  epoch=60.5s  data_wait=4.5s  gpu=56.0s
2026-05-09 21:25:07  INFO      Fold 6 ep 162: loss=1.1298  epoch=62.4s  data_wait=4.6s  gpu=57.8s
2026-05-09 21:26:05  INFO      Fold 6 ep 163: loss=1.1284  epoch=58.2s  data_wait=3.9s  gpu=54.4s
2026-05-09 21:27:04  INFO      Fold 6 ep 164: loss=1.1591  epoch=59.0s  data_wait=4.6s  gpu=54.4s
2026-05-09 21:28:07  INFO      Fold 6 ep 165: loss=1.1283  epoch=63.0s  data_wait=5.1s  gpu=57.9s
2026-05-09 21:28:10  INFO        [Odam-CRE-Hifla-B    ]  imread image   3.2s  shape=(1455, 470, 802)  2194 MB
2026-05-09 21:28:18  INFO        [Odam-CRE-Hifla-B    ]  imread masks   5.2s
2026-05-09 21:28:19  INFO        [Odam-CRE-Hifla-B    ]  load+combine   11.9s total
2026-05-09 21:30:10  INFO      fold=6 ep=165 loss=1.1283 dice=0.6583 inc=0.710 bone=0.840 molar=0.425 ep_s=63.0 val_s=122.4
2026-05-09 21:31:00  INFO      Fold 6 ep 166: loss=1.1350  epoch=49.8s  data_wait=4.9s  gpu=45.0s
2026-05-09 21:31:51  INFO      Fold 6 ep 167: loss=1.1227  epoch=51.0s  data_wait=5.4s  gpu=45.6s
2026-05-09 21:32:48  INFO      Fold 6 ep 168: loss=1.1394  epoch=56.9s  data_wait=5.0s  gpu=52.0s
2026-05-09 21:33:45  INFO      Fold 6 ep 169: loss=1.1187  epoch=57.0s  data_wait=5.0s  gpu=52.0s
2026-05-09 21:34:41  INFO      Fold 6 ep 170: loss=1.0669  epoch=56.5s  data_wait=4.4s  gpu=52.1s
2026-05-09 21:34:44  INFO        [Odam-CRE-Hifla-B    ]  imread image   3.2s  shape=(1455, 470, 802)  2194 MB
2026-05-09 21:34:52  INFO        [Odam-CRE-Hifla-B    ]  imread masks   5.0s
2026-05-09 21:34:53  INFO        [Odam-CRE-Hifla-B    ]  load+combine   11.6s total
2026-05-09 21:35:56  INFO      fold=6 ep=170 loss=1.0669 dice=0.7209 inc=0.814 bone=0.860 molar=0.489 ep_s=56.5 val_s=75.1
2026-05-09 21:36:57  INFO      Fold 6 ep 171: loss=1.1701  epoch=60.1s  data_wait=3.7s  gpu=56.4s
2026-05-09 21:37:59  INFO      Fold 6 ep 172: loss=1.1174  epoch=62.0s  data_wait=4.2s  gpu=57.8s
2026-05-09 21:38:57  INFO      Fold 6 ep 173: loss=1.0686  epoch=58.8s  data_wait=4.5s  gpu=54.3s
2026-05-09 21:39:56  INFO      Fold 6 ep 174: loss=1.0780  epoch=58.2s  data_wait=4.0s  gpu=54.3s
2026-05-09 21:40:58  INFO      Fold 6 ep 175: loss=1.2493  epoch=62.8s  data_wait=4.9s  gpu=57.9s
2026-05-09 21:41:01  INFO        [Odam-CRE-Hifla-B    ]  imread image   3.0s  shape=(1455, 470, 802)  2194 MB
2026-05-09 21:41:09  INFO        [Odam-CRE-Hifla-B    ]  imread masks   4.9s
2026-05-09 21:41:10  INFO        [Odam-CRE-Hifla-B    ]  load+combine   11.4s total
2026-05-09 21:43:00  INFO      fold=6 ep=175 loss=1.2493 dice=0.6876 inc=0.677 bone=0.883 molar=0.503 ep_s=62.8 val_s=122.0
2026-05-09 21:43:50  INFO      Fold 6 ep 176: loss=1.1809  epoch=49.6s  data_wait=4.4s  gpu=45.2s
2026-05-09 21:44:40  INFO      Fold 6 ep 177: loss=1.1158  epoch=50.1s  data_wait=4.4s  gpu=45.7s
2026-05-09 21:45:36  INFO      Fold 6 ep 178: loss=1.1538  epoch=56.0s  data_wait=4.3s  gpu=51.8s
2026-05-09 21:46:33  INFO      Fold 6 ep 179: loss=1.0534  epoch=56.8s  data_wait=4.8s  gpu=52.0s
2026-05-09 21:47:31  INFO      Fold 6 ep 180: loss=1.0972  epoch=57.4s  data_wait=5.4s  gpu=52.0s
2026-05-09 21:47:34  INFO        [Odam-CRE-Hifla-B    ]  imread image   3.2s  shape=(1455, 470, 802)  2194 MB
2026-05-09 21:47:42  INFO        [Odam-CRE-Hifla-B    ]  imread masks   5.1s
2026-05-09 21:47:42  INFO        [Odam-CRE-Hifla-B    ]  load+combine   11.8s total
2026-05-09 21:48:46  INFO      fold=6 ep=180 loss=1.0972 dice=0.7432 inc=0.803 bone=0.890 molar=0.537 ep_s=57.4 val_s=75.2
2026-05-09 21:49:47  INFO      Fold 6 ep 181: loss=1.0383  epoch=61.2s  data_wait=4.9s  gpu=56.3s
2026-05-09 21:50:51  INFO      Fold 6 ep 182: loss=1.0728  epoch=63.7s  data_wait=5.6s  gpu=58.1s
2026-05-09 21:51:50  INFO      Fold 6 ep 183: loss=1.0547  epoch=59.2s  data_wait=4.7s  gpu=54.5s
2026-05-09 21:52:50  INFO      Fold 6 ep 184: loss=1.0024  epoch=59.4s  data_wait=4.9s  gpu=54.5s
2026-05-09 21:53:52  INFO      Fold 6 ep 185: loss=1.0779  epoch=62.4s  data_wait=4.5s  gpu=57.9s
2026-05-09 21:53:55  INFO        [Odam-CRE-Hifla-B    ]  imread image   3.1s  shape=(1455, 470, 802)  2194 MB
2026-05-09 21:54:03  INFO        [Odam-CRE-Hifla-B    ]  imread masks   4.9s
2026-05-09 21:54:03  INFO        [Odam-CRE-Hifla-B    ]  load+combine   11.4s total
2026-05-09 21:55:54  INFO      fold=6 ep=185 loss=1.0779 dice=0.7313 inc=0.785 bone=0.896 molar=0.514 ep_s=62.4 val_s=122.1
2026-05-09 21:56:44  INFO      Fold 6 ep 186: loss=1.0325  epoch=50.0s  data_wait=4.5s  gpu=45.4s
2026-05-09 21:57:34  INFO      Fold 6 ep 187: loss=1.0262  epoch=50.1s  data_wait=4.5s  gpu=45.6s
2026-05-09 21:58:31  INFO      Fold 6 ep 188: loss=1.0241  epoch=56.7s  data_wait=4.6s  gpu=52.1s
2026-05-09 21:59:28  INFO      Fold 6 ep 189: loss=1.1423  epoch=56.6s  data_wait=4.7s  gpu=51.9s
2026-05-09 22:00:24  INFO      Fold 6 ep 190: loss=1.1086  epoch=56.3s  data_wait=4.2s  gpu=52.2s
2026-05-09 22:00:27  INFO        [Odam-CRE-Hifla-B    ]  imread image   3.2s  shape=(1455, 470, 802)  2194 MB
2026-05-09 22:00:35  INFO        [Odam-CRE-Hifla-B    ]  imread masks   5.2s
2026-05-09 22:00:36  INFO        [Odam-CRE-Hifla-B    ]  load+combine   11.9s total
2026-05-09 22:01:39  INFO      fold=6 ep=190 loss=1.1086 dice=0.5974 inc=0.494 bone=0.886 molar=0.412 ep_s=56.3 val_s=75.4
2026-05-09 22:02:41  INFO      Fold 6 ep 191: loss=1.1375  epoch=61.2s  data_wait=4.9s  gpu=56.4s
2026-05-09 22:03:44  INFO      Fold 6 ep 192: loss=1.0312  epoch=62.7s  data_wait=4.7s  gpu=57.9s
2026-05-09 22:04:44  INFO      Fold 6 ep 193: loss=1.0653  epoch=60.2s  data_wait=5.7s  gpu=54.5s
2026-05-09 22:05:43  INFO      Fold 6 ep 194: loss=1.0212  epoch=59.3s  data_wait=5.2s  gpu=54.2s
2026-05-09 22:06:46  INFO      Fold 6 ep 195: loss=1.0150  epoch=62.9s  data_wait=4.9s  gpu=58.0s
2026-05-09 22:06:49  INFO        [Odam-CRE-Hifla-B    ]  imread image   3.2s  shape=(1455, 470, 802)  2194 MB
2026-05-09 22:06:57  INFO        [Odam-CRE-Hifla-B    ]  imread masks   4.9s
2026-05-09 22:06:58  INFO        [Odam-CRE-Hifla-B    ]  load+combine   11.7s total
2026-05-09 22:08:48  INFO      fold=6 ep=195 loss=1.0150 dice=0.7157 inc=0.800 bone=0.842 molar=0.505 ep_s=62.9 val_s=122.2
2026-05-09 22:09:38  INFO      Fold 6 ep 196: loss=1.1086  epoch=49.5s  data_wait=4.3s  gpu=45.2s
2026-05-09 22:10:28  INFO      Fold 6 ep 197: loss=1.0218  epoch=50.4s  data_wait=4.8s  gpu=45.6s
2026-05-09 22:11:25  INFO      Fold 6 ep 198: loss=0.9847  epoch=57.0s  data_wait=4.8s  gpu=52.2s
2026-05-09 22:12:21  INFO      Fold 6 ep 199: loss=1.0163  epoch=56.0s  data_wait=3.8s  gpu=52.2s
2026-05-09 22:13:18  INFO      Fold 6 ep 200: loss=0.9971  epoch=56.8s  data_wait=4.6s  gpu=52.2s
2026-05-09 22:13:21  INFO        [Odam-CRE-Hifla-B    ]  imread image   3.2s  shape=(1455, 470, 802)  2194 MB
2026-05-09 22:13:29  INFO        [Odam-CRE-Hifla-B    ]  imread masks   5.1s
2026-05-09 22:13:30  INFO        [Odam-CRE-Hifla-B    ]  load+combine   11.9s total
2026-05-09 22:14:34  INFO      fold=6 ep=200 loss=0.9971 dice=0.7908 inc=0.856 bone=0.877 molar=0.639 ep_s=56.8 val_s=75.2
2026-05-09 22:15:34  INFO      Fold 6 ep 201: loss=0.9690  epoch=60.0s  data_wait=3.8s  gpu=56.1s
2026-05-09 22:16:37  INFO      Fold 6 ep 202: loss=1.0113  epoch=62.9s  data_wait=5.1s  gpu=57.8s
2026-05-09 22:17:35  INFO      Fold 6 ep 203: loss=1.0194  epoch=58.9s  data_wait=4.4s  gpu=54.5s
2026-05-09 22:18:35  INFO      Fold 6 ep 204: loss=1.0620  epoch=59.1s  data_wait=4.8s  gpu=54.3s
2026-05-09 22:19:37  INFO      Fold 6 ep 205: loss=1.0034  epoch=62.3s  data_wait=4.4s  gpu=57.9s
2026-05-09 22:19:40  INFO        [Odam-CRE-Hifla-B    ]  imread image   3.3s  shape=(1455, 470, 802)  2194 MB
2026-05-09 22:19:48  INFO        [Odam-CRE-Hifla-B    ]  imread masks   4.7s
2026-05-09 22:19:48  INFO        [Odam-CRE-Hifla-B    ]  load+combine   11.5s total
2026-05-09 22:21:39  INFO      fold=6 ep=205 loss=1.0034 dice=0.6843 inc=0.750 bone=0.805 molar=0.497 ep_s=62.3 val_s=122.2
2026-05-09 22:22:29  INFO      Fold 6 ep 206: loss=1.0425  epoch=50.0s  data_wait=4.7s  gpu=45.2s
2026-05-09 22:23:20  INFO      Fold 6 ep 207: loss=0.9727  epoch=51.0s  data_wait=5.4s  gpu=45.6s
2026-05-09 22:24:17  INFO      Fold 6 ep 208: loss=1.0266  epoch=57.1s  data_wait=5.1s  gpu=52.0s
2026-05-09 22:25:15  INFO      Fold 6 ep 209: loss=0.9335  epoch=57.1s  data_wait=5.1s  gpu=52.0s
2026-05-09 22:26:11  INFO      Fold 6 ep 210: loss=0.9699  epoch=56.0s  data_wait=4.1s  gpu=51.9s
2026-05-09 22:26:14  INFO        [Odam-CRE-Hifla-B    ]  imread image   3.4s  shape=(1455, 470, 802)  2194 MB
2026-05-09 22:26:21  INFO        [Odam-CRE-Hifla-B    ]  imread masks   4.8s
2026-05-09 22:26:22  INFO        [Odam-CRE-Hifla-B    ]  load+combine   11.6s total
2026-05-09 22:27:26  INFO      fold=6 ep=210 loss=0.9699 dice=0.7760 inc=0.833 bone=0.883 molar=0.612 ep_s=56.0 val_s=75.2
2026-05-09 22:28:27  INFO      Fold 6 ep 211: loss=0.9819  epoch=61.0s  data_wait=4.6s  gpu=56.3s
2026-05-09 22:29:31  INFO      Fold 6 ep 212: loss=0.9786  epoch=63.6s  data_wait=5.7s  gpu=57.9s
2026-05-09 22:30:30  INFO      Fold 6 ep 213: loss=1.0217  epoch=59.5s  data_wait=4.8s  gpu=54.6s
2026-05-09 22:31:28  INFO      Fold 6 ep 214: loss=0.9618  epoch=58.4s  data_wait=4.1s  gpu=54.3s
2026-05-09 22:32:31  INFO      Fold 6 ep 215: loss=0.9500  epoch=63.0s  data_wait=5.1s  gpu=57.9s
2026-05-09 22:32:35  INFO        [Odam-CRE-Hifla-B    ]  imread image   3.4s  shape=(1455, 470, 802)  2194 MB
2026-05-09 22:32:43  INFO        [Odam-CRE-Hifla-B    ]  imread masks   4.9s
2026-05-09 22:32:43  INFO        [Odam-CRE-Hifla-B    ]  load+combine   11.9s total
2026-05-09 22:34:34  INFO      fold=6 ep=215 loss=0.9500 dice=0.7941 inc=0.859 bone=0.875 molar=0.648 ep_s=63.0 val_s=122.2
2026-05-09 22:35:24  INFO      Fold 6 ep 216: loss=0.9151  epoch=50.4s  data_wait=5.5s  gpu=45.0s
2026-05-09 22:36:16  INFO      Fold 6 ep 217: loss=0.9896  epoch=51.2s  data_wait=5.4s  gpu=45.8s
2026-05-09 22:37:13  INFO      Fold 6 ep 218: loss=0.9293  epoch=57.0s  data_wait=5.1s  gpu=51.9s
2026-05-09 22:38:09  INFO      Fold 6 ep 219: loss=0.9631  epoch=56.4s  data_wait=4.4s  gpu=52.0s
2026-05-09 22:39:05  INFO      Fold 6 ep 220: loss=0.9420  epoch=56.1s  data_wait=4.1s  gpu=52.0s
2026-05-09 22:39:09  INFO        [Odam-CRE-Hifla-B    ]  imread image   3.4s  shape=(1455, 470, 802)  2194 MB
2026-05-09 22:39:16  INFO        [Odam-CRE-Hifla-B    ]  imread masks   4.9s
2026-05-09 22:39:17  INFO        [Odam-CRE-Hifla-B    ]  load+combine   11.8s total
2026-05-09 22:40:21  INFO      fold=6 ep=220 loss=0.9420 dice=0.8045 inc=0.863 bone=0.877 molar=0.674 ep_s=56.1 val_s=75.3
2026-05-09 22:41:21  INFO      Fold 6 ep 221: loss=0.9034  epoch=60.4s  data_wait=4.2s  gpu=56.3s
2026-05-09 22:42:25  INFO      Fold 6 ep 222: loss=0.9578  epoch=63.4s  data_wait=5.6s  gpu=57.9s
2026-05-09 22:43:24  INFO      Fold 6 ep 223: loss=0.9562  epoch=59.0s  data_wait=4.5s  gpu=54.4s
2026-05-09 22:44:23  INFO      Fold 6 ep 224: loss=0.9483  epoch=59.0s  data_wait=4.7s  gpu=54.3s
2026-05-09 22:45:25  INFO      Fold 6 ep 225: loss=0.8981  epoch=62.0s  data_wait=4.2s  gpu=57.8s
2026-05-09 22:45:28  INFO        [Odam-CRE-Hifla-B    ]  imread image   3.4s  shape=(1455, 470, 802)  2194 MB
2026-05-09 22:45:36  INFO        [Odam-CRE-Hifla-B    ]  imread masks   4.9s
2026-05-09 22:45:37  INFO        [Odam-CRE-Hifla-B    ]  load+combine   11.9s total
2026-05-09 22:47:27  INFO      fold=6 ep=225 loss=0.8981 dice=0.7712 inc=0.846 bone=0.872 molar=0.596 ep_s=62.0 val_s=122.4
2026-05-09 22:48:18  INFO      Fold 6 ep 226: loss=0.9138  epoch=50.1s  data_wait=5.0s  gpu=45.2s
2026-05-09 22:49:08  INFO      Fold 6 ep 227: loss=0.9267  epoch=50.5s  data_wait=4.5s  gpu=45.9s
2026-05-09 22:50:05  INFO      Fold 6 ep 228: loss=0.9152  epoch=57.0s  data_wait=5.0s  gpu=52.0s
2026-05-09 22:51:02  INFO      Fold 6 ep 229: loss=0.9116  epoch=57.2s  data_wait=5.1s  gpu=52.0s
2026-05-09 22:51:59  INFO      Fold 6 ep 230: loss=0.9507  epoch=56.8s  data_wait=4.7s  gpu=52.0s
2026-05-09 22:52:02  INFO        [Odam-CRE-Hifla-B    ]  imread image   3.2s  shape=(1455, 470, 802)  2194 MB
2026-05-09 22:52:10  INFO        [Odam-CRE-Hifla-B    ]  imread masks   4.8s
2026-05-09 22:52:11  INFO        [Odam-CRE-Hifla-B    ]  load+combine   12.0s total
2026-05-09 22:53:15  INFO      fold=6 ep=230 loss=0.9507 dice=0.7572 inc=0.847 bone=0.859 molar=0.565 ep_s=56.8 val_s=75.8
2026-05-09 22:54:17  INFO      Fold 6 ep 231: loss=0.9176  epoch=61.9s  data_wait=5.6s  gpu=56.2s
2026-05-09 22:55:20  INFO      Fold 6 ep 232: loss=0.9144  epoch=62.7s  data_wait=4.9s  gpu=57.9s
2026-05-09 22:56:18  INFO      Fold 6 ep 233: loss=0.8986  epoch=58.3s  data_wait=3.8s  gpu=54.4s
2026-05-09 22:57:17  INFO      Fold 6 ep 234: loss=0.9085  epoch=58.8s  data_wait=4.5s  gpu=54.3s
2026-05-09 22:58:19  INFO      Fold 6 ep 235: loss=0.8779  epoch=62.7s  data_wait=4.7s  gpu=58.0s
2026-05-09 22:58:23  INFO        [Odam-CRE-Hifla-B    ]  imread image   3.1s  shape=(1455, 470, 802)  2194 MB
2026-05-09 22:58:30  INFO        [Odam-CRE-Hifla-B    ]  imread masks   5.0s
2026-05-09 22:58:31  INFO        [Odam-CRE-Hifla-B    ]  load+combine   11.7s total
2026-05-09 23:00:22  INFO      fold=6 ep=235 loss=0.8779 dice=0.8193 inc=0.853 bone=0.895 molar=0.710 ep_s=62.7 val_s=122.1
2026-05-09 23:01:12  INFO      Fold 6 ep 236: loss=0.9127  epoch=49.8s  data_wait=4.5s  gpu=45.2s
2026-05-09 23:02:02  INFO      Fold 6 ep 237: loss=0.9046  epoch=50.9s  data_wait=5.1s  gpu=45.7s
2026-05-09 23:02:58  INFO      Fold 6 ep 238: loss=0.8747  epoch=55.9s  data_wait=3.9s  gpu=52.0s
2026-05-09 23:03:54  INFO      Fold 6 ep 239: loss=0.8989  epoch=56.2s  data_wait=4.3s  gpu=51.9s
2026-05-09 23:04:51  INFO      Fold 6 ep 240: loss=0.8908  epoch=56.9s  data_wait=4.9s  gpu=52.0s
2026-05-09 23:04:54  INFO        [Odam-CRE-Hifla-B    ]  imread image   2.7s  shape=(1455, 470, 802)  2194 MB
2026-05-09 23:05:01  INFO        [Odam-CRE-Hifla-B    ]  imread masks   4.8s
2026-05-09 23:05:02  INFO        [Odam-CRE-Hifla-B    ]  load+combine   10.7s total
2026-05-09 23:06:06  INFO      fold=6 ep=240 loss=0.8908 dice=0.8197 inc=0.860 bone=0.881 molar=0.718 ep_s=56.9 val_s=74.2
2026-05-09 23:07:07  INFO      Fold 6 ep 241: loss=0.9102  epoch=60.9s  data_wait=4.8s  gpu=56.1s
2026-05-09 23:08:10  INFO      Fold 6 ep 242: loss=0.8994  epoch=62.7s  data_wait=4.9s  gpu=57.8s
2026-05-09 23:09:08  INFO      Fold 6 ep 243: loss=0.8693  epoch=58.2s  data_wait=4.1s  gpu=54.2s
2026-05-09 23:10:07  INFO      Fold 6 ep 244: loss=0.8670  epoch=59.0s  data_wait=4.8s  gpu=54.2s
2026-05-09 23:11:10  INFO      Fold 6 ep 245: loss=0.8593  epoch=63.3s  data_wait=5.5s  gpu=57.7s
2026-05-09 23:11:13  INFO        [Odam-CRE-Hifla-B    ]  imread image   3.2s  shape=(1455, 470, 802)  2194 MB
2026-05-09 23:11:21  INFO        [Odam-CRE-Hifla-B    ]  imread masks   4.9s
2026-05-09 23:11:22  INFO        [Odam-CRE-Hifla-B    ]  load+combine   11.7s total
2026-05-09 23:13:13  INFO      fold=6 ep=245 loss=0.8593 dice=0.8372 inc=0.898 bone=0.895 molar=0.719 ep_s=63.3 val_s=122.3
2026-05-09 23:14:03  INFO      Fold 6 ep 246: loss=0.8954  epoch=50.1s  data_wait=4.9s  gpu=45.2s
2026-05-09 23:14:53  INFO      Fold 6 ep 247: loss=0.8845  epoch=50.5s  data_wait=4.8s  gpu=45.7s
2026-05-09 23:15:50  INFO      Fold 6 ep 248: loss=0.8713  epoch=57.0s  data_wait=4.9s  gpu=52.2s
2026-05-09 23:16:47  INFO      Fold 6 ep 249: loss=0.9278  epoch=57.0s  data_wait=5.0s  gpu=52.0s
2026-05-09 23:17:43  INFO      Fold 6 ep 250: loss=0.8812  epoch=56.1s  data_wait=3.8s  gpu=52.2s
2026-05-09 23:17:47  INFO        [Odam-CRE-Hifla-B    ]  imread image   3.2s  shape=(1455, 470, 802)  2194 MB
2026-05-09 23:17:55  INFO        [Odam-CRE-Hifla-B    ]  imread masks   5.0s
2026-05-09 23:17:55  INFO        [Odam-CRE-Hifla-B    ]  load+combine   11.8s total
2026-05-09 23:18:59  INFO      fold=6 ep=250 loss=0.8812 dice=0.7872 inc=0.850 bone=0.861 molar=0.650 ep_s=56.1 val_s=75.2
2026-05-09 23:20:00  INFO      Fold 6 ep 251: loss=0.8806  epoch=61.1s  data_wait=4.9s  gpu=56.3s
2026-05-09 23:21:02  INFO      Fold 6 ep 252: loss=0.8603  epoch=62.0s  data_wait=4.3s  gpu=57.7s
2026-05-09 23:22:02  INFO      Fold 6 ep 253: loss=0.8609  epoch=59.7s  data_wait=5.5s  gpu=54.2s
2026-05-09 23:23:01  INFO      Fold 6 ep 254: loss=0.8675  epoch=59.5s  data_wait=5.3s  gpu=54.1s
2026-05-09 23:24:03  INFO      Fold 6 ep 255: loss=0.8289  epoch=62.0s  data_wait=4.5s  gpu=57.5s
2026-05-09 23:24:06  INFO        [Odam-CRE-Hifla-B    ]  imread image   3.2s  shape=(1455, 470, 802)  2194 MB
2026-05-09 23:24:14  INFO        [Odam-CRE-Hifla-B    ]  imread masks   4.9s
2026-05-09 23:24:15  INFO        [Odam-CRE-Hifla-B    ]  load+combine   11.7s total
2026-05-09 23:26:06  INFO      fold=6 ep=255 loss=0.8289 dice=0.8267 inc=0.891 bone=0.894 molar=0.695 ep_s=62.0 val_s=122.3
2026-05-09 23:26:55  INFO      Fold 6 ep 256: loss=0.8303  epoch=49.4s  data_wait=4.2s  gpu=45.2s
2026-05-09 23:27:46  INFO      Fold 6 ep 257: loss=0.8490  epoch=50.5s  data_wait=4.9s  gpu=45.7s
2026-05-09 23:28:43  INFO      Fold 6 ep 258: loss=0.8983  epoch=57.1s  data_wait=5.1s  gpu=52.0s
2026-05-09 23:29:39  INFO      Fold 6 ep 259: loss=0.8288  epoch=56.3s  data_wait=4.3s  gpu=51.9s
2026-05-09 23:30:36  INFO      Fold 6 ep 260: loss=0.8752  epoch=56.9s  data_wait=4.7s  gpu=52.1s
2026-05-09 23:30:39  INFO        [Odam-CRE-Hifla-B    ]  imread image   3.1s  shape=(1455, 470, 802)  2194 MB
2026-05-09 23:30:47  INFO        [Odam-CRE-Hifla-B    ]  imread masks   4.9s
2026-05-09 23:30:47  INFO        [Odam-CRE-Hifla-B    ]  load+combine   11.5s total
2026-05-09 23:31:51  INFO      fold=6 ep=260 loss=0.8752 dice=0.8383 inc=0.880 bone=0.904 molar=0.731 ep_s=56.9 val_s=75.2
2026-05-09 23:32:52  INFO      Fold 6 ep 261: loss=0.8980  epoch=60.8s  data_wait=4.6s  gpu=56.2s
2026-05-09 23:33:55  INFO      Fold 6 ep 262: loss=0.8363  epoch=62.9s  data_wait=5.2s  gpu=57.7s
2026-05-09 23:34:54  INFO      Fold 6 ep 263: loss=0.8612  epoch=59.2s  data_wait=4.7s  gpu=54.5s
2026-05-09 23:35:53  INFO      Fold 6 ep 264: loss=0.8669  epoch=58.7s  data_wait=4.4s  gpu=54.3s
2026-05-09 23:36:55  INFO      Fold 6 ep 265: loss=0.8867  epoch=62.3s  data_wait=4.7s  gpu=57.6s
2026-05-09 23:36:58  INFO        [Odam-CRE-Hifla-B    ]  imread image   3.0s  shape=(1455, 470, 802)  2194 MB
2026-05-09 23:37:07  INFO        [Odam-CRE-Hifla-B    ]  imread masks   5.2s
2026-05-09 23:37:07  INFO        [Odam-CRE-Hifla-B    ]  load+combine   11.8s total
2026-05-09 23:38:58  INFO      fold=6 ep=265 loss=0.8867 dice=0.8286 inc=0.878 bone=0.896 molar=0.711 ep_s=62.3 val_s=122.6
2026-05-09 23:39:48  INFO      Fold 6 ep 266: loss=0.8554  epoch=49.8s  data_wait=4.6s  gpu=45.2s
2026-05-09 23:40:39  INFO      Fold 6 ep 267: loss=0.8822  epoch=50.7s  data_wait=4.7s  gpu=45.9s
2026-05-09 23:41:36  INFO      Fold 6 ep 268: loss=0.8726  epoch=56.7s  data_wait=4.8s  gpu=51.9s
2026-05-09 23:42:32  INFO      Fold 6 ep 269: loss=0.8613  epoch=56.4s  data_wait=4.4s  gpu=52.0s
2026-05-09 23:43:29  INFO      Fold 6 ep 270: loss=0.8903  epoch=56.8s  data_wait=4.7s  gpu=52.1s
2026-05-09 23:43:32  INFO        [Odam-CRE-Hifla-B    ]  imread image   3.2s  shape=(1455, 470, 802)  2194 MB
2026-05-09 23:43:40  INFO        [Odam-CRE-Hifla-B    ]  imread masks   5.1s
2026-05-09 23:43:41  INFO        [Odam-CRE-Hifla-B    ]  load+combine   11.8s total
2026-05-09 23:44:44  INFO      fold=6 ep=270 loss=0.8903 dice=0.8374 inc=0.894 bone=0.895 molar=0.723 ep_s=56.8 val_s=75.6
2026-05-09 23:45:44  INFO      Fold 6 ep 271: loss=0.8607  epoch=59.8s  data_wait=3.9s  gpu=55.9s
2026-05-09 23:46:48  INFO      Fold 6 ep 272: loss=0.8350  epoch=63.2s  data_wait=5.7s  gpu=57.5s
2026-05-09 23:47:46  INFO      Fold 6 ep 273: loss=0.8724  epoch=58.8s  data_wait=4.5s  gpu=54.3s
2026-05-09 23:48:45  INFO      Fold 6 ep 274: loss=0.8371  epoch=59.2s  data_wait=4.9s  gpu=54.2s
2026-05-09 23:49:48  INFO      Fold 6 ep 275: loss=0.8566  epoch=62.9s  data_wait=5.1s  gpu=57.8s
2026-05-09 23:49:52  INFO        [Odam-CRE-Hifla-B    ]  imread image   3.2s  shape=(1455, 470, 802)  2194 MB
2026-05-09 23:50:00  INFO        [Odam-CRE-Hifla-B    ]  imread masks   5.2s
2026-05-09 23:50:00  INFO        [Odam-CRE-Hifla-B    ]  load+combine   11.9s total
2026-05-09 23:51:51  INFO      fold=6 ep=275 loss=0.8566 dice=0.8404 inc=0.892 bone=0.902 molar=0.728 ep_s=62.9 val_s=122.6
2026-05-09 23:52:41  INFO      Fold 6 ep 276: loss=0.9024  epoch=49.7s  data_wait=4.3s  gpu=45.4s
2026-05-09 23:53:31  INFO      Fold 6 ep 277: loss=0.8380  epoch=50.3s  data_wait=4.8s  gpu=45.5s
2026-05-09 23:54:29  INFO      Fold 6 ep 278: loss=0.8593  epoch=57.5s  data_wait=5.6s  gpu=51.9s
2026-05-09 23:55:26  INFO      Fold 6 ep 279: loss=0.8460  epoch=56.9s  data_wait=4.8s  gpu=52.1s
2026-05-09 23:56:22  INFO      Fold 6 ep 280: loss=0.8032  epoch=56.4s  data_wait=4.5s  gpu=51.9s
2026-05-09 23:56:25  INFO        [Odam-CRE-Hifla-B    ]  imread image   3.2s  shape=(1455, 470, 802)  2194 MB
2026-05-09 23:56:34  INFO        [Odam-CRE-Hifla-B    ]  imread masks   5.2s
2026-05-09 23:56:34  INFO        [Odam-CRE-Hifla-B    ]  load+combine   12.0s total
2026-05-09 23:57:38  INFO      fold=6 ep=280 loss=0.8032 dice=0.8272 inc=0.886 bone=0.895 molar=0.700 ep_s=56.4 val_s=75.6
2026-05-09 23:58:39  INFO      Fold 6 ep 281: loss=0.8381  epoch=61.2s  data_wait=5.0s  gpu=56.2s
2026-05-09 23:59:42  INFO      Fold 6 ep 282: loss=0.8276  epoch=62.4s  data_wait=4.8s  gpu=57.6s
2026-05-10 00:00:41  INFO      Fold 6 ep 283: loss=0.8360  epoch=59.1s  data_wait=4.4s  gpu=54.7s
2026-05-10 00:01:39  INFO      Fold 6 ep 284: loss=0.8344  epoch=58.5s  data_wait=4.1s  gpu=54.3s
2026-05-10 00:02:41  INFO      Fold 6 ep 285: loss=0.8759  epoch=62.0s  data_wait=4.1s  gpu=57.9s
2026-05-10 00:02:44  INFO        [Odam-CRE-Hifla-B    ]  imread image   3.2s  shape=(1455, 470, 802)  2194 MB
2026-05-10 00:02:52  INFO        [Odam-CRE-Hifla-B    ]  imread masks   5.3s
2026-05-10 00:02:53  INFO        [Odam-CRE-Hifla-B    ]  load+combine   11.9s total
2026-05-10 00:04:44  INFO      fold=6 ep=285 loss=0.8759 dice=0.8312 inc=0.887 bone=0.898 molar=0.708 ep_s=62.0 val_s=122.4
2026-05-10 00:05:34  INFO      Fold 6 ep 286: loss=0.8597  epoch=50.3s  data_wait=5.3s  gpu=45.0s
2026-05-10 00:06:25  INFO      Fold 6 ep 287: loss=0.8445  epoch=50.6s  data_wait=5.0s  gpu=45.6s
2026-05-10 00:07:22  INFO      Fold 6 ep 288: loss=0.8505  epoch=56.9s  data_wait=4.6s  gpu=52.3s
2026-05-10 00:08:18  INFO      Fold 6 ep 289: loss=0.8761  epoch=56.8s  data_wait=4.7s  gpu=52.1s
2026-05-10 00:09:15  INFO      Fold 6 ep 290: loss=0.8520  epoch=56.8s  data_wait=4.9s  gpu=51.8s
2026-05-10 00:09:19  INFO        [Odam-CRE-Hifla-B    ]  imread image   3.2s  shape=(1455, 470, 802)  2194 MB
2026-05-10 00:09:27  INFO        [Odam-CRE-Hifla-B    ]  imread masks   5.1s
2026-05-10 00:09:27  INFO        [Odam-CRE-Hifla-B    ]  load+combine   11.9s total
2026-05-10 00:10:31  INFO      fold=6 ep=290 loss=0.8520 dice=0.8314 inc=0.889 bone=0.898 molar=0.707 ep_s=56.8 val_s=75.4
2026-05-10 00:11:33  INFO      Fold 6 ep 291: loss=0.8228  epoch=61.7s  data_wait=5.2s  gpu=56.5s
2026-05-10 00:12:35  INFO      Fold 6 ep 292: loss=0.8297  epoch=62.3s  data_wait=4.6s  gpu=57.7s
2026-05-10 00:13:34  INFO      Fold 6 ep 293: loss=0.8174  epoch=58.8s  data_wait=4.1s  gpu=54.7s
2026-05-10 00:14:33  INFO      Fold 6 ep 294: loss=0.8458  epoch=59.2s  data_wait=4.8s  gpu=54.4s
2026-05-10 00:15:36  INFO      Fold 6 ep 295: loss=0.8723  epoch=62.6s  data_wait=4.7s  gpu=57.8s
2026-05-10 00:15:39  INFO        [Odam-CRE-Hifla-B    ]  imread image   3.2s  shape=(1455, 470, 802)  2194 MB
2026-05-10 00:15:47  INFO        [Odam-CRE-Hifla-B    ]  imread masks   5.1s
2026-05-10 00:15:47  INFO        [Odam-CRE-Hifla-B    ]  load+combine   11.9s total
2026-05-10 00:17:38  INFO      fold=6 ep=295 loss=0.8723 dice=0.8328 inc=0.889 bone=0.900 molar=0.710 ep_s=62.6 val_s=122.5
2026-05-10 00:18:27  INFO      Fold 6 ep 296: loss=0.8464  epoch=49.1s  data_wait=3.9s  gpu=45.3s
2026-05-10 00:19:18  INFO      Fold 6 ep 297: loss=0.8620  epoch=50.9s  data_wait=5.1s  gpu=45.8s
2026-05-10 00:20:14  INFO      Fold 6 ep 298: loss=0.8467  epoch=56.0s  data_wait=4.1s  gpu=52.0s
2026-05-10 00:21:11  INFO      Fold 6 ep 299: loss=0.8195  epoch=56.4s  data_wait=4.4s  gpu=52.0s
2026-05-10 00:22:08  INFO      Fold 6 ep 300: loss=0.8848  epoch=57.0s  data_wait=4.9s  gpu=52.0s
2026-05-10 00:22:11  INFO        [Odam-CRE-Hifla-B    ]  imread image   3.2s  shape=(1455, 470, 802)  2194 MB
2026-05-10 00:22:19  INFO        [Odam-CRE-Hifla-B    ]  imread masks   5.1s
2026-05-10 00:22:19  INFO        [Odam-CRE-Hifla-B    ]  load+combine   11.8s total
2026-05-10 00:23:23  INFO      fold=6 ep=300 loss=0.8848 dice=0.8330 inc=0.889 bone=0.900 molar=0.710 ep_s=57.0 val_s=75.4
2026-05-10 00:23:32  INFO      Fold 7: loading 8 training samples into RAM...
2026-05-10 00:23:34  INFO        Loaded Cont1_5               shape=(1, 1444, 343, 530)  1313 MB  1.3s
2026-05-10 00:23:35  INFO        Loaded Frag_4                shape=(1, 1484, 441, 490)  1603 MB  1.5s
2026-05-10 00:23:38  INFO        Loaded Odam-CRE-A            shape=(1, 1421, 495, 855)  3007 MB  2.8s
2026-05-10 00:23:41  INFO        Loaded Odam-CRE-B            shape=(1, 1571, 464, 821)  2992 MB  2.8s
2026-05-10 00:23:43  INFO        Loaded Odam-CRE-C            shape=(1, 1353, 406, 820)  2252 MB  2.1s
2026-05-10 00:23:46  INFO        Loaded Odam-CRE-Hifla-A      shape=(1, 1469, 472, 846)  2933 MB  2.9s
2026-05-10 00:23:49  INFO        Loaded Odam-CRE-Hifla-B      shape=(1, 1471, 486, 818)  2924 MB  3.1s
2026-05-10 00:23:50  INFO        Loaded P27RKO_8um_2K__reoriented  shape=(1, 1550, 245, 672)  1276 MB  1.3s
2026-05-10 00:23:50  INFO      All 8 samples in RAM  total=18300 MB  17.7s
2026-05-10 00:23:50  INFO      Fold 7: dataset ready  items=8  load=17.7s
2026-05-10 00:23:50  INFO      Fold 7: starting fresh | val=Odam-CRE-Hifla-C | params=4,743,653
2026-05-10 00:23:50  INFO      Fold 7: entering training loop  start_epoch=0
2026-05-10 00:23:55  INFO      Fold 7 ep 1: first batch  wait=4.4s  shape=[48, 1, 96, 96, 96]
2026-05-10 00:24:09  INFO      Fold 7 ep 1: loss=2.2935  epoch=18.8s  data_wait=11.6s  gpu=7.2s
2026-05-10 00:24:30  INFO      Fold 7 ep 2: loss=2.0827  epoch=20.6s  data_wait=18.4s  gpu=2.2s
2026-05-10 00:24:49  INFO      Fold 7 ep 3: loss=1.9742  epoch=19.2s  data_wait=17.0s  gpu=2.2s
2026-05-10 00:25:10  INFO      Fold 7 ep 4: loss=1.9119  epoch=21.0s  data_wait=18.8s  gpu=2.2s
2026-05-10 00:25:29  INFO      Fold 7 ep 5: loss=1.8986  epoch=19.2s  data_wait=17.0s  gpu=2.2s
2026-05-10 00:25:33  INFO        [Odam-CRE-Hifla-C    ]  imread image   4.2s  shape=(1614, 418, 736)  1986 MB
2026-05-10 00:25:40  INFO        [Odam-CRE-Hifla-C    ]  imread masks   4.5s
2026-05-10 00:25:41  INFO        [Odam-CRE-Hifla-C    ]  load+combine   11.9s total
2026-05-10 00:25:51  INFO      fold=7 ep=5 loss=1.8986 dice=0.0119 inc=0.006 bone=0.003 molar=0.027 ep_s=19.2 val_s=22.2
2026-05-10 00:26:14  INFO      Fold 7 ep 6: loss=1.8617  epoch=22.1s  data_wait=15.0s  gpu=7.0s
2026-05-10 00:26:34  INFO      Fold 7 ep 7: loss=1.8278  epoch=20.8s  data_wait=13.0s  gpu=7.8s
2026-05-10 00:26:56  INFO      Fold 7 ep 8: loss=1.8484  epoch=21.4s  data_wait=13.4s  gpu=7.9s
2026-05-10 00:27:15  INFO      Fold 7 ep 9: loss=1.8216  epoch=19.6s  data_wait=11.9s  gpu=7.7s
2026-05-10 00:27:35  INFO      Fold 7 ep 10: loss=1.8043  epoch=19.1s  data_wait=11.5s  gpu=7.6s
2026-05-10 00:27:40  INFO        [Odam-CRE-Hifla-C    ]  imread image   4.9s  shape=(1614, 418, 736)  1986 MB
2026-05-10 00:27:49  INFO        [Odam-CRE-Hifla-C    ]  imread masks   5.4s
2026-05-10 00:27:50  INFO        [Odam-CRE-Hifla-C    ]  load+combine   15.0s total
2026-05-10 00:28:30  INFO      fold=7 ep=10 loss=1.8043 dice=0.0099 inc=0.001 bone=0.000 molar=0.029 ep_s=19.1 val_s=55.9
2026-05-10 00:29:04  INFO      Fold 7 ep 11: loss=1.7875  epoch=33.5s  data_wait=5.0s  gpu=28.5s
2026-05-10 00:29:40  INFO      Fold 7 ep 12: loss=1.7845  epoch=36.0s  data_wait=4.5s  gpu=31.5s
2026-05-10 00:30:15  INFO      Fold 7 ep 13: loss=1.7620  epoch=34.6s  data_wait=5.0s  gpu=29.6s
2026-05-10 00:30:48  INFO      Fold 7 ep 14: loss=1.7994  epoch=32.8s  data_wait=4.0s  gpu=28.8s
2026-05-10 00:31:23  INFO      Fold 7 ep 15: loss=1.7723  epoch=35.4s  data_wait=4.0s  gpu=31.4s
2026-05-10 00:31:27  INFO        [Odam-CRE-Hifla-C    ]  imread image   3.7s  shape=(1614, 418, 736)  1986 MB
2026-05-10 00:31:35  INFO        [Odam-CRE-Hifla-C    ]  imread masks   5.4s
2026-05-10 00:31:36  INFO        [Odam-CRE-Hifla-C    ]  load+combine   12.8s total
2026-05-10 00:33:45  INFO      fold=7 ep=15 loss=1.7723 dice=0.0131 inc=0.008 bone=0.001 molar=0.030 ep_s=35.4 val_s=141.7
2026-05-10 00:34:13  INFO      Fold 7 ep 16: loss=1.7601  epoch=27.6s  data_wait=4.8s  gpu=22.8s
2026-05-10 00:34:40  INFO      Fold 7 ep 17: loss=1.7523  epoch=27.8s  data_wait=3.5s  gpu=24.3s
2026-05-10 00:35:08  INFO      Fold 7 ep 18: loss=1.7551  epoch=27.8s  data_wait=3.5s  gpu=24.2s
2026-05-10 00:35:37  INFO      Fold 7 ep 19: loss=1.7326  epoch=29.0s  data_wait=4.7s  gpu=24.3s
2026-05-10 00:36:06  INFO      Fold 7 ep 20: loss=1.7305  epoch=29.1s  data_wait=4.8s  gpu=24.4s
2026-05-10 00:36:10  INFO        [Odam-CRE-Hifla-C    ]  imread image   3.2s  shape=(1614, 418, 736)  1986 MB
2026-05-10 00:36:17  INFO        [Odam-CRE-Hifla-C    ]  imread masks   5.4s
2026-05-10 00:36:18  INFO        [Odam-CRE-Hifla-C    ]  load+combine   11.7s total
2026-05-10 00:37:55  INFO      fold=7 ep=20 loss=1.7305 dice=0.0365 inc=0.008 bone=0.055 molar=0.047 ep_s=29.1 val_s=108.6
2026-05-10 00:38:44  INFO      Fold 7 ep 21: loss=1.6991  epoch=48.8s  data_wait=4.4s  gpu=44.4s
2026-05-10 00:39:38  INFO      Fold 7 ep 22: loss=1.7317  epoch=53.6s  data_wait=5.3s  gpu=48.4s
2026-05-10 00:40:31  INFO      Fold 7 ep 23: loss=1.7141  epoch=53.5s  data_wait=5.0s  gpu=48.6s
2026-05-10 00:41:24  INFO      Fold 7 ep 24: loss=1.7196  epoch=52.9s  data_wait=4.4s  gpu=48.6s
2026-05-10 00:42:17  INFO      Fold 7 ep 25: loss=1.6760  epoch=53.1s  data_wait=4.7s  gpu=48.4s
2026-05-10 00:42:21  INFO        [Odam-CRE-Hifla-C    ]  imread image   3.3s  shape=(1614, 418, 736)  1986 MB
2026-05-10 00:42:28  INFO        [Odam-CRE-Hifla-C    ]  imread masks   5.3s
2026-05-10 00:42:29  INFO        [Odam-CRE-Hifla-C    ]  load+combine   11.6s total
2026-05-10 00:45:39  INFO      fold=7 ep=25 loss=1.6760 dice=0.0807 inc=0.016 bone=0.133 molar=0.093 ep_s=53.1 val_s=201.7
2026-05-10 00:46:07  INFO      Fold 7 ep 26: loss=1.6755  epoch=27.9s  data_wait=5.1s  gpu=22.8s
2026-05-10 00:46:37  INFO      Fold 7 ep 27: loss=1.6612  epoch=29.5s  data_wait=5.2s  gpu=24.3s
2026-05-10 00:47:06  INFO      Fold 7 ep 28: loss=1.6536  epoch=29.3s  data_wait=5.0s  gpu=24.3s
2026-05-10 00:47:35  INFO      Fold 7 ep 29: loss=1.6366  epoch=28.8s  data_wait=4.5s  gpu=24.3s
2026-05-10 00:48:03  INFO      Fold 7 ep 30: loss=1.6561  epoch=28.3s  data_wait=4.1s  gpu=24.2s
2026-05-10 00:48:07  INFO        [Odam-CRE-Hifla-C    ]  imread image   3.4s  shape=(1614, 418, 736)  1986 MB
2026-05-10 00:48:14  INFO        [Odam-CRE-Hifla-C    ]  imread masks   5.2s
2026-05-10 00:48:15  INFO        [Odam-CRE-Hifla-C    ]  load+combine   11.8s total
2026-05-10 00:49:51  INFO      fold=7 ep=30 loss=1.6561 dice=0.1981 inc=0.009 bone=0.441 molar=0.144 ep_s=28.3 val_s=108.0
2026-05-10 00:50:41  INFO      Fold 7 ep 31: loss=1.6077  epoch=49.6s  data_wait=5.3s  gpu=44.3s
2026-05-10 00:51:35  INFO      Fold 7 ep 32: loss=1.6048  epoch=53.2s  data_wait=4.8s  gpu=48.4s
2026-05-10 00:52:28  INFO      Fold 7 ep 33: loss=1.6275  epoch=53.5s  data_wait=4.9s  gpu=48.6s
2026-05-10 00:53:21  INFO      Fold 7 ep 34: loss=1.6027  epoch=52.7s  data_wait=4.3s  gpu=48.4s
2026-05-10 00:54:14  INFO      Fold 7 ep 35: loss=1.5953  epoch=53.3s  data_wait=4.8s  gpu=48.4s
2026-05-10 00:54:17  INFO        [Odam-CRE-Hifla-C    ]  imread image   3.4s  shape=(1614, 418, 736)  1986 MB
2026-05-10 00:54:25  INFO        [Odam-CRE-Hifla-C    ]  imread masks   5.1s
2026-05-10 00:54:26  INFO        [Odam-CRE-Hifla-C    ]  load+combine   11.8s total
2026-05-10 00:57:36  INFO      fold=7 ep=35 loss=1.5953 dice=0.1821 inc=0.016 bone=0.373 molar=0.157 ep_s=53.3 val_s=201.6
2026-05-10 00:58:03  INFO      Fold 7 ep 36: loss=1.5808  epoch=27.5s  data_wait=4.7s  gpu=22.8s
2026-05-10 00:58:32  INFO      Fold 7 ep 37: loss=1.6021  epoch=29.1s  data_wait=4.8s  gpu=24.3s
2026-05-10 00:59:02  INFO      Fold 7 ep 38: loss=1.5944  epoch=29.2s  data_wait=4.9s  gpu=24.4s
2026-05-10 00:59:31  INFO      Fold 7 ep 39: loss=1.6033  epoch=28.9s  data_wait=4.5s  gpu=24.4s
2026-05-10 00:59:59  INFO      Fold 7 ep 40: loss=1.6110  epoch=28.3s  data_wait=3.9s  gpu=24.4s
2026-05-10 01:00:02  INFO        [Odam-CRE-Hifla-C    ]  imread image   3.4s  shape=(1614, 418, 736)  1986 MB
2026-05-10 01:00:10  INFO        [Odam-CRE-Hifla-C    ]  imread masks   5.2s
2026-05-10 01:00:10  INFO        [Odam-CRE-Hifla-C    ]  load+combine   11.6s total
2026-05-10 01:01:47  INFO      fold=7 ep=40 loss=1.6110 dice=0.2073 inc=0.009 bone=0.443 molar=0.170 ep_s=28.3 val_s=107.7
2026-05-10 01:02:36  INFO      Fold 7 ep 41: loss=1.5890  epoch=49.4s  data_wait=5.2s  gpu=44.2s
2026-05-10 01:03:29  INFO      Fold 7 ep 42: loss=1.6275  epoch=53.0s  data_wait=4.5s  gpu=48.4s
2026-05-10 01:04:22  INFO      Fold 7 ep 43: loss=1.5861  epoch=52.9s  data_wait=4.4s  gpu=48.5s
2026-05-10 01:05:15  INFO      Fold 7 ep 44: loss=1.5809  epoch=52.8s  data_wait=4.3s  gpu=48.5s
2026-05-10 01:06:08  INFO      Fold 7 ep 45: loss=1.5726  epoch=53.2s  data_wait=4.9s  gpu=48.3s
2026-05-10 01:06:11  INFO        [Odam-CRE-Hifla-C    ]  imread image   3.3s  shape=(1614, 418, 736)  1986 MB
2026-05-10 01:06:19  INFO        [Odam-CRE-Hifla-C    ]  imread masks   5.4s
2026-05-10 01:06:20  INFO        [Odam-CRE-Hifla-C    ]  load+combine   11.9s total
2026-05-10 01:09:30  INFO      fold=7 ep=45 loss=1.5726 dice=0.3097 inc=0.238 bone=0.509 molar=0.182 ep_s=53.2 val_s=201.7
2026-05-10 01:09:58  INFO      Fold 7 ep 46: loss=1.5699  epoch=27.5s  data_wait=4.7s  gpu=22.8s
2026-05-10 01:10:27  INFO      Fold 7 ep 47: loss=1.5911  epoch=28.9s  data_wait=4.7s  gpu=24.3s
2026-05-10 01:10:56  INFO      Fold 7 ep 48: loss=1.5831  epoch=29.3s  data_wait=5.1s  gpu=24.3s
2026-05-10 01:11:25  INFO      Fold 7 ep 49: loss=1.5540  epoch=28.8s  data_wait=4.5s  gpu=24.2s
2026-05-10 01:11:53  INFO      Fold 7 ep 50: loss=1.5677  epoch=28.6s  data_wait=4.3s  gpu=24.3s
2026-05-10 01:11:57  INFO        [Odam-CRE-Hifla-C    ]  imread image   3.2s  shape=(1614, 418, 736)  1986 MB
2026-05-10 01:12:04  INFO        [Odam-CRE-Hifla-C    ]  imread masks   5.4s
2026-05-10 01:12:05  INFO        [Odam-CRE-Hifla-C    ]  load+combine   11.5s total
2026-05-10 01:13:41  INFO      fold=7 ep=50 loss=1.5677 dice=0.2919 inc=0.012 bone=0.656 molar=0.208 ep_s=28.6 val_s=107.7
2026-05-10 01:14:31  INFO      Fold 7 ep 51: loss=1.5165  epoch=49.3s  data_wait=5.0s  gpu=44.3s
2026-05-10 01:15:24  INFO      Fold 7 ep 52: loss=1.5952  epoch=53.5s  data_wait=5.1s  gpu=48.5s
2026-05-10 01:16:17  INFO      Fold 7 ep 53: loss=1.5754  epoch=53.1s  data_wait=4.7s  gpu=48.4s
2026-05-10 01:17:10  INFO      Fold 7 ep 54: loss=1.5646  epoch=53.3s  data_wait=4.9s  gpu=48.4s
2026-05-10 01:18:04  INFO      Fold 7 ep 55: loss=1.5518  epoch=53.1s  data_wait=4.6s  gpu=48.4s
2026-05-10 01:18:07  INFO        [Odam-CRE-Hifla-C    ]  imread image   3.2s  shape=(1614, 418, 736)  1986 MB
2026-05-10 01:18:15  INFO        [Odam-CRE-Hifla-C    ]  imread masks   5.2s
2026-05-10 01:18:15  INFO        [Odam-CRE-Hifla-C    ]  load+combine   11.7s total
2026-05-10 01:21:25  INFO      fold=7 ep=55 loss=1.5518 dice=0.1503 inc=0.034 bone=0.244 molar=0.173 ep_s=53.1 val_s=201.4
2026-05-10 01:21:52  INFO      Fold 7 ep 56: loss=1.6066  epoch=26.7s  data_wait=3.9s  gpu=22.8s
2026-05-10 01:22:21  INFO      Fold 7 ep 57: loss=1.5732  epoch=29.4s  data_wait=5.1s  gpu=24.4s
2026-05-10 01:22:50  INFO      Fold 7 ep 58: loss=1.5326  epoch=28.9s  data_wait=4.6s  gpu=24.2s
2026-05-10 01:23:19  INFO      Fold 7 ep 59: loss=1.5840  epoch=29.1s  data_wait=4.7s  gpu=24.3s
2026-05-10 01:23:49  INFO      Fold 7 ep 60: loss=1.5766  epoch=29.9s  data_wait=5.4s  gpu=24.5s
2026-05-10 01:23:52  INFO        [Odam-CRE-Hifla-C    ]  imread image   3.3s  shape=(1614, 418, 736)  1986 MB
2026-05-10 01:24:00  INFO        [Odam-CRE-Hifla-C    ]  imread masks   5.3s
2026-05-10 01:24:01  INFO        [Odam-CRE-Hifla-C    ]  load+combine   11.8s total
2026-05-10 01:25:37  INFO      fold=7 ep=60 loss=1.5766 dice=0.2843 inc=0.028 bone=0.609 molar=0.216 ep_s=29.9 val_s=107.8
2026-05-10 01:26:27  INFO      Fold 7 ep 61: loss=1.5608  epoch=50.0s  data_wait=5.5s  gpu=44.5s
2026-05-10 01:27:20  INFO      Fold 7 ep 62: loss=1.5127  epoch=53.3s  data_wait=4.8s  gpu=48.6s
2026-05-10 01:28:14  INFO      Fold 7 ep 63: loss=1.5331  epoch=53.2s  data_wait=4.8s  gpu=48.4s
2026-05-10 01:29:06  INFO      Fold 7 ep 64: loss=1.6020  epoch=52.2s  data_wait=3.8s  gpu=48.4s
2026-05-10 01:29:59  INFO      Fold 7 ep 65: loss=1.5778  epoch=52.9s  data_wait=4.5s  gpu=48.4s
2026-05-10 01:30:02  INFO        [Odam-CRE-Hifla-C    ]  imread image   3.2s  shape=(1614, 418, 736)  1986 MB
2026-05-10 01:30:10  INFO        [Odam-CRE-Hifla-C    ]  imread masks   5.3s
2026-05-10 01:30:10  INFO        [Odam-CRE-Hifla-C    ]  load+combine   11.5s total
2026-05-10 01:33:20  INFO      fold=7 ep=65 loss=1.5778 dice=0.2469 inc=0.006 bone=0.533 molar=0.201 ep_s=52.9 val_s=201.4
2026-05-10 01:33:48  INFO      Fold 7 ep 66: loss=1.5241  epoch=27.4s  data_wait=4.5s  gpu=22.8s
2026-05-10 01:34:16  INFO      Fold 7 ep 67: loss=1.5200  epoch=28.4s  data_wait=4.1s  gpu=24.3s
2026-05-10 01:34:45  INFO      Fold 7 ep 68: loss=1.5331  epoch=28.7s  data_wait=4.4s  gpu=24.3s
2026-05-10 01:35:15  INFO      Fold 7 ep 69: loss=1.5494  epoch=29.6s  data_wait=5.3s  gpu=24.3s
2026-05-10 01:35:44  INFO      Fold 7 ep 70: loss=1.5735  epoch=29.5s  data_wait=5.3s  gpu=24.2s
2026-05-10 01:35:48  INFO        [Odam-CRE-Hifla-C    ]  imread image   3.4s  shape=(1614, 418, 736)  1986 MB
2026-05-10 01:35:55  INFO        [Odam-CRE-Hifla-C    ]  imread masks   5.1s
2026-05-10 01:35:56  INFO        [Odam-CRE-Hifla-C    ]  load+combine   11.7s total
2026-05-10 01:37:32  INFO      fold=7 ep=70 loss=1.5735 dice=0.2611 inc=0.034 bone=0.521 molar=0.229 ep_s=29.5 val_s=107.6
2026-05-10 01:38:21  INFO      Fold 7 ep 71: loss=1.5108  epoch=49.1s  data_wait=4.8s  gpu=44.3s
2026-05-10 01:39:14  INFO      Fold 7 ep 72: loss=1.5221  epoch=53.3s  data_wait=5.0s  gpu=48.3s
2026-05-10 01:40:08  INFO      Fold 7 ep 73: loss=1.5118  epoch=53.6s  data_wait=5.1s  gpu=48.5s
2026-05-10 01:41:02  INFO      Fold 7 ep 74: loss=1.5117  epoch=53.8s  data_wait=5.3s  gpu=48.5s
2026-05-10 01:41:55  INFO      Fold 7 ep 75: loss=1.4888  epoch=53.6s  data_wait=5.3s  gpu=48.3s
2026-05-10 01:41:59  INFO        [Odam-CRE-Hifla-C    ]  imread image   3.2s  shape=(1614, 418, 736)  1986 MB
2026-05-10 01:42:06  INFO        [Odam-CRE-Hifla-C    ]  imread masks   4.9s
2026-05-10 01:42:07  INFO        [Odam-CRE-Hifla-C    ]  load+combine   11.3s total
2026-05-10 01:45:16  INFO      fold=7 ep=75 loss=1.4888 dice=0.3530 inc=0.002 bone=0.774 molar=0.283 ep_s=53.6 val_s=200.9
2026-05-10 01:45:44  INFO      Fold 7 ep 76: loss=1.4800  epoch=27.6s  data_wait=4.8s  gpu=22.8s
2026-05-10 01:46:14  INFO      Fold 7 ep 77: loss=1.5035  epoch=29.4s  data_wait=4.9s  gpu=24.5s
2026-05-10 01:46:43  INFO      Fold 7 ep 78: loss=1.4711  epoch=29.7s  data_wait=5.4s  gpu=24.3s
2026-05-10 01:47:12  INFO      Fold 7 ep 79: loss=1.4808  epoch=29.2s  data_wait=4.8s  gpu=24.4s
2026-05-10 01:47:42  INFO      Fold 7 ep 80: loss=1.4635  epoch=29.4s  data_wait=5.0s  gpu=24.5s
2026-05-10 01:47:45  INFO        [Odam-CRE-Hifla-C    ]  imread image   3.4s  shape=(1614, 418, 736)  1986 MB
2026-05-10 01:47:53  INFO        [Odam-CRE-Hifla-C    ]  imread masks   5.1s
2026-05-10 01:47:54  INFO        [Odam-CRE-Hifla-C    ]  load+combine   11.7s total
2026-05-10 01:49:30  INFO      fold=7 ep=80 loss=1.4635 dice=0.3053 inc=0.046 bone=0.641 molar=0.229 ep_s=29.4 val_s=108.0
2026-05-10 01:50:19  INFO      Fold 7 ep 81: loss=1.4479  epoch=49.0s  data_wait=4.7s  gpu=44.3s
2026-05-10 01:51:13  INFO      Fold 7 ep 82: loss=1.4834  epoch=53.9s  data_wait=5.5s  gpu=48.4s
2026-05-10 01:52:06  INFO      Fold 7 ep 83: loss=1.4463  epoch=52.9s  data_wait=4.5s  gpu=48.4s
2026-05-10 01:52:59  INFO      Fold 7 ep 84: loss=1.4743  epoch=53.1s  data_wait=4.7s  gpu=48.4s
2026-05-10 01:53:52  INFO      Fold 7 ep 85: loss=1.5209  epoch=53.1s  data_wait=4.8s  gpu=48.4s
2026-05-10 01:53:56  INFO        [Odam-CRE-Hifla-C    ]  imread image   3.3s  shape=(1614, 418, 736)  1986 MB
2026-05-10 01:54:03  INFO        [Odam-CRE-Hifla-C    ]  imread masks   5.1s
2026-05-10 01:54:04  INFO        [Odam-CRE-Hifla-C    ]  load+combine   11.6s total
2026-05-10 01:57:13  INFO      fold=7 ep=85 loss=1.5209 dice=0.3506 inc=0.001 bone=0.791 molar=0.260 ep_s=53.1 val_s=201.2
2026-05-10 01:57:40  INFO      Fold 7 ep 86: loss=1.5003  epoch=26.0s  data_wait=3.4s  gpu=22.6s
2026-05-10 01:58:09  INFO      Fold 7 ep 87: loss=1.5132  epoch=29.2s  data_wait=4.8s  gpu=24.4s
2026-05-10 01:58:38  INFO      Fold 7 ep 88: loss=1.4864  epoch=28.7s  data_wait=4.4s  gpu=24.2s
2026-05-10 01:59:06  INFO      Fold 7 ep 89: loss=1.4584  epoch=28.6s  data_wait=4.3s  gpu=24.3s
2026-05-10 01:59:35  INFO      Fold 7 ep 90: loss=1.4319  epoch=28.7s  data_wait=4.4s  gpu=24.3s
2026-05-10 01:59:38  INFO        [Odam-CRE-Hifla-C    ]  imread image   2.6s  shape=(1614, 418, 736)  1986 MB
2026-05-10 01:59:44  INFO        [Odam-CRE-Hifla-C    ]  imread masks   4.2s
2026-05-10 01:59:45  INFO        [Odam-CRE-Hifla-C    ]  load+combine   9.8s total
2026-05-10 02:01:21  INFO      fold=7 ep=90 loss=1.4319 dice=0.3543 inc=0.261 bone=0.572 molar=0.230 ep_s=28.7 val_s=105.8
2026-05-10 02:02:10  INFO      Fold 7 ep 91: loss=1.4515  epoch=49.3s  data_wait=4.8s  gpu=44.5s
2026-05-10 02:03:04  INFO      Fold 7 ep 92: loss=1.4606  epoch=53.3s  data_wait=4.9s  gpu=48.4s
2026-05-10 02:03:58  INFO      Fold 7 ep 93: loss=1.4300  epoch=54.0s  data_wait=5.4s  gpu=48.6s
2026-05-10 02:04:50  INFO      Fold 7 ep 94: loss=1.4565  epoch=52.7s  data_wait=4.3s  gpu=48.4s
2026-05-10 02:05:44  INFO      Fold 7 ep 95: loss=1.4650  epoch=53.7s  data_wait=5.5s  gpu=48.3s
2026-05-10 02:05:47  INFO        [Odam-CRE-Hifla-C    ]  imread image   3.3s  shape=(1614, 418, 736)  1986 MB
2026-05-10 02:05:55  INFO        [Odam-CRE-Hifla-C    ]  imread masks   5.4s
2026-05-10 02:05:56  INFO        [Odam-CRE-Hifla-C    ]  load+combine   11.9s total
2026-05-10 02:09:06  INFO      fold=7 ep=95 loss=1.4650 dice=0.2753 inc=0.060 bone=0.546 molar=0.220 ep_s=53.7 val_s=201.6
2026-05-10 02:09:33  INFO      Fold 7 ep 96: loss=1.4390  epoch=27.1s  data_wait=4.2s  gpu=22.9s
2026-05-10 02:10:01  INFO      Fold 7 ep 97: loss=1.4046  epoch=28.4s  data_wait=4.0s  gpu=24.4s
2026-05-10 02:10:31  INFO      Fold 7 ep 98: loss=1.4754  epoch=29.3s  data_wait=5.0s  gpu=24.4s
2026-05-10 02:10:59  INFO      Fold 7 ep 99: loss=1.4454  epoch=28.1s  data_wait=3.8s  gpu=24.3s
2026-05-10 02:11:27  INFO      Fold 7 ep 100: loss=1.4322  epoch=28.2s  data_wait=3.9s  gpu=24.3s
2026-05-10 02:11:30  INFO        [Odam-CRE-Hifla-C    ]  imread image   3.2s  shape=(1614, 418, 736)  1986 MB
2026-05-10 02:11:38  INFO        [Odam-CRE-Hifla-C    ]  imread masks   5.2s
2026-05-10 02:11:39  INFO        [Odam-CRE-Hifla-C    ]  load+combine   11.7s total
2026-05-10 02:13:15  INFO      fold=7 ep=100 loss=1.4322 dice=0.3796 inc=0.480 bone=0.483 molar=0.176 ep_s=28.2 val_s=107.6
2026-05-10 02:14:04  INFO      Fold 7 ep 101: loss=1.4559  epoch=48.9s  data_wait=4.5s  gpu=44.4s
2026-05-10 02:14:58  INFO      Fold 7 ep 102: loss=1.5324  epoch=54.2s  data_wait=5.8s  gpu=48.4s
2026-05-10 02:15:51  INFO      Fold 7 ep 103: loss=1.4832  epoch=53.0s  data_wait=4.6s  gpu=48.4s
2026-05-10 02:16:44  INFO      Fold 7 ep 104: loss=1.4611  epoch=52.6s  data_wait=4.1s  gpu=48.5s
2026-05-10 02:17:36  INFO      Fold 7 ep 105: loss=1.4726  epoch=52.3s  data_wait=3.8s  gpu=48.5s
2026-05-10 02:17:39  INFO        [Odam-CRE-Hifla-C    ]  imread image   3.3s  shape=(1614, 418, 736)  1986 MB
2026-05-10 02:17:47  INFO        [Odam-CRE-Hifla-C    ]  imread masks   5.4s
2026-05-10 02:17:48  INFO        [Odam-CRE-Hifla-C    ]  load+combine   11.8s total
2026-05-10 02:20:57  INFO      fold=7 ep=105 loss=1.4726 dice=0.4547 inc=0.387 bone=0.724 molar=0.254 ep_s=52.3 val_s=201.3
2026-05-10 02:21:25  INFO      Fold 7 ep 106: loss=1.4419  epoch=27.7s  data_wait=5.0s  gpu=22.7s
2026-05-10 02:21:54  INFO      Fold 7 ep 107: loss=1.4645  epoch=28.7s  data_wait=4.4s  gpu=24.3s
2026-05-10 02:22:23  INFO      Fold 7 ep 108: loss=1.4589  epoch=29.5s  data_wait=5.1s  gpu=24.3s
2026-05-10 02:22:53  INFO      Fold 7 ep 109: loss=1.4140  epoch=29.4s  data_wait=5.1s  gpu=24.3s
2026-05-10 02:23:22  INFO      Fold 7 ep 110: loss=1.4180  epoch=29.3s  data_wait=5.1s  gpu=24.3s
2026-05-10 02:23:25  INFO        [Odam-CRE-Hifla-C    ]  imread image   3.3s  shape=(1614, 418, 736)  1986 MB
2026-05-10 02:23:33  INFO        [Odam-CRE-Hifla-C    ]  imread masks   5.1s
2026-05-10 02:23:34  INFO        [Odam-CRE-Hifla-C    ]  load+combine   11.5s total
2026-05-10 02:25:10  INFO      fold=7 ep=110 loss=1.4180 dice=0.5084 inc=0.439 bone=0.797 molar=0.289 ep_s=29.3 val_s=107.3
2026-05-10 02:25:58  INFO      Fold 7 ep 111: loss=1.4214  epoch=48.6s  data_wait=4.2s  gpu=44.4s
2026-05-10 02:26:51  INFO      Fold 7 ep 112: loss=1.3869  epoch=52.8s  data_wait=4.3s  gpu=48.4s
2026-05-10 02:27:44  INFO      Fold 7 ep 113: loss=1.3839  epoch=52.7s  data_wait=4.3s  gpu=48.4s
2026-05-10 02:28:37  INFO      Fold 7 ep 114: loss=1.4413  epoch=52.9s  data_wait=4.5s  gpu=48.4s
2026-05-10 02:29:31  INFO      Fold 7 ep 115: loss=1.3997  epoch=53.8s  data_wait=5.2s  gpu=48.5s
2026-05-10 02:29:34  INFO        [Odam-CRE-Hifla-C    ]  imread image   3.4s  shape=(1614, 418, 736)  1986 MB
2026-05-10 02:29:42  INFO        [Odam-CRE-Hifla-C    ]  imread masks   5.1s
2026-05-10 02:29:42  INFO        [Odam-CRE-Hifla-C    ]  load+combine   11.7s total
2026-05-10 02:32:52  INFO      fold=7 ep=115 loss=1.3997 dice=0.3960 inc=0.021 bone=0.849 molar=0.319 ep_s=53.8 val_s=201.3
2026-05-10 02:33:20  INFO      Fold 7 ep 116: loss=1.4342  epoch=27.6s  data_wait=4.9s  gpu=22.8s
2026-05-10 02:33:49  INFO      Fold 7 ep 117: loss=1.4035  epoch=28.8s  data_wait=4.4s  gpu=24.4s
2026-05-10 02:34:18  INFO      Fold 7 ep 118: loss=1.4236  epoch=29.2s  data_wait=4.7s  gpu=24.5s
2026-05-10 02:34:46  INFO      Fold 7 ep 119: loss=1.4201  epoch=27.9s  data_wait=3.7s  gpu=24.2s
2026-05-10 02:35:15  INFO      Fold 7 ep 120: loss=1.4668  epoch=29.7s  data_wait=5.4s  gpu=24.3s
2026-05-10 02:35:19  INFO        [Odam-CRE-Hifla-C    ]  imread image   3.4s  shape=(1614, 418, 736)  1986 MB
2026-05-10 02:35:27  INFO        [Odam-CRE-Hifla-C    ]  imread masks   5.1s
2026-05-10 02:35:27  INFO        [Odam-CRE-Hifla-C    ]  load+combine   11.8s total
2026-05-10 02:37:03  INFO      fold=7 ep=120 loss=1.4668 dice=0.3548 inc=0.004 bone=0.773 molar=0.288 ep_s=29.7 val_s=107.9
2026-05-10 02:37:52  INFO      Fold 7 ep 121: loss=1.4061  epoch=48.8s  data_wait=4.4s  gpu=44.4s
2026-05-10 02:38:45  INFO      Fold 7 ep 122: loss=1.4168  epoch=53.0s  data_wait=4.6s  gpu=48.4s
2026-05-10 02:39:39  INFO      Fold 7 ep 123: loss=1.3928  epoch=53.3s  data_wait=4.8s  gpu=48.4s
2026-05-10 02:40:31  INFO      Fold 7 ep 124: loss=1.4273  epoch=52.3s  data_wait=4.0s  gpu=48.3s
2026-05-10 02:41:24  INFO      Fold 7 ep 125: loss=1.4401  epoch=53.4s  data_wait=4.9s  gpu=48.5s
2026-05-10 02:41:28  INFO        [Odam-CRE-Hifla-C    ]  imread image   3.2s  shape=(1614, 418, 736)  1986 MB
2026-05-10 02:41:36  INFO        [Odam-CRE-Hifla-C    ]  imread masks   5.3s
2026-05-10 02:41:36  INFO        [Odam-CRE-Hifla-C    ]  load+combine   11.7s total
2026-05-10 02:44:46  INFO      fold=7 ep=125 loss=1.4401 dice=0.3678 inc=0.340 bone=0.548 molar=0.216 ep_s=53.4 val_s=201.5
2026-05-10 02:45:13  INFO      Fold 7 ep 126: loss=1.4010  epoch=27.1s  data_wait=4.3s  gpu=22.8s
2026-05-10 02:45:43  INFO      Fold 7 ep 127: loss=1.4372  epoch=29.7s  data_wait=5.3s  gpu=24.3s
2026-05-10 02:46:12  INFO      Fold 7 ep 128: loss=1.3582  epoch=29.2s  data_wait=4.8s  gpu=24.3s
2026-05-10 02:46:41  INFO      Fold 7 ep 129: loss=1.3420  epoch=29.3s  data_wait=4.9s  gpu=24.3s
2026-05-10 02:47:10  INFO      Fold 7 ep 130: loss=1.3183  epoch=28.5s  data_wait=4.2s  gpu=24.3s
2026-05-10 02:47:13  INFO        [Odam-CRE-Hifla-C    ]  imread image   3.2s  shape=(1614, 418, 736)  1986 MB
2026-05-10 02:47:21  INFO        [Odam-CRE-Hifla-C    ]  imread masks   5.2s
2026-05-10 02:47:21  INFO        [Odam-CRE-Hifla-C    ]  load+combine   11.7s total
2026-05-10 02:48:58  INFO      fold=7 ep=130 loss=1.3183 dice=0.4669 inc=0.311 bone=0.794 molar=0.296 ep_s=28.5 val_s=107.7
2026-05-10 02:49:47  INFO      Fold 7 ep 131: loss=1.3596  epoch=49.3s  data_wait=4.9s  gpu=44.4s
2026-05-10 02:50:40  INFO      Fold 7 ep 132: loss=1.3371  epoch=52.6s  data_wait=4.1s  gpu=48.6s
2026-05-10 02:51:32  INFO      Fold 7 ep 133: loss=1.4035  epoch=52.7s  data_wait=4.3s  gpu=48.4s
2026-05-10 02:52:26  INFO      Fold 7 ep 134: loss=1.3592  epoch=53.6s  data_wait=5.2s  gpu=48.4s
2026-05-10 02:53:18  INFO      Fold 7 ep 135: loss=1.3119  epoch=52.1s  data_wait=3.8s  gpu=48.4s
2026-05-10 02:53:21  INFO        [Odam-CRE-Hifla-C    ]  imread image   3.3s  shape=(1614, 418, 736)  1986 MB
2026-05-10 02:53:29  INFO        [Odam-CRE-Hifla-C    ]  imread masks   5.3s
2026-05-10 02:53:30  INFO        [Odam-CRE-Hifla-C    ]  load+combine   11.8s total
2026-05-10 02:56:39  INFO      fold=7 ep=135 loss=1.3119 dice=0.5201 inc=0.393 bone=0.834 molar=0.333 ep_s=52.1 val_s=201.2
2026-05-10 02:57:07  INFO      Fold 7 ep 136: loss=1.3365  epoch=27.6s  data_wait=4.9s  gpu=22.8s
2026-05-10 02:57:37  INFO      Fold 7 ep 137: loss=1.3431  epoch=30.1s  data_wait=5.7s  gpu=24.4s
2026-05-10 02:58:07  INFO      Fold 7 ep 138: loss=1.3147  epoch=29.6s  data_wait=5.3s  gpu=24.3s
2026-05-10 02:58:37  INFO      Fold 7 ep 139: loss=1.3521  epoch=29.5s  data_wait=5.2s  gpu=24.3s
2026-05-10 02:59:06  INFO      Fold 7 ep 140: loss=1.3038  epoch=29.7s  data_wait=5.2s  gpu=24.4s
2026-05-10 02:59:09  INFO        [Odam-CRE-Hifla-C    ]  imread image   3.3s  shape=(1614, 418, 736)  1986 MB
2026-05-10 02:59:17  INFO        [Odam-CRE-Hifla-C    ]  imread masks   5.4s
2026-05-10 02:59:18  INFO        [Odam-CRE-Hifla-C    ]  load+combine   11.8s total
2026-05-10 03:00:54  INFO      fold=7 ep=140 loss=1.3038 dice=0.4818 inc=0.276 bone=0.843 molar=0.326 ep_s=29.7 val_s=107.7
2026-05-10 03:01:43  INFO      Fold 7 ep 141: loss=1.2919  epoch=49.0s  data_wait=4.8s  gpu=44.3s
2026-05-10 03:02:36  INFO      Fold 7 ep 142: loss=1.3039  epoch=53.1s  data_wait=4.7s  gpu=48.3s
2026-05-10 03:03:29  INFO      Fold 7 ep 143: loss=1.2926  epoch=53.1s  data_wait=4.6s  gpu=48.5s
2026-05-10 03:04:23  INFO      Fold 7 ep 144: loss=1.2853  epoch=53.3s  data_wait=4.9s  gpu=48.4s
2026-05-10 03:05:16  INFO      Fold 7 ep 145: loss=1.2393  epoch=53.4s  data_wait=5.2s  gpu=48.2s
2026-05-10 03:05:19  INFO        [Odam-CRE-Hifla-C    ]  imread image   2.6s  shape=(1614, 418, 736)  1986 MB
2026-05-10 03:05:25  INFO        [Odam-CRE-Hifla-C    ]  imread masks   3.9s
2026-05-10 03:05:25  INFO        [Odam-CRE-Hifla-C    ]  load+combine   9.5s total
2026-05-10 03:08:35  INFO      fold=7 ep=145 loss=1.2393 dice=0.5570 inc=0.514 bone=0.842 molar=0.315 ep_s=53.4 val_s=199.1
2026-05-10 03:09:03  INFO      Fold 7 ep 146: loss=1.2678  epoch=27.6s  data_wait=4.8s  gpu=22.8s
2026-05-10 03:09:31  INFO      Fold 7 ep 147: loss=1.2564  epoch=28.4s  data_wait=4.1s  gpu=24.3s
2026-05-10 03:10:01  INFO      Fold 7 ep 148: loss=1.3245  epoch=29.0s  data_wait=4.8s  gpu=24.2s
2026-05-10 03:10:30  INFO      Fold 7 ep 149: loss=1.2723  epoch=29.4s  data_wait=5.0s  gpu=24.4s
2026-05-10 03:10:59  INFO      Fold 7 ep 150: loss=1.2748  epoch=29.1s  data_wait=4.7s  gpu=24.4s
2026-05-10 03:11:02  INFO        [Odam-CRE-Hifla-C    ]  imread image   3.3s  shape=(1614, 418, 736)  1986 MB
2026-05-10 03:11:10  INFO        [Odam-CRE-Hifla-C    ]  imread masks   5.3s
2026-05-10 03:11:11  INFO        [Odam-CRE-Hifla-C    ]  load+combine   11.8s total
2026-05-10 03:12:47  INFO      fold=7 ep=150 loss=1.2748 dice=0.5767 inc=0.585 bone=0.830 molar=0.315 ep_s=29.1 val_s=107.7
2026-05-10 03:13:37  INFO      Fold 7 ep 151: loss=1.2292  epoch=49.7s  data_wait=5.2s  gpu=44.4s
2026-05-10 03:14:30  INFO      Fold 7 ep 152: loss=1.2291  epoch=53.5s  data_wait=5.1s  gpu=48.4s
2026-05-10 03:15:25  INFO      Fold 7 ep 153: loss=1.2155  epoch=54.3s  data_wait=5.8s  gpu=48.5s
2026-05-10 03:16:18  INFO      Fold 7 ep 154: loss=1.2310  epoch=53.2s  data_wait=4.6s  gpu=48.5s
2026-05-10 03:17:10  INFO      Fold 7 ep 155: loss=1.2601  epoch=52.5s  data_wait=4.0s  gpu=48.5s
2026-05-10 03:17:13  INFO        [Odam-CRE-Hifla-C    ]  imread image   3.2s  shape=(1614, 418, 736)  1986 MB
2026-05-10 03:17:21  INFO        [Odam-CRE-Hifla-C    ]  imread masks   5.4s
2026-05-10 03:17:22  INFO        [Odam-CRE-Hifla-C    ]  load+combine   11.7s total
2026-05-10 03:20:32  INFO      fold=7 ep=155 loss=1.2601 dice=0.6115 inc=0.611 bone=0.878 molar=0.345 ep_s=52.5 val_s=201.3
2026-05-10 03:21:00  INFO      Fold 7 ep 156: loss=1.2416  epoch=27.7s  data_wait=5.0s  gpu=22.7s
2026-05-10 03:21:29  INFO      Fold 7 ep 157: loss=1.1934  epoch=29.2s  data_wait=4.8s  gpu=24.4s
2026-05-10 03:21:58  INFO      Fold 7 ep 158: loss=1.1751  epoch=29.3s  data_wait=4.9s  gpu=24.4s
2026-05-10 03:22:27  INFO      Fold 7 ep 159: loss=1.1928  epoch=29.0s  data_wait=4.7s  gpu=24.3s
2026-05-10 03:22:56  INFO      Fold 7 ep 160: loss=1.2217  epoch=28.9s  data_wait=4.5s  gpu=24.3s
2026-05-10 03:22:59  INFO        [Odam-CRE-Hifla-C    ]  imread image   3.0s  shape=(1614, 418, 736)  1986 MB
2026-05-10 03:23:07  INFO        [Odam-CRE-Hifla-C    ]  imread masks   5.3s
2026-05-10 03:23:07  INFO        [Odam-CRE-Hifla-C    ]  load+combine   11.5s total
2026-05-10 03:24:43  INFO      fold=7 ep=160 loss=1.2217 dice=0.6354 inc=0.741 bone=0.839 molar=0.326 ep_s=28.9 val_s=107.3
2026-05-10 03:25:34  INFO      Fold 7 ep 161: loss=1.2494  epoch=49.9s  data_wait=5.6s  gpu=44.3s
2026-05-10 03:26:27  INFO      Fold 7 ep 162: loss=1.2226  epoch=53.3s  data_wait=4.9s  gpu=48.4s
2026-05-10 03:27:21  INFO      Fold 7 ep 163: loss=1.2640  epoch=53.8s  data_wait=5.3s  gpu=48.5s
2026-05-10 03:28:14  INFO      Fold 7 ep 164: loss=1.1939  epoch=53.7s  data_wait=5.2s  gpu=48.5s
2026-05-10 03:29:07  INFO      Fold 7 ep 165: loss=1.1871  epoch=52.9s  data_wait=4.6s  gpu=48.4s
2026-05-10 03:29:10  INFO        [Odam-CRE-Hifla-C    ]  imread image   3.2s  shape=(1614, 418, 736)  1986 MB
2026-05-10 03:29:18  INFO        [Odam-CRE-Hifla-C    ]  imread masks   5.4s
2026-05-10 03:29:19  INFO        [Odam-CRE-Hifla-C    ]  load+combine   11.9s total
2026-05-10 03:32:29  INFO      fold=7 ep=165 loss=1.1871 dice=0.6388 inc=0.598 bone=0.899 molar=0.420 ep_s=52.9 val_s=201.4
2026-05-10 03:32:57  INFO      Fold 7 ep 166: loss=1.1245  epoch=28.0s  data_wait=5.2s  gpu=22.8s
2026-05-10 03:33:25  INFO      Fold 7 ep 167: loss=1.2149  epoch=28.2s  data_wait=4.0s  gpu=24.2s
2026-05-10 03:33:53  INFO      Fold 7 ep 168: loss=1.1723  epoch=28.2s  data_wait=4.0s  gpu=24.3s
2026-05-10 03:34:22  INFO      Fold 7 ep 169: loss=1.1997  epoch=28.9s  data_wait=4.5s  gpu=24.4s
2026-05-10 03:34:51  INFO      Fold 7 ep 170: loss=1.2358  epoch=28.9s  data_wait=4.5s  gpu=24.4s
2026-05-10 03:34:54  INFO        [Odam-CRE-Hifla-C    ]  imread image   3.2s  shape=(1614, 418, 736)  1986 MB
2026-05-10 03:35:02  INFO        [Odam-CRE-Hifla-C    ]  imread masks   5.3s
2026-05-10 03:35:03  INFO        [Odam-CRE-Hifla-C    ]  load+combine   11.7s total
2026-05-10 03:36:39  INFO      fold=7 ep=170 loss=1.2358 dice=0.5872 inc=0.661 bone=0.758 molar=0.342 ep_s=28.9 val_s=107.6
2026-05-10 03:37:29  INFO      Fold 7 ep 171: loss=1.1673  epoch=49.7s  data_wait=5.3s  gpu=44.3s
2026-05-10 03:38:22  INFO      Fold 7 ep 172: loss=1.1865  epoch=53.1s  data_wait=4.8s  gpu=48.3s
2026-05-10 03:39:15  INFO      Fold 7 ep 173: loss=1.2098  epoch=53.0s  data_wait=4.5s  gpu=48.5s
2026-05-10 03:40:08  INFO      Fold 7 ep 174: loss=1.2765  epoch=53.6s  data_wait=5.1s  gpu=48.5s
2026-05-10 03:41:01  INFO      Fold 7 ep 175: loss=1.1648  epoch=52.5s  data_wait=4.2s  gpu=48.3s
2026-05-10 03:41:04  INFO        [Odam-CRE-Hifla-C    ]  imread image   3.4s  shape=(1614, 418, 736)  1986 MB
2026-05-10 03:41:12  INFO        [Odam-CRE-Hifla-C    ]  imread masks   5.1s
2026-05-10 03:41:13  INFO        [Odam-CRE-Hifla-C    ]  load+combine   11.7s total
2026-05-10 03:44:22  INFO      fold=7 ep=175 loss=1.1648 dice=0.6958 inc=0.766 bone=0.886 molar=0.435 ep_s=52.5 val_s=201.1
2026-05-10 03:44:50  INFO      Fold 7 ep 176: loss=1.1539  epoch=27.7s  data_wait=5.0s  gpu=22.8s
2026-05-10 03:45:19  INFO      Fold 7 ep 177: loss=1.1253  epoch=28.6s  data_wait=4.2s  gpu=24.4s
2026-05-10 03:45:48  INFO      Fold 7 ep 178: loss=1.1466  epoch=28.9s  data_wait=4.6s  gpu=24.3s
2026-05-10 03:46:16  INFO      Fold 7 ep 179: loss=1.1989  epoch=27.9s  data_wait=3.7s  gpu=24.2s
2026-05-10 03:46:44  INFO      Fold 7 ep 180: loss=1.1848  epoch=28.9s  data_wait=4.6s  gpu=24.3s
2026-05-10 03:46:48  INFO        [Odam-CRE-Hifla-C    ]  imread image   3.3s  shape=(1614, 418, 736)  1986 MB
2026-05-10 03:46:56  INFO        [Odam-CRE-Hifla-C    ]  imread masks   5.3s
2026-05-10 03:46:56  INFO        [Odam-CRE-Hifla-C    ]  load+combine   11.8s total
2026-05-10 03:48:32  INFO      fold=7 ep=180 loss=1.1848 dice=0.7332 inc=0.805 bone=0.884 molar=0.511 ep_s=28.9 val_s=107.9
2026-05-10 03:49:22  INFO      Fold 7 ep 181: loss=1.1649  epoch=49.3s  data_wait=4.9s  gpu=44.5s
2026-05-10 03:50:16  INFO      Fold 7 ep 182: loss=1.1161  epoch=53.5s  data_wait=5.1s  gpu=48.4s
2026-05-10 03:51:09  INFO      Fold 7 ep 183: loss=1.0873  epoch=53.2s  data_wait=4.7s  gpu=48.6s
2026-05-10 03:52:01  INFO      Fold 7 ep 184: loss=1.1339  epoch=52.6s  data_wait=4.3s  gpu=48.4s
2026-05-10 03:52:54  INFO      Fold 7 ep 185: loss=1.0754  epoch=52.4s  data_wait=4.0s  gpu=48.4s
2026-05-10 03:52:57  INFO        [Odam-CRE-Hifla-C    ]  imread image   3.3s  shape=(1614, 418, 736)  1986 MB
2026-05-10 03:53:05  INFO        [Odam-CRE-Hifla-C    ]  imread masks   5.4s
2026-05-10 03:53:06  INFO        [Odam-CRE-Hifla-C    ]  load+combine   11.9s total
2026-05-10 03:56:15  INFO      fold=7 ep=185 loss=1.0754 dice=0.7014 inc=0.822 bone=0.840 molar=0.442 ep_s=52.4 val_s=201.5
2026-05-10 03:56:43  INFO      Fold 7 ep 186: loss=1.0758  epoch=27.4s  data_wait=4.6s  gpu=22.7s
2026-05-10 03:57:12  INFO      Fold 7 ep 187: loss=1.1132  epoch=29.6s  data_wait=5.3s  gpu=24.3s
2026-05-10 03:57:42  INFO      Fold 7 ep 188: loss=1.1285  epoch=29.8s  data_wait=5.3s  gpu=24.5s
2026-05-10 03:58:11  INFO      Fold 7 ep 189: loss=1.0855  epoch=28.8s  data_wait=4.5s  gpu=24.3s
2026-05-10 03:58:41  INFO      Fold 7 ep 190: loss=1.2129  epoch=29.5s  data_wait=5.0s  gpu=24.4s
2026-05-10 03:58:44  INFO        [Odam-CRE-Hifla-C    ]  imread image   3.3s  shape=(1614, 418, 736)  1986 MB
2026-05-10 03:58:52  INFO        [Odam-CRE-Hifla-C    ]  imread masks   5.4s
2026-05-10 03:58:53  INFO        [Odam-CRE-Hifla-C    ]  load+combine   11.9s total
2026-05-10 04:00:28  INFO      fold=7 ep=190 loss=1.2129 dice=0.7157 inc=0.839 bone=0.852 molar=0.457 ep_s=29.5 val_s=107.8
2026-05-10 04:01:18  INFO      Fold 7 ep 191: loss=1.1245  epoch=49.5s  data_wait=5.3s  gpu=44.2s
2026-05-10 04:02:12  INFO      Fold 7 ep 192: loss=1.0856  epoch=53.6s  data_wait=5.1s  gpu=48.5s
2026-05-10 04:03:05  INFO      Fold 7 ep 193: loss=1.0991  epoch=52.9s  data_wait=4.6s  gpu=48.3s
2026-05-10 04:03:57  INFO      Fold 7 ep 194: loss=1.0793  epoch=52.6s  data_wait=4.1s  gpu=48.5s
2026-05-10 04:04:50  INFO      Fold 7 ep 195: loss=1.0645  epoch=53.2s  data_wait=4.7s  gpu=48.5s
2026-05-10 04:04:54  INFO        [Odam-CRE-Hifla-C    ]  imread image   3.3s  shape=(1614, 418, 736)  1986 MB
2026-05-10 04:05:00  INFO        [Odam-CRE-Hifla-C    ]  imread masks   4.0s
2026-05-10 04:05:01  INFO        [Odam-CRE-Hifla-C    ]  load+combine   10.5s total
2026-05-10 04:08:10  INFO      fold=7 ep=195 loss=1.0645 dice=0.7436 inc=0.788 bone=0.906 molar=0.536 ep_s=53.2 val_s=199.8
2026-05-10 04:08:39  INFO      Fold 7 ep 196: loss=1.0722  epoch=28.1s  data_wait=5.3s  gpu=22.8s
2026-05-10 04:09:08  INFO      Fold 7 ep 197: loss=1.2550  epoch=29.3s  data_wait=4.9s  gpu=24.4s
2026-05-10 04:09:37  INFO      Fold 7 ep 198: loss=1.0615  epoch=29.6s  data_wait=5.3s  gpu=24.3s
2026-05-10 04:10:06  INFO      Fold 7 ep 199: loss=1.1292  epoch=28.9s  data_wait=4.6s  gpu=24.3s
2026-05-10 04:10:35  INFO      Fold 7 ep 200: loss=1.1269  epoch=28.8s  data_wait=4.4s  gpu=24.4s
2026-05-10 04:10:38  INFO        [Odam-CRE-Hifla-C    ]  imread image   3.1s  shape=(1614, 418, 736)  1986 MB
2026-05-10 04:10:46  INFO        [Odam-CRE-Hifla-C    ]  imread masks   5.5s
2026-05-10 04:10:47  INFO        [Odam-CRE-Hifla-C    ]  load+combine   11.9s total
2026-05-10 04:12:23  INFO      fold=7 ep=200 loss=1.1269 dice=0.5958 inc=0.688 bone=0.778 molar=0.321 ep_s=28.8 val_s=107.8
2026-05-10 04:13:13  INFO      Fold 7 ep 201: loss=1.1171  epoch=49.6s  data_wait=5.1s  gpu=44.5s
2026-05-10 04:14:06  INFO      Fold 7 ep 202: loss=1.0651  epoch=53.1s  data_wait=4.6s  gpu=48.5s
2026-05-10 04:15:00  INFO      Fold 7 ep 203: loss=0.9996  epoch=53.6s  data_wait=5.2s  gpu=48.4s
2026-05-10 04:15:53  INFO      Fold 7 ep 204: loss=1.1051  epoch=53.5s  data_wait=5.1s  gpu=48.5s
2026-05-10 04:16:47  INFO      Fold 7 ep 205: loss=1.1345  epoch=54.0s  data_wait=5.4s  gpu=48.6s
2026-05-10 04:16:50  INFO        [Odam-CRE-Hifla-C    ]  imread image   3.2s  shape=(1614, 418, 736)  1986 MB
2026-05-10 04:16:58  INFO        [Odam-CRE-Hifla-C    ]  imread masks   5.1s
2026-05-10 04:16:59  INFO        [Odam-CRE-Hifla-C    ]  load+combine   11.4s total
2026-05-10 04:20:08  INFO      fold=7 ep=205 loss=1.1345 dice=0.6907 inc=0.768 bone=0.878 molar=0.426 ep_s=54.0 val_s=200.9
2026-05-10 04:20:36  INFO      Fold 7 ep 206: loss=1.0341  epoch=28.1s  data_wait=5.2s  gpu=22.9s
2026-05-10 04:21:05  INFO      Fold 7 ep 207: loss=1.0837  epoch=29.0s  data_wait=4.8s  gpu=24.2s
2026-05-10 04:21:34  INFO      Fold 7 ep 208: loss=1.0686  epoch=28.9s  data_wait=4.5s  gpu=24.3s
2026-05-10 04:22:04  INFO      Fold 7 ep 209: loss=1.0419  epoch=29.6s  data_wait=5.2s  gpu=24.5s
2026-05-10 04:22:33  INFO      Fold 7 ep 210: loss=1.0369  epoch=28.7s  data_wait=4.4s  gpu=24.3s
2026-05-10 04:22:36  INFO        [Odam-CRE-Hifla-C    ]  imread image   3.5s  shape=(1614, 418, 736)  1986 MB
2026-05-10 04:22:44  INFO        [Odam-CRE-Hifla-C    ]  imread masks   5.2s
2026-05-10 04:22:44  INFO        [Odam-CRE-Hifla-C    ]  load+combine   11.8s total
2026-05-10 04:24:21  INFO      fold=7 ep=210 loss=1.0369 dice=0.7683 inc=0.836 bone=0.882 molar=0.586 ep_s=28.7 val_s=107.9
2026-05-10 04:25:10  INFO      Fold 7 ep 211: loss=1.0354  epoch=48.8s  data_wait=4.4s  gpu=44.4s
2026-05-10 04:26:02  INFO      Fold 7 ep 212: loss=1.0987  epoch=52.8s  data_wait=4.3s  gpu=48.6s
2026-05-10 04:26:55  INFO      Fold 7 ep 213: loss=1.0499  epoch=52.7s  data_wait=4.2s  gpu=48.5s
2026-05-10 04:27:48  INFO      Fold 7 ep 214: loss=1.0218  epoch=53.0s  data_wait=4.6s  gpu=48.5s
2026-05-10 04:28:41  INFO      Fold 7 ep 215: loss=0.9680  epoch=52.4s  data_wait=3.9s  gpu=48.5s
2026-05-10 04:28:44  INFO        [Odam-CRE-Hifla-C    ]  imread image   3.5s  shape=(1614, 418, 736)  1986 MB
2026-05-10 04:28:52  INFO        [Odam-CRE-Hifla-C    ]  imread masks   5.2s
2026-05-10 04:28:53  INFO        [Odam-CRE-Hifla-C    ]  load+combine   11.9s total
2026-05-10 04:32:02  INFO      fold=7 ep=215 loss=0.9680 dice=0.7762 inc=0.855 bone=0.897 molar=0.577 ep_s=52.4 val_s=201.3
2026-05-10 04:32:30  INFO      Fold 7 ep 216: loss=0.9787  epoch=28.1s  data_wait=5.2s  gpu=22.9s
2026-05-10 04:33:00  INFO      Fold 7 ep 217: loss=0.9711  epoch=29.4s  data_wait=4.9s  gpu=24.5s
2026-05-10 04:33:28  INFO      Fold 7 ep 218: loss=0.9472  epoch=28.5s  data_wait=4.3s  gpu=24.3s
2026-05-10 04:33:57  INFO      Fold 7 ep 219: loss=0.9825  epoch=29.2s  data_wait=4.9s  gpu=24.4s
2026-05-10 04:34:27  INFO      Fold 7 ep 220: loss=1.0442  epoch=29.5s  data_wait=5.2s  gpu=24.3s
2026-05-10 04:34:30  INFO        [Odam-CRE-Hifla-C    ]  imread image   3.2s  shape=(1614, 418, 736)  1986 MB
2026-05-10 04:34:38  INFO        [Odam-CRE-Hifla-C    ]  imread masks   5.3s
2026-05-10 04:34:39  INFO        [Odam-CRE-Hifla-C    ]  load+combine   11.8s total
2026-05-10 04:36:15  INFO      fold=7 ep=220 loss=1.0442 dice=0.7334 inc=0.823 bone=0.847 molar=0.530 ep_s=29.5 val_s=107.7
2026-05-10 04:37:04  INFO      Fold 7 ep 221: loss=1.0415  epoch=49.5s  data_wait=5.1s  gpu=44.4s
2026-05-10 04:37:57  INFO      Fold 7 ep 222: loss=1.0212  epoch=52.2s  data_wait=3.8s  gpu=48.3s
2026-05-10 04:38:49  INFO      Fold 7 ep 223: loss=0.9834  epoch=52.3s  data_wait=4.0s  gpu=48.3s
2026-05-10 04:39:42  INFO      Fold 7 ep 224: loss=0.9891  epoch=53.2s  data_wait=4.7s  gpu=48.6s
2026-05-10 04:40:36  INFO      Fold 7 ep 225: loss=0.9603  epoch=53.6s  data_wait=5.1s  gpu=48.5s
2026-05-10 04:40:39  INFO        [Odam-CRE-Hifla-C    ]  imread image   3.1s  shape=(1614, 418, 736)  1986 MB
2026-05-10 04:40:47  INFO        [Odam-CRE-Hifla-C    ]  imread masks   5.5s
2026-05-10 04:40:48  INFO        [Odam-CRE-Hifla-C    ]  load+combine   11.8s total
2026-05-10 04:43:57  INFO      fold=7 ep=225 loss=0.9603 dice=0.8014 inc=0.863 bone=0.901 molar=0.640 ep_s=53.6 val_s=201.4
2026-05-10 04:44:26  INFO      Fold 7 ep 226: loss=0.9965  epoch=28.3s  data_wait=5.3s  gpu=23.0s
2026-05-10 04:44:55  INFO      Fold 7 ep 227: loss=1.0256  epoch=29.2s  data_wait=4.9s  gpu=24.4s
2026-05-10 04:45:24  INFO      Fold 7 ep 228: loss=0.9583  epoch=29.0s  data_wait=4.7s  gpu=24.3s
2026-05-10 04:45:53  INFO      Fold 7 ep 229: loss=0.9715  epoch=29.0s  data_wait=4.7s  gpu=24.3s
2026-05-10 04:46:22  INFO      Fold 7 ep 230: loss=0.9768  epoch=29.2s  data_wait=4.8s  gpu=24.3s
2026-05-10 04:46:25  INFO        [Odam-CRE-Hifla-C    ]  imread image   3.3s  shape=(1614, 418, 736)  1986 MB
2026-05-10 04:46:33  INFO        [Odam-CRE-Hifla-C    ]  imread masks   5.3s
2026-05-10 04:46:34  INFO        [Odam-CRE-Hifla-C    ]  load+combine   11.8s total
2026-05-10 04:48:10  INFO      fold=7 ep=230 loss=0.9768 dice=0.7900 inc=0.871 bone=0.909 molar=0.590 ep_s=29.2 val_s=108.0
2026-05-10 04:48:59  INFO      Fold 7 ep 231: loss=0.9585  epoch=48.1s  data_wait=3.8s  gpu=44.3s
2026-05-10 04:49:51  INFO      Fold 7 ep 232: loss=0.9523  epoch=52.1s  data_wait=3.7s  gpu=48.4s
2026-05-10 04:50:44  INFO      Fold 7 ep 233: loss=0.9552  epoch=53.4s  data_wait=4.9s  gpu=48.5s
2026-05-10 04:51:37  INFO      Fold 7 ep 234: loss=0.9432  epoch=52.8s  data_wait=4.2s  gpu=48.6s
2026-05-10 04:52:31  INFO      Fold 7 ep 235: loss=0.9314  epoch=54.1s  data_wait=5.7s  gpu=48.4s
2026-05-10 04:52:34  INFO        [Odam-CRE-Hifla-C    ]  imread image   3.2s  shape=(1614, 418, 736)  1986 MB
2026-05-10 04:52:42  INFO        [Odam-CRE-Hifla-C    ]  imread masks   5.3s
2026-05-10 04:52:43  INFO        [Odam-CRE-Hifla-C    ]  load+combine   11.8s total
2026-05-10 04:55:52  INFO      fold=7 ep=235 loss=0.9314 dice=0.8096 inc=0.880 bone=0.908 molar=0.641 ep_s=54.1 val_s=201.2
2026-05-10 04:56:21  INFO      Fold 7 ep 236: loss=0.9512  epoch=28.2s  data_wait=5.4s  gpu=22.8s
2026-05-10 04:56:50  INFO      Fold 7 ep 237: loss=0.9506  epoch=29.3s  data_wait=5.0s  gpu=24.4s
2026-05-10 04:57:19  INFO      Fold 7 ep 238: loss=0.9435  epoch=29.0s  data_wait=4.6s  gpu=24.4s
2026-05-10 04:57:48  INFO      Fold 7 ep 239: loss=0.9363  epoch=28.8s  data_wait=4.3s  gpu=24.5s
2026-05-10 04:58:17  INFO      Fold 7 ep 240: loss=0.9503  epoch=29.4s  data_wait=5.0s  gpu=24.5s
2026-05-10 04:58:21  INFO        [Odam-CRE-Hifla-C    ]  imread image   3.5s  shape=(1614, 418, 736)  1986 MB
2026-05-10 04:58:29  INFO        [Odam-CRE-Hifla-C    ]  imread masks   5.3s
2026-05-10 04:58:29  INFO        [Odam-CRE-Hifla-C    ]  load+combine   12.0s total
2026-05-10 05:00:05  INFO      fold=7 ep=240 loss=0.9503 dice=0.8032 inc=0.882 bone=0.908 molar=0.620 ep_s=29.4 val_s=108.0
2026-05-10 05:00:54  INFO      Fold 7 ep 241: loss=0.9334  epoch=48.8s  data_wait=4.5s  gpu=44.3s
2026-05-10 05:01:47  INFO      Fold 7 ep 242: loss=0.9321  epoch=52.5s  data_wait=4.2s  gpu=48.3s
2026-05-10 05:02:40  INFO      Fold 7 ep 243: loss=0.9261  epoch=53.4s  data_wait=4.9s  gpu=48.4s
2026-05-10 05:03:33  INFO      Fold 7 ep 244: loss=0.9987  epoch=52.8s  data_wait=4.3s  gpu=48.4s
2026-05-10 05:04:27  INFO      Fold 7 ep 245: loss=0.9414  epoch=54.0s  data_wait=5.7s  gpu=48.3s
2026-05-10 05:04:30  INFO        [Odam-CRE-Hifla-C    ]  imread image   3.4s  shape=(1614, 418, 736)  1986 MB
2026-05-10 05:04:38  INFO        [Odam-CRE-Hifla-C    ]  imread masks   5.1s
2026-05-10 05:04:39  INFO        [Odam-CRE-Hifla-C    ]  load+combine   11.7s total
2026-05-10 05:07:48  INFO      fold=7 ep=245 loss=0.9414 dice=0.8106 inc=0.877 bone=0.910 molar=0.645 ep_s=54.0 val_s=201.0
2026-05-10 05:08:16  INFO      Fold 7 ep 246: loss=0.8957  epoch=27.4s  data_wait=4.5s  gpu=22.9s
2026-05-10 05:08:45  INFO      Fold 7 ep 247: loss=0.9170  epoch=29.4s  data_wait=4.9s  gpu=24.4s
2026-05-10 05:09:14  INFO      Fold 7 ep 248: loss=0.9520  epoch=29.0s  data_wait=4.6s  gpu=24.4s
2026-05-10 05:09:43  INFO      Fold 7 ep 249: loss=0.8907  epoch=28.9s  data_wait=4.6s  gpu=24.2s
2026-05-10 05:10:12  INFO      Fold 7 ep 250: loss=0.9112  epoch=29.4s  data_wait=5.2s  gpu=24.2s
2026-05-10 05:10:16  INFO        [Odam-CRE-Hifla-C    ]  imread image   3.3s  shape=(1614, 418, 736)  1986 MB
2026-05-10 05:10:23  INFO        [Odam-CRE-Hifla-C    ]  imread masks   5.2s
2026-05-10 05:10:24  INFO        [Odam-CRE-Hifla-C    ]  load+combine   11.6s total
2026-05-10 05:12:00  INFO      fold=7 ep=250 loss=0.9112 dice=0.8094 inc=0.883 bone=0.899 molar=0.646 ep_s=29.4 val_s=107.6
2026-05-10 05:12:49  INFO      Fold 7 ep 251: loss=0.9154  epoch=48.8s  data_wait=4.5s  gpu=44.3s
2026-05-10 05:13:42  INFO      Fold 7 ep 252: loss=0.8984  epoch=53.4s  data_wait=5.1s  gpu=48.3s
2026-05-10 05:14:36  INFO      Fold 7 ep 253: loss=0.8970  epoch=53.5s  data_wait=5.3s  gpu=48.3s
2026-05-10 05:15:29  INFO      Fold 7 ep 254: loss=0.9689  epoch=53.3s  data_wait=4.8s  gpu=48.5s
2026-05-10 05:16:22  INFO      Fold 7 ep 255: loss=0.8816  epoch=52.7s  data_wait=4.3s  gpu=48.3s
2026-05-10 05:16:25  INFO        [Odam-CRE-Hifla-C    ]  imread image   3.2s  shape=(1614, 418, 736)  1986 MB
2026-05-10 05:16:33  INFO        [Odam-CRE-Hifla-C    ]  imread masks   5.4s
2026-05-10 05:16:34  INFO        [Odam-CRE-Hifla-C    ]  load+combine   11.8s total
2026-05-10 05:19:43  INFO      fold=7 ep=255 loss=0.8816 dice=0.8050 inc=0.871 bone=0.888 molar=0.656 ep_s=52.7 val_s=201.4
2026-05-10 05:20:11  INFO      Fold 7 ep 256: loss=0.8790  epoch=27.6s  data_wait=4.7s  gpu=22.9s
2026-05-10 05:20:40  INFO      Fold 7 ep 257: loss=0.8800  epoch=29.0s  data_wait=4.6s  gpu=24.3s
2026-05-10 05:21:10  INFO      Fold 7 ep 258: loss=0.8696  epoch=30.2s  data_wait=5.8s  gpu=24.4s
2026-05-10 05:21:40  INFO      Fold 7 ep 259: loss=0.9058  epoch=29.2s  data_wait=4.8s  gpu=24.4s
2026-05-10 05:22:09  INFO      Fold 7 ep 260: loss=0.9290  epoch=29.4s  data_wait=4.9s  gpu=24.4s
2026-05-10 05:22:12  INFO        [Odam-CRE-Hifla-C    ]  imread image   3.2s  shape=(1614, 418, 736)  1986 MB
2026-05-10 05:22:20  INFO        [Odam-CRE-Hifla-C    ]  imread masks   5.4s
2026-05-10 05:22:21  INFO        [Odam-CRE-Hifla-C    ]  load+combine   11.7s total
2026-05-10 05:23:57  INFO      fold=7 ep=260 loss=0.9290 dice=0.8189 inc=0.896 bone=0.905 molar=0.655 ep_s=29.4 val_s=107.7
2026-05-10 05:24:46  INFO      Fold 7 ep 261: loss=0.9152  epoch=48.9s  data_wait=4.5s  gpu=44.4s
2026-05-10 05:25:39  INFO      Fold 7 ep 262: loss=0.8798  epoch=53.0s  data_wait=4.6s  gpu=48.4s
2026-05-10 05:26:33  INFO      Fold 7 ep 263: loss=0.9079  epoch=53.7s  data_wait=5.3s  gpu=48.5s
2026-05-10 05:27:25  INFO      Fold 7 ep 264: loss=0.9243  epoch=52.9s  data_wait=4.5s  gpu=48.4s
2026-05-10 05:28:19  INFO      Fold 7 ep 265: loss=0.8930  epoch=53.2s  data_wait=5.0s  gpu=48.2s
2026-05-10 05:28:22  INFO        [Odam-CRE-Hifla-C    ]  imread image   3.2s  shape=(1614, 418, 736)  1986 MB
2026-05-10 05:28:30  INFO        [Odam-CRE-Hifla-C    ]  imread masks   5.4s
2026-05-10 05:28:31  INFO        [Odam-CRE-Hifla-C    ]  load+combine   11.8s total
2026-05-10 05:31:40  INFO      fold=7 ep=265 loss=0.8930 dice=0.8202 inc=0.889 bone=0.911 molar=0.660 ep_s=53.2 val_s=201.4
2026-05-10 05:32:09  INFO      Fold 7 ep 266: loss=0.8720  epoch=28.3s  data_wait=5.5s  gpu=22.9s
2026-05-10 05:32:38  INFO      Fold 7 ep 267: loss=0.9048  epoch=28.9s  data_wait=4.6s  gpu=24.3s
2026-05-10 05:33:07  INFO      Fold 7 ep 268: loss=0.8517  epoch=29.6s  data_wait=5.2s  gpu=24.4s
2026-05-10 05:33:36  INFO      Fold 7 ep 269: loss=0.9083  epoch=28.4s  data_wait=4.0s  gpu=24.3s
2026-05-10 05:34:05  INFO      Fold 7 ep 270: loss=0.8996  epoch=29.6s  data_wait=5.2s  gpu=24.4s
2026-05-10 05:34:08  INFO        [Odam-CRE-Hifla-C    ]  imread image   3.2s  shape=(1614, 418, 736)  1986 MB
2026-05-10 05:34:17  INFO        [Odam-CRE-Hifla-C    ]  imread masks   5.4s
2026-05-10 05:34:17  INFO        [Odam-CRE-Hifla-C    ]  load+combine   11.9s total
2026-05-10 05:35:53  INFO      fold=7 ep=270 loss=0.8996 dice=0.8269 inc=0.898 bone=0.909 molar=0.673 ep_s=29.6 val_s=107.8
2026-05-10 05:36:42  INFO      Fold 7 ep 271: loss=0.8830  epoch=48.2s  data_wait=4.0s  gpu=44.3s
2026-05-10 05:37:35  INFO      Fold 7 ep 272: loss=0.8888  epoch=53.5s  data_wait=5.2s  gpu=48.3s
2026-05-10 05:38:29  INFO      Fold 7 ep 273: loss=0.8750  epoch=53.6s  data_wait=5.2s  gpu=48.4s
2026-05-10 05:39:23  INFO      Fold 7 ep 274: loss=0.9138  epoch=54.0s  data_wait=5.5s  gpu=48.5s
2026-05-10 05:40:17  INFO      Fold 7 ep 275: loss=0.8844  epoch=53.7s  data_wait=5.2s  gpu=48.5s
2026-05-10 05:40:20  INFO        [Odam-CRE-Hifla-C    ]  imread image   3.2s  shape=(1614, 418, 736)  1986 MB
2026-05-10 05:40:28  INFO        [Odam-CRE-Hifla-C    ]  imread masks   5.3s
2026-05-10 05:40:28  INFO        [Odam-CRE-Hifla-C    ]  load+combine   11.8s total
2026-05-10 05:43:38  INFO      fold=7 ep=275 loss=0.8844 dice=0.8264 inc=0.895 bone=0.909 molar=0.676 ep_s=53.7 val_s=201.4
2026-05-10 05:44:05  INFO      Fold 7 ep 276: loss=0.8794  epoch=27.3s  data_wait=4.4s  gpu=23.0s
2026-05-10 05:44:35  INFO      Fold 7 ep 277: loss=0.8435  epoch=29.8s  data_wait=5.3s  gpu=24.4s
2026-05-10 05:45:03  INFO      Fold 7 ep 278: loss=0.8217  epoch=28.1s  data_wait=3.9s  gpu=24.2s
2026-05-10 05:45:33  INFO      Fold 7 ep 279: loss=0.8931  epoch=29.4s  data_wait=5.1s  gpu=24.4s
2026-05-10 05:46:00  INFO      Fold 7 ep 280: loss=0.8577  epoch=27.6s  data_wait=3.4s  gpu=24.2s
2026-05-10 05:46:04  INFO        [Odam-CRE-Hifla-C    ]  imread image   3.4s  shape=(1614, 418, 736)  1986 MB
2026-05-10 05:46:11  INFO        [Odam-CRE-Hifla-C    ]  imread masks   5.1s
2026-05-10 05:46:12  INFO        [Odam-CRE-Hifla-C    ]  load+combine   11.7s total
2026-05-10 05:47:48  INFO      fold=7 ep=280 loss=0.8577 dice=0.8287 inc=0.889 bone=0.908 molar=0.689 ep_s=27.6 val_s=107.6
2026-05-10 05:48:37  INFO      Fold 7 ep 281: loss=0.8662  epoch=48.8s  data_wait=4.5s  gpu=44.3s
2026-05-10 05:49:31  INFO      Fold 7 ep 282: loss=0.8692  epoch=53.5s  data_wait=4.9s  gpu=48.6s
2026-05-10 05:50:24  INFO      Fold 7 ep 283: loss=0.8702  epoch=53.1s  data_wait=4.7s  gpu=48.4s
2026-05-10 05:51:17  INFO      Fold 7 ep 284: loss=0.8969  epoch=53.5s  data_wait=5.1s  gpu=48.4s
2026-05-10 05:52:10  INFO      Fold 7 ep 285: loss=0.8989  epoch=52.8s  data_wait=4.4s  gpu=48.4s
2026-05-10 05:52:13  INFO        [Odam-CRE-Hifla-C    ]  imread image   3.3s  shape=(1614, 418, 736)  1986 MB
2026-05-10 05:52:21  INFO        [Odam-CRE-Hifla-C    ]  imread masks   5.2s
2026-05-10 05:52:22  INFO        [Odam-CRE-Hifla-C    ]  load+combine   11.7s total
2026-05-10 05:55:31  INFO      fold=7 ep=285 loss=0.8989 dice=0.8225 inc=0.893 bone=0.904 molar=0.670 ep_s=52.8 val_s=201.3
2026-05-10 05:56:00  INFO      Fold 7 ep 286: loss=0.8490  epoch=28.3s  data_wait=5.6s  gpu=22.7s
2026-05-10 05:56:30  INFO      Fold 7 ep 287: loss=0.9032  epoch=30.0s  data_wait=5.6s  gpu=24.4s
2026-05-10 05:56:59  INFO      Fold 7 ep 288: loss=0.8869  epoch=29.6s  data_wait=5.2s  gpu=24.4s
2026-05-10 05:57:29  INFO      Fold 7 ep 289: loss=0.8764  epoch=29.8s  data_wait=5.5s  gpu=24.3s
2026-05-10 05:57:59  INFO      Fold 7 ep 290: loss=0.9101  epoch=30.0s  data_wait=5.5s  gpu=24.5s
2026-05-10 05:58:03  INFO        [Odam-CRE-Hifla-C    ]  imread image   3.2s  shape=(1614, 418, 736)  1986 MB
2026-05-10 05:58:10  INFO        [Odam-CRE-Hifla-C    ]  imread masks   5.3s
2026-05-10 05:58:11  INFO        [Odam-CRE-Hifla-C    ]  load+combine   11.6s total
2026-05-10 05:59:47  INFO      fold=7 ep=290 loss=0.9101 dice=0.8176 inc=0.894 bone=0.903 molar=0.657 ep_s=30.0 val_s=107.5
2026-05-10 06:00:37  INFO      Fold 7 ep 291: loss=0.8596  epoch=50.1s  data_wait=5.6s  gpu=44.5s
2026-05-10 06:01:31  INFO      Fold 7 ep 292: loss=0.8632  epoch=53.4s  data_wait=4.9s  gpu=48.5s
2026-05-10 06:02:24  INFO      Fold 7 ep 293: loss=0.8611  epoch=53.1s  data_wait=4.7s  gpu=48.4s
2026-05-10 06:03:17  INFO      Fold 7 ep 294: loss=0.8402  epoch=53.1s  data_wait=4.8s  gpu=48.3s
2026-05-10 06:04:10  INFO      Fold 7 ep 295: loss=0.8945  epoch=53.3s  data_wait=5.0s  gpu=48.4s
2026-05-10 06:04:13  INFO        [Odam-CRE-Hifla-C    ]  imread image   3.2s  shape=(1614, 418, 736)  1986 MB
2026-05-10 06:04:21  INFO        [Odam-CRE-Hifla-C    ]  imread masks   5.4s
2026-05-10 06:04:22  INFO        [Odam-CRE-Hifla-C    ]  load+combine   11.9s total
2026-05-10 06:07:31  INFO      fold=7 ep=295 loss=0.8945 dice=0.8222 inc=0.893 bone=0.904 molar=0.669 ep_s=53.3 val_s=201.4
2026-05-10 06:08:00  INFO      Fold 7 ep 296: loss=0.9012  epoch=28.2s  data_wait=5.4s  gpu=22.8s
2026-05-10 06:08:28  INFO      Fold 7 ep 297: loss=0.8843  epoch=27.9s  data_wait=3.7s  gpu=24.2s
2026-05-10 06:08:57  INFO      Fold 7 ep 298: loss=0.8708  epoch=29.4s  data_wait=5.1s  gpu=24.3s
2026-05-10 06:09:26  INFO      Fold 7 ep 299: loss=0.8910  epoch=29.2s  data_wait=4.9s  gpu=24.4s
2026-05-10 06:09:55  INFO      Fold 7 ep 300: loss=0.8862  epoch=28.2s  data_wait=3.9s  gpu=24.3s
2026-05-10 06:09:58  INFO        [Odam-CRE-Hifla-C    ]  imread image   3.2s  shape=(1614, 418, 736)  1986 MB
2026-05-10 06:10:06  INFO        [Odam-CRE-Hifla-C    ]  imread masks   5.4s
2026-05-10 06:10:06  INFO        [Odam-CRE-Hifla-C    ]  load+combine   11.8s total
2026-05-10 06:11:42  INFO      fold=7 ep=300 loss=0.8862 dice=0.8222 inc=0.893 bone=0.905 molar=0.669 ep_s=28.2 val_s=107.9
2026-05-10 06:11:47  INFO      Fold 8: loading 8 training samples into RAM...
2026-05-10 06:11:49  INFO        Loaded Cont1_5               shape=(1, 1444, 343, 530)  1313 MB  1.1s
2026-05-10 06:11:50  INFO        Loaded Frag_4                shape=(1, 1484, 441, 490)  1603 MB  1.5s
2026-05-10 06:11:53  INFO        Loaded Odam-CRE-A            shape=(1, 1421, 495, 855)  3007 MB  2.8s
2026-05-10 06:11:55  INFO        Loaded Odam-CRE-B            shape=(1, 1571, 464, 821)  2992 MB  2.4s
2026-05-10 06:11:57  INFO        Loaded Odam-CRE-C            shape=(1, 1353, 406, 820)  2252 MB  2.2s
2026-05-10 06:12:01  INFO        Loaded Odam-CRE-Hifla-A      shape=(1, 1469, 472, 846)  2933 MB  3.2s
2026-05-10 06:12:04  INFO        Loaded Odam-CRE-Hifla-B      shape=(1, 1471, 486, 818)  2924 MB  2.8s
2026-05-10 06:12:06  INFO        Loaded Odam-CRE-Hifla-C      shape=(1, 1630, 434, 752)  2660 MB  2.7s
2026-05-10 06:12:06  INFO      All 8 samples in RAM  total=19684 MB  18.8s
2026-05-10 06:12:06  INFO      Fold 8: dataset ready  items=8  load=18.9s
2026-05-10 06:12:06  INFO      Fold 8: starting fresh | val=P27RKO_8um_2K__reoriented | params=4,743,653
2026-05-10 06:12:06  INFO      Fold 8: entering training loop  start_epoch=0
2026-05-10 06:12:11  INFO      Fold 8 ep 1: first batch  wait=4.5s  shape=[48, 1, 96, 96, 96]
2026-05-10 06:12:26  INFO      Fold 8 ep 1: loss=2.2889  epoch=19.4s  data_wait=10.7s  gpu=8.7s
2026-05-10 06:12:46  INFO      Fold 8 ep 2: loss=2.0825  epoch=20.1s  data_wait=16.5s  gpu=3.6s
2026-05-10 06:13:05  INFO      Fold 8 ep 3: loss=1.9727  epoch=19.1s  data_wait=15.7s  gpu=3.4s
2026-05-10 06:13:25  INFO      Fold 8 ep 4: loss=1.9107  epoch=19.9s  data_wait=17.3s  gpu=2.6s
2026-05-10 06:13:43  INFO      Fold 8 ep 5: loss=1.8993  epoch=18.1s  data_wait=15.8s  gpu=2.3s
2026-05-10 06:13:46  INFO        [P27RKO_8um_2K__reoriented]  imread image   3.4s  shape=(1534, 229, 656)  922 MB
2026-05-10 06:13:51  INFO        [P27RKO_8um_2K__reoriented]  imread masks   3.8s
2026-05-10 06:13:52  INFO        [P27RKO_8um_2K__reoriented]  load+combine   8.8s total
2026-05-10 06:14:04  INFO      fold=8 ep=5 loss=1.8993 dice=0.0179 inc=0.008 bone=0.001 molar=0.045 ep_s=18.1 val_s=20.8
2026-05-10 06:14:23  INFO      Fold 8 ep 6: loss=1.8603  epoch=19.1s  data_wait=16.7s  gpu=2.4s
2026-05-10 06:14:42  INFO      Fold 8 ep 7: loss=1.8324  epoch=19.3s  data_wait=16.9s  gpu=2.3s
2026-05-10 06:15:02  INFO      Fold 8 ep 8: loss=1.8516  epoch=19.9s  data_wait=17.5s  gpu=2.4s
2026-05-10 06:15:20  INFO      Fold 8 ep 9: loss=1.8359  epoch=17.6s  data_wait=15.5s  gpu=2.1s
2026-05-10 06:15:38  INFO      Fold 8 ep 10: loss=1.8057  epoch=17.6s  data_wait=15.5s  gpu=2.1s
2026-05-10 06:15:40  INFO        [P27RKO_8um_2K__reoriented]  imread image   2.0s  shape=(1534, 229, 656)  922 MB
2026-05-10 06:15:45  INFO        [P27RKO_8um_2K__reoriented]  imread masks   3.7s
2026-05-10 06:15:45  INFO        [P27RKO_8um_2K__reoriented]  load+combine   7.1s total
2026-05-10 06:15:47  INFO      fold=8 ep=10 loss=1.8057 dice=0.0162 inc=0.001 bone=0.000 molar=0.047 ep_s=17.6 val_s=9.4
2026-05-10 06:16:08  INFO      Fold 8 ep 11: loss=1.7909  epoch=20.5s  data_wait=18.1s  gpu=2.4s
2026-05-10 06:16:27  INFO      Fold 8 ep 12: loss=1.7934  epoch=19.4s  data_wait=17.3s  gpu=2.2s
2026-05-10 06:16:46  INFO      Fold 8 ep 13: loss=1.7677  epoch=19.0s  data_wait=16.8s  gpu=2.1s
2026-05-10 06:17:06  INFO      Fold 8 ep 14: loss=1.7996  epoch=19.4s  data_wait=17.1s  gpu=2.3s
2026-05-10 06:17:25  INFO      Fold 8 ep 15: loss=1.7739  epoch=19.3s  data_wait=16.9s  gpu=2.4s
2026-05-10 06:17:27  INFO        [P27RKO_8um_2K__reoriented]  imread image   2.0s  shape=(1534, 229, 656)  922 MB
2026-05-10 06:17:32  INFO        [P27RKO_8um_2K__reoriented]  imread masks   3.7s
2026-05-10 06:17:32  INFO        [P27RKO_8um_2K__reoriented]  load+combine   7.2s total
2026-05-10 06:17:35  INFO      fold=8 ep=15 loss=1.7739 dice=0.0206 inc=0.013 bone=0.002 molar=0.047 ep_s=19.3 val_s=9.4
2026-05-10 06:17:54  INFO      Fold 8 ep 16: loss=1.7609  epoch=18.9s  data_wait=16.5s  gpu=2.4s
2026-05-10 06:18:13  INFO      Fold 8 ep 17: loss=1.7553  epoch=19.5s  data_wait=17.2s  gpu=2.3s
2026-05-10 06:18:32  INFO      Fold 8 ep 18: loss=1.7593  epoch=18.9s  data_wait=16.8s  gpu=2.1s
2026-05-10 06:18:52  INFO      Fold 8 ep 19: loss=1.7397  epoch=19.7s  data_wait=17.4s  gpu=2.3s
2026-05-10 06:19:11  INFO      Fold 8 ep 20: loss=1.7390  epoch=19.2s  data_wait=16.9s  gpu=2.2s
2026-05-10 06:19:13  INFO        [P27RKO_8um_2K__reoriented]  imread image   2.0s  shape=(1534, 229, 656)  922 MB
2026-05-10 06:19:17  INFO        [P27RKO_8um_2K__reoriented]  imread masks   2.8s
2026-05-10 06:19:17  INFO        [P27RKO_8um_2K__reoriented]  load+combine   6.3s total
2026-05-10 06:19:20  INFO      fold=8 ep=20 loss=1.7390 dice=0.0363 inc=0.012 bone=0.029 molar=0.068 ep_s=19.2 val_s=8.5
2026-05-10 06:19:40  INFO      Fold 8 ep 21: loss=1.7019  epoch=20.4s  data_wait=18.2s  gpu=2.1s
2026-05-10 06:20:00  INFO      Fold 8 ep 22: loss=1.7316  epoch=19.7s  data_wait=17.6s  gpu=2.2s
2026-05-10 06:20:18  INFO      Fold 8 ep 23: loss=1.7199  epoch=18.0s  data_wait=15.8s  gpu=2.2s
2026-05-10 06:20:39  INFO      Fold 8 ep 24: loss=1.7342  epoch=20.7s  data_wait=18.3s  gpu=2.4s
2026-05-10 06:20:59  INFO      Fold 8 ep 25: loss=1.6719  epoch=20.7s  data_wait=18.3s  gpu=2.3s
2026-05-10 06:21:01  INFO        [P27RKO_8um_2K__reoriented]  imread image   2.0s  shape=(1534, 229, 656)  922 MB
2026-05-10 06:21:06  INFO        [P27RKO_8um_2K__reoriented]  imread masks   3.7s
2026-05-10 06:21:07  INFO        [P27RKO_8um_2K__reoriented]  load+combine   7.2s total
2026-05-10 06:21:09  INFO      fold=8 ep=25 loss=1.6719 dice=0.1173 inc=0.019 bone=0.217 molar=0.116 ep_s=20.7 val_s=9.5
2026-05-10 06:21:28  INFO      Fold 8 ep 26: loss=1.6783  epoch=18.4s  data_wait=16.0s  gpu=2.3s
2026-05-10 06:21:47  INFO      Fold 8 ep 27: loss=1.6795  epoch=19.4s  data_wait=17.2s  gpu=2.2s
2026-05-10 06:22:07  INFO      Fold 8 ep 28: loss=1.6555  epoch=19.6s  data_wait=17.4s  gpu=2.2s
2026-05-10 06:22:27  INFO      Fold 8 ep 29: loss=1.6372  epoch=20.2s  data_wait=17.9s  gpu=2.3s
2026-05-10 06:22:45  INFO      Fold 8 ep 30: loss=1.6631  epoch=18.1s  data_wait=15.8s  gpu=2.3s
2026-05-10 06:22:47  INFO        [P27RKO_8um_2K__reoriented]  imread image   2.1s  shape=(1534, 229, 656)  922 MB
2026-05-10 06:22:52  INFO        [P27RKO_8um_2K__reoriented]  imread masks   3.6s
2026-05-10 06:22:52  INFO        [P27RKO_8um_2K__reoriented]  load+combine   7.2s total
2026-05-10 06:22:54  INFO      fold=8 ep=30 loss=1.6631 dice=0.1373 inc=0.014 bone=0.277 molar=0.121 ep_s=18.1 val_s=9.4
2026-05-10 06:23:15  INFO      Fold 8 ep 31: loss=1.6167  epoch=19.9s  data_wait=17.6s  gpu=2.3s
2026-05-10 06:23:33  INFO      Fold 8 ep 32: loss=1.6061  epoch=18.6s  data_wait=16.4s  gpu=2.2s
2026-05-10 06:23:52  INFO      Fold 8 ep 33: loss=1.6223  epoch=19.3s  data_wait=17.1s  gpu=2.1s
2026-05-10 06:24:12  INFO      Fold 8 ep 34: loss=1.6145  epoch=19.4s  data_wait=17.1s  gpu=2.3s
2026-05-10 06:24:32  INFO      Fold 8 ep 35: loss=1.6042  epoch=20.2s  data_wait=18.0s  gpu=2.2s
2026-05-10 06:24:34  INFO        [P27RKO_8um_2K__reoriented]  imread image   2.0s  shape=(1534, 229, 656)  922 MB
2026-05-10 06:24:39  INFO        [P27RKO_8um_2K__reoriented]  imread masks   3.7s
2026-05-10 06:24:39  INFO        [P27RKO_8um_2K__reoriented]  load+combine   7.2s total
2026-05-10 06:24:41  INFO      fold=8 ep=35 loss=1.6042 dice=0.1072 inc=0.015 bone=0.150 molar=0.156 ep_s=20.2 val_s=9.3
2026-05-10 06:25:01  INFO      Fold 8 ep 36: loss=1.5741  epoch=19.7s  data_wait=17.3s  gpu=2.5s
2026-05-10 06:25:21  INFO      Fold 8 ep 37: loss=1.5823  epoch=19.4s  data_wait=17.2s  gpu=2.2s
2026-05-10 06:25:40  INFO      Fold 8 ep 38: loss=1.5789  epoch=19.8s  data_wait=17.7s  gpu=2.1s
2026-05-10 06:26:01  INFO      Fold 8 ep 39: loss=1.5853  epoch=20.8s  data_wait=18.6s  gpu=2.2s
2026-05-10 06:26:21  INFO      Fold 8 ep 40: loss=1.5847  epoch=19.6s  data_wait=17.4s  gpu=2.2s
2026-05-10 06:26:23  INFO        [P27RKO_8um_2K__reoriented]  imread image   2.0s  shape=(1534, 229, 656)  922 MB
2026-05-10 06:26:27  INFO        [P27RKO_8um_2K__reoriented]  imread masks   3.6s
2026-05-10 06:26:28  INFO        [P27RKO_8um_2K__reoriented]  load+combine   7.1s total
2026-05-10 06:26:30  INFO      fold=8 ep=40 loss=1.5847 dice=0.2440 inc=0.017 bone=0.539 molar=0.176 ep_s=19.6 val_s=9.3
2026-05-10 06:26:51  INFO      Fold 8 ep 41: loss=1.5553  epoch=20.5s  data_wait=18.2s  gpu=2.3s
2026-05-10 06:27:11  INFO      Fold 8 ep 42: loss=1.6275  epoch=20.2s  data_wait=17.9s  gpu=2.3s
2026-05-10 06:27:31  INFO      Fold 8 ep 43: loss=1.5735  epoch=20.0s  data_wait=17.8s  gpu=2.1s
2026-05-10 06:27:50  INFO      Fold 8 ep 44: loss=1.5838  epoch=19.3s  data_wait=17.0s  gpu=2.2s
2026-05-10 06:28:10  INFO      Fold 8 ep 45: loss=1.5557  epoch=20.0s  data_wait=17.8s  gpu=2.2s
2026-05-10 06:28:12  INFO        [P27RKO_8um_2K__reoriented]  imread image   2.0s  shape=(1534, 229, 656)  922 MB
2026-05-10 06:28:17  INFO        [P27RKO_8um_2K__reoriented]  imread masks   3.5s
2026-05-10 06:28:17  INFO        [P27RKO_8um_2K__reoriented]  load+combine   7.0s total
2026-05-10 06:28:19  INFO      fold=8 ep=45 loss=1.5557 dice=0.2288 inc=0.178 bone=0.330 molar=0.178 ep_s=20.0 val_s=9.2
2026-05-10 06:28:41  INFO      Fold 8 ep 46: loss=1.5529  epoch=21.0s  data_wait=18.7s  gpu=2.3s
2026-05-10 06:29:00  INFO      Fold 8 ep 47: loss=1.5608  epoch=19.1s  data_wait=16.8s  gpu=2.3s
2026-05-10 06:29:18  INFO      Fold 8 ep 48: loss=1.5631  epoch=18.7s  data_wait=16.3s  gpu=2.4s
2026-05-10 06:29:37  INFO      Fold 8 ep 49: loss=1.5535  epoch=19.0s  data_wait=16.8s  gpu=2.2s
2026-05-10 06:29:56  INFO      Fold 8 ep 50: loss=1.6063  epoch=18.5s  data_wait=16.3s  gpu=2.2s
2026-05-10 06:29:58  INFO        [P27RKO_8um_2K__reoriented]  imread image   1.8s  shape=(1534, 229, 656)  922 MB
2026-05-10 06:30:02  INFO        [P27RKO_8um_2K__reoriented]  imread masks   3.6s
2026-05-10 06:30:03  INFO        [P27RKO_8um_2K__reoriented]  load+combine   6.9s total
2026-05-10 06:30:05  INFO      fold=8 ep=50 loss=1.6063 dice=0.1748 inc=0.003 bone=0.353 molar=0.168 ep_s=18.5 val_s=9.0
2026-05-10 06:30:26  INFO      Fold 8 ep 51: loss=1.5437  epoch=20.6s  data_wait=17.9s  gpu=2.7s
2026-05-10 06:30:46  INFO      Fold 8 ep 52: loss=1.5363  epoch=20.5s  data_wait=18.3s  gpu=2.2s
2026-05-10 06:31:06  INFO      Fold 8 ep 53: loss=1.5610  epoch=20.2s  data_wait=18.1s  gpu=2.1s
2026-05-10 06:31:25  INFO      Fold 8 ep 54: loss=1.5873  epoch=18.6s  data_wait=16.4s  gpu=2.2s
2026-05-10 06:31:44  INFO      Fold 8 ep 55: loss=1.5486  epoch=18.8s  data_wait=16.6s  gpu=2.2s
2026-05-10 06:31:46  INFO        [P27RKO_8um_2K__reoriented]  imread image   2.1s  shape=(1534, 229, 656)  922 MB
2026-05-10 06:31:51  INFO        [P27RKO_8um_2K__reoriented]  imread masks   3.7s
2026-05-10 06:31:51  INFO        [P27RKO_8um_2K__reoriented]  load+combine   7.2s total
2026-05-10 06:31:53  INFO      fold=8 ep=55 loss=1.5486 dice=0.2745 inc=0.024 bone=0.592 molar=0.208 ep_s=18.8 val_s=9.5
2026-05-10 06:32:12  INFO      Fold 8 ep 56: loss=1.5405  epoch=18.2s  data_wait=15.8s  gpu=2.4s
2026-05-10 06:32:31  INFO      Fold 8 ep 57: loss=1.5456  epoch=18.7s  data_wait=16.5s  gpu=2.2s
2026-05-10 06:32:49  INFO      Fold 8 ep 58: loss=1.5067  epoch=18.8s  data_wait=16.7s  gpu=2.2s
2026-05-10 06:33:08  INFO      Fold 8 ep 59: loss=1.5494  epoch=19.1s  data_wait=16.6s  gpu=2.4s
2026-05-10 06:33:28  INFO      Fold 8 ep 60: loss=1.5460  epoch=19.8s  data_wait=17.5s  gpu=2.3s
2026-05-10 06:33:30  INFO        [P27RKO_8um_2K__reoriented]  imread image   2.0s  shape=(1534, 229, 656)  922 MB
2026-05-10 06:33:34  INFO        [P27RKO_8um_2K__reoriented]  imread masks   3.1s
2026-05-10 06:33:35  INFO        [P27RKO_8um_2K__reoriented]  load+combine   6.6s total
2026-05-10 06:33:37  INFO      fold=8 ep=60 loss=1.5460 dice=0.2430 inc=0.021 bone=0.507 molar=0.200 ep_s=19.8 val_s=8.8
2026-05-10 06:33:58  INFO      Fold 8 ep 61: loss=1.5628  epoch=21.3s  data_wait=18.6s  gpu=2.6s
2026-05-10 06:34:18  INFO      Fold 8 ep 62: loss=1.5109  epoch=19.9s  data_wait=17.8s  gpu=2.2s
2026-05-10 06:34:37  INFO      Fold 8 ep 63: loss=1.5059  epoch=18.6s  data_wait=16.5s  gpu=2.0s
2026-05-10 06:34:55  INFO      Fold 8 ep 64: loss=1.5163  epoch=17.9s  data_wait=15.9s  gpu=2.1s
2026-05-10 06:35:13  INFO      Fold 8 ep 65: loss=1.5284  epoch=17.6s  data_wait=15.3s  gpu=2.3s
2026-05-10 06:35:15  INFO        [P27RKO_8um_2K__reoriented]  imread image   2.0s  shape=(1534, 229, 656)  922 MB
2026-05-10 06:35:19  INFO        [P27RKO_8um_2K__reoriented]  imread masks   3.7s
2026-05-10 06:35:20  INFO        [P27RKO_8um_2K__reoriented]  load+combine   7.1s total
2026-05-10 06:35:22  INFO      fold=8 ep=65 loss=1.5284 dice=0.2522 inc=0.026 bone=0.495 molar=0.235 ep_s=17.6 val_s=9.4
2026-05-10 06:35:39  INFO      Fold 8 ep 66: loss=1.4791  epoch=17.1s  data_wait=14.9s  gpu=2.3s
2026-05-10 06:35:57  INFO      Fold 8 ep 67: loss=1.4922  epoch=18.2s  data_wait=16.0s  gpu=2.3s
2026-05-10 06:36:17  INFO      Fold 8 ep 68: loss=1.5104  epoch=20.0s  data_wait=17.7s  gpu=2.3s
2026-05-10 06:36:37  INFO      Fold 8 ep 69: loss=1.5014  epoch=19.8s  data_wait=17.6s  gpu=2.2s
2026-05-10 06:36:57  INFO      Fold 8 ep 70: loss=1.4955  epoch=19.6s  data_wait=17.4s  gpu=2.2s
2026-05-10 06:36:59  INFO        [P27RKO_8um_2K__reoriented]  imread image   1.7s  shape=(1534, 229, 656)  922 MB
2026-05-10 06:37:03  INFO        [P27RKO_8um_2K__reoriented]  imread masks   3.5s
2026-05-10 06:37:03  INFO        [P27RKO_8um_2K__reoriented]  load+combine   6.5s total
2026-05-10 06:37:06  INFO      fold=8 ep=70 loss=1.4955 dice=0.2651 inc=0.016 bone=0.517 molar=0.262 ep_s=19.6 val_s=8.7
2026-05-10 06:37:25  INFO      Fold 8 ep 71: loss=1.4701  epoch=19.4s  data_wait=17.1s  gpu=2.3s
2026-05-10 06:37:45  INFO      Fold 8 ep 72: loss=1.4764  epoch=19.8s  data_wait=17.6s  gpu=2.2s
2026-05-10 06:38:03  INFO      Fold 8 ep 73: loss=1.4686  epoch=18.1s  data_wait=15.9s  gpu=2.2s
2026-05-10 06:38:22  INFO      Fold 8 ep 74: loss=1.4914  epoch=18.8s  data_wait=16.4s  gpu=2.4s
2026-05-10 06:38:41  INFO      Fold 8 ep 75: loss=1.4607  epoch=19.3s  data_wait=17.1s  gpu=2.1s
2026-05-10 06:38:43  INFO        [P27RKO_8um_2K__reoriented]  imread image   1.8s  shape=(1534, 229, 656)  922 MB
2026-05-10 06:38:47  INFO        [P27RKO_8um_2K__reoriented]  imread masks   3.3s
2026-05-10 06:38:48  INFO        [P27RKO_8um_2K__reoriented]  load+combine   6.5s total
2026-05-10 06:38:50  INFO      fold=8 ep=75 loss=1.4607 dice=0.2196 inc=0.003 bone=0.464 molar=0.191 ep_s=19.3 val_s=8.6
2026-05-10 06:39:08  INFO      Fold 8 ep 76: loss=1.4863  epoch=18.0s  data_wait=15.8s  gpu=2.2s
2026-05-10 06:39:27  INFO      Fold 8 ep 77: loss=1.4642  epoch=19.5s  data_wait=17.2s  gpu=2.3s
2026-05-10 06:39:46  INFO      Fold 8 ep 78: loss=1.4634  epoch=18.8s  data_wait=16.5s  gpu=2.3s
2026-05-10 06:40:04  INFO      Fold 8 ep 79: loss=1.4316  epoch=17.8s  data_wait=15.3s  gpu=2.4s
2026-05-10 06:40:23  INFO      Fold 8 ep 80: loss=1.4222  epoch=19.3s  data_wait=17.1s  gpu=2.2s
2026-05-10 06:40:25  INFO        [P27RKO_8um_2K__reoriented]  imread image   1.8s  shape=(1534, 229, 656)  922 MB
2026-05-10 06:40:29  INFO        [P27RKO_8um_2K__reoriented]  imread masks   3.3s
2026-05-10 06:40:30  INFO        [P27RKO_8um_2K__reoriented]  load+combine   6.5s total
2026-05-10 06:40:32  INFO      fold=8 ep=80 loss=1.4222 dice=0.2348 inc=0.005 bone=0.476 molar=0.224 ep_s=19.3 val_s=8.7
2026-05-10 06:40:53  INFO      Fold 8 ep 81: loss=1.4534  epoch=20.6s  data_wait=18.4s  gpu=2.2s
2026-05-10 06:41:11  INFO      Fold 8 ep 82: loss=1.4270  epoch=18.0s  data_wait=15.9s  gpu=2.1s
2026-05-10 06:41:30  INFO      Fold 8 ep 83: loss=1.4230  epoch=19.3s  data_wait=16.9s  gpu=2.4s
2026-05-10 06:41:49  INFO      Fold 8 ep 84: loss=1.4203  epoch=18.7s  data_wait=16.3s  gpu=2.4s
2026-05-10 06:42:09  INFO      Fold 8 ep 85: loss=1.4788  epoch=20.0s  data_wait=17.8s  gpu=2.2s
2026-05-10 06:42:11  INFO        [P27RKO_8um_2K__reoriented]  imread image   1.8s  shape=(1534, 229, 656)  922 MB
2026-05-10 06:42:15  INFO        [P27RKO_8um_2K__reoriented]  imread masks   3.2s
2026-05-10 06:42:15  INFO        [P27RKO_8um_2K__reoriented]  load+combine   6.4s total
2026-05-10 06:42:17  INFO      fold=8 ep=85 loss=1.4788 dice=0.2614 inc=0.003 bone=0.572 molar=0.210 ep_s=20.0 val_s=8.7
2026-05-10 06:42:36  INFO      Fold 8 ep 86: loss=1.4088  epoch=18.0s  data_wait=15.9s  gpu=2.1s
2026-05-10 06:42:55  INFO      Fold 8 ep 87: loss=1.4619  epoch=19.3s  data_wait=17.1s  gpu=2.2s
2026-05-10 06:43:14  INFO      Fold 8 ep 88: loss=1.4886  epoch=19.0s  data_wait=16.8s  gpu=2.2s
2026-05-10 06:43:34  INFO      Fold 8 ep 89: loss=1.5120  epoch=20.0s  data_wait=17.8s  gpu=2.3s
2026-05-10 06:43:53  INFO      Fold 8 ep 90: loss=1.4695  epoch=19.0s  data_wait=16.8s  gpu=2.2s
2026-05-10 06:43:55  INFO        [P27RKO_8um_2K__reoriented]  imread image   1.9s  shape=(1534, 229, 656)  922 MB
2026-05-10 06:43:59  INFO        [P27RKO_8um_2K__reoriented]  imread masks   3.3s
2026-05-10 06:44:00  INFO        [P27RKO_8um_2K__reoriented]  load+combine   6.6s total
2026-05-10 06:44:02  INFO      fold=8 ep=90 loss=1.4695 dice=0.2054 inc=0.006 bone=0.424 molar=0.186 ep_s=19.0 val_s=8.8
2026-05-10 06:44:22  INFO      Fold 8 ep 91: loss=1.4487  epoch=19.7s  data_wait=17.2s  gpu=2.5s
2026-05-10 06:44:43  INFO      Fold 8 ep 92: loss=1.4448  epoch=21.5s  data_wait=19.3s  gpu=2.2s
2026-05-10 06:45:03  INFO      Fold 8 ep 93: loss=1.4061  epoch=19.9s  data_wait=17.5s  gpu=2.4s
2026-05-10 06:45:24  INFO      Fold 8 ep 94: loss=1.4403  epoch=21.0s  data_wait=18.3s  gpu=2.6s
2026-05-10 06:45:45  INFO      Fold 8 ep 95: loss=1.4597  epoch=20.7s  data_wait=18.5s  gpu=2.3s
2026-05-10 06:45:47  INFO        [P27RKO_8um_2K__reoriented]  imread image   1.8s  shape=(1534, 229, 656)  922 MB
2026-05-10 06:45:51  INFO        [P27RKO_8um_2K__reoriented]  imread masks   3.5s
2026-05-10 06:45:51  INFO        [P27RKO_8um_2K__reoriented]  load+combine   6.7s total
2026-05-10 06:45:54  INFO      fold=8 ep=95 loss=1.4597 dice=0.2570 inc=0.001 bone=0.559 molar=0.211 ep_s=20.7 val_s=8.8
2026-05-10 06:46:13  INFO      Fold 8 ep 96: loss=1.4055  epoch=19.0s  data_wait=16.7s  gpu=2.3s
2026-05-10 06:46:34  INFO      Fold 8 ep 97: loss=1.3968  epoch=20.9s  data_wait=18.7s  gpu=2.2s
2026-05-10 06:46:51  INFO      Fold 8 ep 98: loss=1.4316  epoch=17.0s  data_wait=14.8s  gpu=2.2s
2026-05-10 06:47:09  INFO      Fold 8 ep 99: loss=1.4527  epoch=18.2s  data_wait=15.8s  gpu=2.4s
2026-05-10 06:47:26  INFO      Fold 8 ep 100: loss=1.4250  epoch=17.2s  data_wait=14.9s  gpu=2.3s
2026-05-10 06:47:28  INFO        [P27RKO_8um_2K__reoriented]  imread image   1.9s  shape=(1534, 229, 656)  922 MB
2026-05-10 06:47:32  INFO        [P27RKO_8um_2K__reoriented]  imread masks   3.3s
2026-05-10 06:47:33  INFO        [P27RKO_8um_2K__reoriented]  load+combine   6.5s total
2026-05-10 06:47:35  INFO      fold=8 ep=100 loss=1.4250 dice=0.2686 inc=0.015 bone=0.559 molar=0.231 ep_s=17.2 val_s=8.8
2026-05-10 06:47:55  INFO      Fold 8 ep 101: loss=1.3551  epoch=19.8s  data_wait=17.7s  gpu=2.2s
2026-05-10 06:48:15  INFO      Fold 8 ep 102: loss=1.3772  epoch=20.4s  data_wait=18.0s  gpu=2.4s
2026-05-10 06:48:33  INFO      Fold 8 ep 103: loss=1.3555  epoch=17.9s  data_wait=15.5s  gpu=2.3s
2026-05-10 06:48:51  INFO      Fold 8 ep 104: loss=1.3902  epoch=18.2s  data_wait=15.7s  gpu=2.5s
2026-05-10 06:49:10  INFO      Fold 8 ep 105: loss=1.4059  epoch=18.3s  data_wait=16.0s  gpu=2.3s
2026-05-10 06:49:11  INFO        [P27RKO_8um_2K__reoriented]  imread image   1.8s  shape=(1534, 229, 656)  922 MB
2026-05-10 06:49:16  INFO        [P27RKO_8um_2K__reoriented]  imread masks   3.3s
2026-05-10 06:49:16  INFO        [P27RKO_8um_2K__reoriented]  load+combine   6.4s total
2026-05-10 06:49:18  INFO      fold=8 ep=105 loss=1.4059 dice=0.3959 inc=0.230 bone=0.683 molar=0.274 ep_s=18.3 val_s=8.6
2026-05-10 06:49:38  INFO      Fold 8 ep 106: loss=1.3404  epoch=19.8s  data_wait=17.2s  gpu=2.6s
2026-05-10 06:49:58  INFO      Fold 8 ep 107: loss=1.3733  epoch=20.1s  data_wait=17.8s  gpu=2.2s
2026-05-10 06:50:17  INFO      Fold 8 ep 108: loss=1.4250  epoch=19.0s  data_wait=17.0s  gpu=2.0s
2026-05-10 06:50:38  INFO      Fold 8 ep 109: loss=1.3461  epoch=20.5s  data_wait=18.3s  gpu=2.3s
2026-05-10 06:50:59  INFO      Fold 8 ep 110: loss=1.3390  epoch=20.7s  data_wait=18.3s  gpu=2.4s
2026-05-10 06:51:01  INFO        [P27RKO_8um_2K__reoriented]  imread image   1.8s  shape=(1534, 229, 656)  922 MB
2026-05-10 06:51:05  INFO        [P27RKO_8um_2K__reoriented]  imread masks   3.2s
2026-05-10 06:51:05  INFO        [P27RKO_8um_2K__reoriented]  load+combine   6.4s total
2026-05-10 06:51:07  INFO      fold=8 ep=110 loss=1.3390 dice=0.3281 inc=0.017 bone=0.718 molar=0.249 ep_s=20.7 val_s=8.6
2026-05-10 06:51:28  INFO      Fold 8 ep 111: loss=1.3418  epoch=20.4s  data_wait=18.1s  gpu=2.3s
2026-05-10 06:51:47  INFO      Fold 8 ep 112: loss=1.3603  epoch=19.4s  data_wait=17.2s  gpu=2.2s
2026-05-10 06:52:05  INFO      Fold 8 ep 113: loss=1.2973  epoch=17.6s  data_wait=15.3s  gpu=2.3s
2026-05-10 06:52:24  INFO      Fold 8 ep 114: loss=1.3590  epoch=19.5s  data_wait=17.4s  gpu=2.2s
2026-05-10 06:52:47  INFO      Fold 8 ep 115: loss=1.2992  epoch=22.3s  data_wait=20.0s  gpu=2.2s
2026-05-10 06:52:49  INFO        [P27RKO_8um_2K__reoriented]  imread image   1.8s  shape=(1534, 229, 656)  922 MB
2026-05-10 06:52:53  INFO        [P27RKO_8um_2K__reoriented]  imread masks   3.2s
2026-05-10 06:52:53  INFO        [P27RKO_8um_2K__reoriented]  load+combine   6.4s total
2026-05-10 06:52:55  INFO      fold=8 ep=115 loss=1.2992 dice=0.3052 inc=0.002 bone=0.687 molar=0.226 ep_s=22.3 val_s=8.6
2026-05-10 06:53:17  INFO      Fold 8 ep 116: loss=1.3340  epoch=21.1s  data_wait=18.9s  gpu=2.2s
2026-05-10 06:53:37  INFO      Fold 8 ep 117: loss=1.3766  epoch=20.8s  data_wait=18.6s  gpu=2.2s
2026-05-10 06:53:58  INFO      Fold 8 ep 118: loss=1.3894  epoch=20.5s  data_wait=18.1s  gpu=2.4s
2026-05-10 06:54:16  INFO      Fold 8 ep 119: loss=1.3803  epoch=18.4s  data_wait=16.2s  gpu=2.2s
2026-05-10 06:54:38  INFO      Fold 8 ep 120: loss=1.3139  epoch=21.2s  data_wait=19.0s  gpu=2.1s
2026-05-10 06:54:39  INFO        [P27RKO_8um_2K__reoriented]  imread image   1.8s  shape=(1534, 229, 656)  922 MB
2026-05-10 06:54:44  INFO        [P27RKO_8um_2K__reoriented]  imread masks   3.2s
2026-05-10 06:54:44  INFO        [P27RKO_8um_2K__reoriented]  load+combine   6.4s total
2026-05-10 06:54:46  INFO      fold=8 ep=120 loss=1.3139 dice=0.3364 inc=0.002 bone=0.732 molar=0.275 ep_s=21.2 val_s=8.6
2026-05-10 06:55:06  INFO      Fold 8 ep 121: loss=1.2949  epoch=19.4s  data_wait=17.1s  gpu=2.3s
2026-05-10 06:55:24  INFO      Fold 8 ep 122: loss=1.3140  epoch=17.9s  data_wait=15.8s  gpu=2.2s
2026-05-10 06:55:40  INFO      Fold 8 ep 123: loss=1.2884  epoch=16.3s  data_wait=14.1s  gpu=2.2s
2026-05-10 06:55:57  INFO      Fold 8 ep 124: loss=1.3668  epoch=17.2s  data_wait=15.1s  gpu=2.1s
2026-05-10 06:56:16  INFO      Fold 8 ep 125: loss=1.3233  epoch=18.8s  data_wait=16.4s  gpu=2.4s
2026-05-10 06:56:18  INFO        [P27RKO_8um_2K__reoriented]  imread image   2.0s  shape=(1534, 229, 656)  922 MB
2026-05-10 06:56:23  INFO        [P27RKO_8um_2K__reoriented]  imread masks   3.7s
2026-05-10 06:56:23  INFO        [P27RKO_8um_2K__reoriented]  load+combine   7.2s total
2026-05-10 06:56:25  INFO      fold=8 ep=125 loss=1.3233 dice=0.2837 inc=0.001 bone=0.642 molar=0.209 ep_s=18.8 val_s=9.4
2026-05-10 06:56:44  INFO      Fold 8 ep 126: loss=1.2859  epoch=18.5s  data_wait=16.2s  gpu=2.3s
2026-05-10 06:57:03  INFO      Fold 8 ep 127: loss=1.3373  epoch=19.4s  data_wait=17.1s  gpu=2.2s
2026-05-10 06:57:21  INFO      Fold 8 ep 128: loss=1.2722  epoch=17.9s  data_wait=15.7s  gpu=2.2s
2026-05-10 06:57:39  INFO      Fold 8 ep 129: loss=1.2339  epoch=17.8s  data_wait=15.7s  gpu=2.1s
2026-05-10 06:57:59  INFO      Fold 8 ep 130: loss=1.2241  epoch=19.2s  data_wait=17.1s  gpu=2.2s
2026-05-10 06:58:01  INFO        [P27RKO_8um_2K__reoriented]  imread image   2.1s  shape=(1534, 229, 656)  922 MB
2026-05-10 06:58:05  INFO        [P27RKO_8um_2K__reoriented]  imread masks   3.6s
2026-05-10 06:58:06  INFO        [P27RKO_8um_2K__reoriented]  load+combine   7.1s total
2026-05-10 06:58:08  INFO      fold=8 ep=130 loss=1.2241 dice=0.3192 inc=0.144 bone=0.625 molar=0.188 ep_s=19.2 val_s=9.3
2026-05-10 06:58:27  INFO      Fold 8 ep 131: loss=1.2828  epoch=18.9s  data_wait=16.8s  gpu=2.1s
2026-05-10 06:58:46  INFO      Fold 8 ep 132: loss=1.2203  epoch=19.1s  data_wait=17.0s  gpu=2.2s
2026-05-10 06:59:07  INFO      Fold 8 ep 133: loss=1.2932  epoch=20.4s  data_wait=18.3s  gpu=2.1s
2026-05-10 06:59:28  INFO      Fold 8 ep 134: loss=1.2740  epoch=21.2s  data_wait=19.1s  gpu=2.1s
2026-05-10 06:59:48  INFO      Fold 8 ep 135: loss=1.2649  epoch=20.8s  data_wait=18.5s  gpu=2.3s
2026-05-10 06:59:51  INFO        [P27RKO_8um_2K__reoriented]  imread image   2.2s  shape=(1534, 229, 656)  922 MB
2026-05-10 06:59:55  INFO        [P27RKO_8um_2K__reoriented]  imread masks   3.4s
2026-05-10 06:59:56  INFO        [P27RKO_8um_2K__reoriented]  load+combine   7.1s total
2026-05-10 06:59:58  INFO      fold=8 ep=135 loss=1.2649 dice=0.4120 inc=0.239 bone=0.722 molar=0.275 ep_s=20.8 val_s=9.4
2026-05-10 07:00:18  INFO      Fold 8 ep 136: loss=1.2451  epoch=19.5s  data_wait=17.2s  gpu=2.3s
2026-05-10 07:00:39  INFO      Fold 8 ep 137: loss=1.2230  epoch=21.5s  data_wait=18.7s  gpu=2.7s
2026-05-10 07:00:59  INFO      Fold 8 ep 138: loss=1.2045  epoch=19.8s  data_wait=17.2s  gpu=2.6s
2026-05-10 07:01:19  INFO      Fold 8 ep 139: loss=1.2389  epoch=19.9s  data_wait=17.5s  gpu=2.4s
2026-05-10 07:01:39  INFO      Fold 8 ep 140: loss=1.2003  epoch=19.8s  data_wait=17.7s  gpu=2.1s
2026-05-10 07:01:41  INFO        [P27RKO_8um_2K__reoriented]  imread image   2.2s  shape=(1534, 229, 656)  922 MB
2026-05-10 07:01:45  INFO        [P27RKO_8um_2K__reoriented]  imread masks   3.5s
2026-05-10 07:01:46  INFO        [P27RKO_8um_2K__reoriented]  load+combine   7.1s total
2026-05-10 07:01:48  INFO      fold=8 ep=140 loss=1.2003 dice=0.4524 inc=0.387 bone=0.708 molar=0.262 ep_s=19.8 val_s=9.3
2026-05-10 07:02:07  INFO      Fold 8 ep 141: loss=1.2112  epoch=18.9s  data_wait=16.6s  gpu=2.3s
2026-05-10 07:02:27  INFO      Fold 8 ep 142: loss=1.1754  epoch=19.8s  data_wait=17.3s  gpu=2.5s
2026-05-10 07:02:47  INFO      Fold 8 ep 143: loss=1.2096  epoch=19.9s  data_wait=17.4s  gpu=2.5s
2026-05-10 07:03:08  INFO      Fold 8 ep 144: loss=1.1928  epoch=20.7s  data_wait=18.0s  gpu=2.7s
2026-05-10 07:03:27  INFO      Fold 8 ep 145: loss=1.1526  epoch=19.3s  data_wait=16.9s  gpu=2.4s
2026-05-10 07:03:29  INFO        [P27RKO_8um_2K__reoriented]  imread image   2.2s  shape=(1534, 229, 656)  922 MB
2026-05-10 07:03:34  INFO        [P27RKO_8um_2K__reoriented]  imread masks   3.5s
2026-05-10 07:03:34  INFO        [P27RKO_8um_2K__reoriented]  load+combine   7.2s total
2026-05-10 07:03:36  INFO      fold=8 ep=145 loss=1.1526 dice=0.4426 inc=0.325 bone=0.729 molar=0.273 ep_s=19.3 val_s=9.4
2026-05-10 07:03:56  INFO      Fold 8 ep 146: loss=1.1440  epoch=19.4s  data_wait=16.9s  gpu=2.4s
2026-05-10 07:04:13  INFO      Fold 8 ep 147: loss=1.1374  epoch=17.5s  data_wait=15.0s  gpu=2.5s
2026-05-10 07:04:33  INFO      Fold 8 ep 148: loss=1.1397  epoch=19.8s  data_wait=17.4s  gpu=2.5s
2026-05-10 07:04:53  INFO      Fold 8 ep 149: loss=1.0986  epoch=19.8s  data_wait=17.4s  gpu=2.4s
2026-05-10 07:05:12  INFO      Fold 8 ep 150: loss=1.0725  epoch=19.0s  data_wait=17.0s  gpu=2.0s
2026-05-10 07:05:14  INFO        [P27RKO_8um_2K__reoriented]  imread image   2.2s  shape=(1534, 229, 656)  922 MB
2026-05-10 07:05:19  INFO        [P27RKO_8um_2K__reoriented]  imread masks   3.5s
2026-05-10 07:05:19  INFO        [P27RKO_8um_2K__reoriented]  load+combine   7.2s total
2026-05-10 07:05:22  INFO      fold=8 ep=150 loss=1.0725 dice=0.4583 inc=0.482 bone=0.708 molar=0.185 ep_s=19.0 val_s=9.4
2026-05-10 07:05:42  INFO      Fold 8 ep 151: loss=1.1021  epoch=20.2s  data_wait=17.9s  gpu=2.3s
2026-05-10 07:06:01  INFO      Fold 8 ep 152: loss=1.0890  epoch=18.8s  data_wait=16.5s  gpu=2.2s
2026-05-10 07:06:20  INFO      Fold 8 ep 153: loss=1.0916  epoch=19.8s  data_wait=17.6s  gpu=2.2s
2026-05-10 07:06:39  INFO      Fold 8 ep 154: loss=1.1456  epoch=18.4s  data_wait=16.3s  gpu=2.1s
2026-05-10 07:06:58  INFO      Fold 8 ep 155: loss=1.1071  epoch=19.5s  data_wait=17.1s  gpu=2.4s
2026-05-10 07:07:00  INFO        [P27RKO_8um_2K__reoriented]  imread image   1.6s  shape=(1534, 229, 656)  922 MB
2026-05-10 07:07:04  INFO        [P27RKO_8um_2K__reoriented]  imread masks   2.8s
2026-05-10 07:07:04  INFO        [P27RKO_8um_2K__reoriented]  load+combine   5.9s total
2026-05-10 07:07:07  INFO      fold=8 ep=155 loss=1.1071 dice=0.4598 inc=0.473 bone=0.692 molar=0.214 ep_s=19.5 val_s=8.1
2026-05-10 07:07:26  INFO      Fold 8 ep 156: loss=1.0672  epoch=19.1s  data_wait=16.8s  gpu=2.3s
2026-05-10 07:07:45  INFO      Fold 8 ep 157: loss=1.0399  epoch=18.9s  data_wait=16.7s  gpu=2.2s
2026-05-10 07:08:04  INFO      Fold 8 ep 158: loss=1.0096  epoch=19.2s  data_wait=17.2s  gpu=2.1s
2026-05-10 07:08:23  INFO      Fold 8 ep 159: loss=1.0989  epoch=19.3s  data_wait=16.9s  gpu=2.4s
2026-05-10 07:08:43  INFO      Fold 8 ep 160: loss=1.0413  epoch=19.8s  data_wait=17.2s  gpu=2.6s
2026-05-10 07:08:45  INFO        [P27RKO_8um_2K__reoriented]  imread image   1.9s  shape=(1534, 229, 656)  922 MB
2026-05-10 07:08:49  INFO        [P27RKO_8um_2K__reoriented]  imread masks   3.2s
2026-05-10 07:08:50  INFO        [P27RKO_8um_2K__reoriented]  load+combine   6.5s total
2026-05-10 07:08:52  INFO      fold=8 ep=160 loss=1.0413 dice=0.5009 inc=0.490 bone=0.697 molar=0.316 ep_s=19.8 val_s=8.7
2026-05-10 07:09:14  INFO      Fold 8 ep 161: loss=1.1003  epoch=21.4s  data_wait=19.0s  gpu=2.4s
2026-05-10 07:09:33  INFO      Fold 8 ep 162: loss=1.0521  epoch=19.1s  data_wait=16.9s  gpu=2.2s
2026-05-10 07:09:53  INFO      Fold 8 ep 163: loss=1.0460  epoch=19.8s  data_wait=17.7s  gpu=2.1s
2026-05-10 07:10:13  INFO      Fold 8 ep 164: loss=1.0218  epoch=20.2s  data_wait=18.0s  gpu=2.1s
2026-05-10 07:10:32  INFO      Fold 8 ep 165: loss=0.9978  epoch=19.6s  data_wait=17.6s  gpu=2.1s
2026-05-10 07:10:35  INFO        [P27RKO_8um_2K__reoriented]  imread image   2.0s  shape=(1534, 229, 656)  922 MB
2026-05-10 07:10:39  INFO        [P27RKO_8um_2K__reoriented]  imread masks   3.7s
2026-05-10 07:10:40  INFO        [P27RKO_8um_2K__reoriented]  load+combine   7.2s total
2026-05-10 07:10:42  INFO      fold=8 ep=165 loss=0.9978 dice=0.4880 inc=0.621 bone=0.688 molar=0.155 ep_s=19.6 val_s=9.5
2026-05-10 07:11:01  INFO      Fold 8 ep 166: loss=0.9719  epoch=18.9s  data_wait=16.6s  gpu=2.3s
2026-05-10 07:11:20  INFO      Fold 8 ep 167: loss=1.0191  epoch=19.2s  data_wait=17.1s  gpu=2.1s
2026-05-10 07:11:39  INFO      Fold 8 ep 168: loss=1.0719  epoch=19.2s  data_wait=17.1s  gpu=2.1s
2026-05-10 07:12:00  INFO      Fold 8 ep 169: loss=0.9772  epoch=20.8s  data_wait=18.4s  gpu=2.3s
2026-05-10 07:12:20  INFO      Fold 8 ep 170: loss=0.9910  epoch=19.4s  data_wait=17.1s  gpu=2.3s
2026-05-10 07:12:22  INFO        [P27RKO_8um_2K__reoriented]  imread image   2.2s  shape=(1534, 229, 656)  922 MB
2026-05-10 07:12:26  INFO        [P27RKO_8um_2K__reoriented]  imread masks   3.5s
2026-05-10 07:12:27  INFO        [P27RKO_8um_2K__reoriented]  load+combine   7.2s total
2026-05-10 07:12:29  INFO      fold=8 ep=170 loss=0.9910 dice=0.5630 inc=0.659 bone=0.703 molar=0.328 ep_s=19.4 val_s=9.4
2026-05-10 07:12:50  INFO      Fold 8 ep 171: loss=0.9785  epoch=21.1s  data_wait=18.8s  gpu=2.3s
2026-05-10 07:13:10  INFO      Fold 8 ep 172: loss=1.0250  epoch=19.6s  data_wait=17.4s  gpu=2.2s
2026-05-10 07:13:29  INFO      Fold 8 ep 173: loss=0.9906  epoch=19.0s  data_wait=16.9s  gpu=2.1s
2026-05-10 07:13:49  INFO      Fold 8 ep 174: loss=1.0088  epoch=20.0s  data_wait=17.8s  gpu=2.2s
2026-05-10 07:14:08  INFO      Fold 8 ep 175: loss=1.0947  epoch=18.9s  data_wait=16.7s  gpu=2.2s
2026-05-10 07:14:10  INFO        [P27RKO_8um_2K__reoriented]  imread image   2.2s  shape=(1534, 229, 656)  922 MB
2026-05-10 07:14:15  INFO        [P27RKO_8um_2K__reoriented]  imread masks   3.4s
2026-05-10 07:14:15  INFO        [P27RKO_8um_2K__reoriented]  load+combine   7.1s total
2026-05-10 07:14:17  INFO      fold=8 ep=175 loss=1.0947 dice=0.5074 inc=0.458 bone=0.741 molar=0.324 ep_s=18.9 val_s=9.3
2026-05-10 07:14:36  INFO      Fold 8 ep 176: loss=0.9758  epoch=18.9s  data_wait=16.6s  gpu=2.2s
2026-05-10 07:14:55  INFO      Fold 8 ep 177: loss=0.9795  epoch=18.4s  data_wait=16.0s  gpu=2.4s
2026-05-10 07:15:13  INFO      Fold 8 ep 178: loss=1.0048  epoch=18.5s  data_wait=16.5s  gpu=2.1s
2026-05-10 07:15:31  INFO      Fold 8 ep 179: loss=1.0168  epoch=17.9s  data_wait=15.7s  gpu=2.2s
2026-05-10 07:15:52  INFO      Fold 8 ep 180: loss=0.9346  epoch=20.7s  data_wait=18.4s  gpu=2.2s
2026-05-10 07:15:54  INFO        [P27RKO_8um_2K__reoriented]  imread image   2.2s  shape=(1534, 229, 656)  922 MB
2026-05-10 07:15:59  INFO        [P27RKO_8um_2K__reoriented]  imread masks   3.2s
2026-05-10 07:15:59  INFO        [P27RKO_8um_2K__reoriented]  load+combine   6.9s total
2026-05-10 07:16:01  INFO      fold=8 ep=180 loss=0.9346 dice=0.5622 inc=0.650 bone=0.726 molar=0.311 ep_s=20.7 val_s=9.1
2026-05-10 07:16:22  INFO      Fold 8 ep 181: loss=0.9674  epoch=20.7s  data_wait=18.3s  gpu=2.5s
2026-05-10 07:16:42  INFO      Fold 8 ep 182: loss=0.9429  epoch=20.2s  data_wait=17.9s  gpu=2.3s
2026-05-10 07:17:00  INFO      Fold 8 ep 183: loss=1.0913  epoch=18.2s  data_wait=16.1s  gpu=2.1s
2026-05-10 07:17:20  INFO      Fold 8 ep 184: loss=0.9741  epoch=19.2s  data_wait=16.9s  gpu=2.3s
2026-05-10 07:17:37  INFO      Fold 8 ep 185: loss=0.9164  epoch=17.8s  data_wait=15.6s  gpu=2.2s
2026-05-10 07:17:40  INFO        [P27RKO_8um_2K__reoriented]  imread image   2.2s  shape=(1534, 229, 656)  922 MB
2026-05-10 07:17:44  INFO        [P27RKO_8um_2K__reoriented]  imread masks   3.1s
2026-05-10 07:17:44  INFO        [P27RKO_8um_2K__reoriented]  load+combine   6.9s total
2026-05-10 07:17:46  INFO      fold=8 ep=185 loss=0.9164 dice=0.4107 inc=0.482 bone=0.624 molar=0.126 ep_s=17.8 val_s=9.0
2026-05-10 07:18:07  INFO      Fold 8 ep 186: loss=0.9323  epoch=20.0s  data_wait=17.8s  gpu=2.1s
2026-05-10 07:18:27  INFO      Fold 8 ep 187: loss=0.9689  epoch=20.4s  data_wait=18.2s  gpu=2.2s
2026-05-10 07:18:47  INFO      Fold 8 ep 188: loss=0.9264  epoch=20.3s  data_wait=18.0s  gpu=2.3s
2026-05-10 07:19:07  INFO      Fold 8 ep 189: loss=0.9469  epoch=19.4s  data_wait=17.2s  gpu=2.2s
2026-05-10 07:19:27  INFO      Fold 8 ep 190: loss=0.9590  epoch=20.0s  data_wait=17.9s  gpu=2.1s
2026-05-10 07:19:29  INFO        [P27RKO_8um_2K__reoriented]  imread image   2.0s  shape=(1534, 229, 656)  922 MB
2026-05-10 07:19:33  INFO        [P27RKO_8um_2K__reoriented]  imread masks   3.5s
2026-05-10 07:19:34  INFO        [P27RKO_8um_2K__reoriented]  load+combine   7.0s total
2026-05-10 07:19:36  INFO      fold=8 ep=190 loss=0.9590 dice=0.5270 inc=0.579 bone=0.735 molar=0.267 ep_s=20.0 val_s=9.2
2026-05-10 07:19:57  INFO      Fold 8 ep 191: loss=0.9196  epoch=20.6s  data_wait=18.3s  gpu=2.3s
2026-05-10 07:20:16  INFO      Fold 8 ep 192: loss=0.9263  epoch=19.2s  data_wait=16.9s  gpu=2.3s
2026-05-10 07:20:35  INFO      Fold 8 ep 193: loss=0.9238  epoch=19.5s  data_wait=17.3s  gpu=2.3s
2026-05-10 07:20:54  INFO      Fold 8 ep 194: loss=0.9661  epoch=19.0s  data_wait=16.9s  gpu=2.2s
2026-05-10 07:21:14  INFO      Fold 8 ep 195: loss=0.9187  epoch=19.4s  data_wait=17.2s  gpu=2.2s
2026-05-10 07:21:16  INFO        [P27RKO_8um_2K__reoriented]  imread image   2.1s  shape=(1534, 229, 656)  922 MB
2026-05-10 07:21:21  INFO        [P27RKO_8um_2K__reoriented]  imread masks   3.5s
2026-05-10 07:21:21  INFO        [P27RKO_8um_2K__reoriented]  load+combine   7.0s total
2026-05-10 07:21:23  INFO      fold=8 ep=195 loss=0.9187 dice=0.4846 inc=0.632 bone=0.684 molar=0.138 ep_s=19.4 val_s=9.2
2026-05-10 07:21:43  INFO      Fold 8 ep 196: loss=0.9037  epoch=20.0s  data_wait=17.8s  gpu=2.2s
2026-05-10 07:22:03  INFO      Fold 8 ep 197: loss=0.9138  epoch=19.6s  data_wait=17.4s  gpu=2.2s
2026-05-10 07:22:24  INFO      Fold 8 ep 198: loss=0.8937  epoch=20.9s  data_wait=18.6s  gpu=2.3s
2026-05-10 07:22:43  INFO      Fold 8 ep 199: loss=1.0491  epoch=19.3s  data_wait=17.1s  gpu=2.2s
2026-05-10 07:23:03  INFO      Fold 8 ep 200: loss=1.1481  epoch=19.7s  data_wait=17.5s  gpu=2.2s
2026-05-10 07:23:05  INFO        [P27RKO_8um_2K__reoriented]  imread image   2.0s  shape=(1534, 229, 656)  922 MB
2026-05-10 07:23:10  INFO        [P27RKO_8um_2K__reoriented]  imread masks   3.7s
2026-05-10 07:23:10  INFO        [P27RKO_8um_2K__reoriented]  load+combine   7.2s total
2026-05-10 07:23:12  INFO      fold=8 ep=200 loss=1.1481 dice=0.5167 inc=0.518 bone=0.767 molar=0.264 ep_s=19.7 val_s=9.4
2026-05-10 07:23:34  INFO      Fold 8 ep 201: loss=0.9640  epoch=21.6s  data_wait=19.4s  gpu=2.2s
2026-05-10 07:23:54  INFO      Fold 8 ep 202: loss=0.9367  epoch=19.5s  data_wait=17.3s  gpu=2.2s
2026-05-10 07:24:13  INFO      Fold 8 ep 203: loss=0.8732  epoch=19.4s  data_wait=17.2s  gpu=2.2s
2026-05-10 07:24:33  INFO      Fold 8 ep 204: loss=0.9083  epoch=20.2s  data_wait=17.8s  gpu=2.4s
2026-05-10 07:24:54  INFO      Fold 8 ep 205: loss=0.8968  epoch=21.0s  data_wait=18.8s  gpu=2.3s
2026-05-10 07:24:56  INFO        [P27RKO_8um_2K__reoriented]  imread image   2.0s  shape=(1534, 229, 656)  922 MB
2026-05-10 07:25:01  INFO        [P27RKO_8um_2K__reoriented]  imread masks   3.7s
2026-05-10 07:25:01  INFO        [P27RKO_8um_2K__reoriented]  load+combine   7.2s total
2026-05-10 07:25:04  INFO      fold=8 ep=205 loss=0.8968 dice=0.5114 inc=0.622 bone=0.676 molar=0.237 ep_s=21.0 val_s=9.4
2026-05-10 07:25:25  INFO      Fold 8 ep 206: loss=0.8952  epoch=21.7s  data_wait=19.3s  gpu=2.4s
2026-05-10 07:25:44  INFO      Fold 8 ep 207: loss=0.9116  epoch=18.9s  data_wait=16.3s  gpu=2.6s
2026-05-10 07:26:04  INFO      Fold 8 ep 208: loss=0.9133  epoch=19.4s  data_wait=17.2s  gpu=2.2s
2026-05-10 07:26:25  INFO      Fold 8 ep 209: loss=0.8701  epoch=21.2s  data_wait=18.7s  gpu=2.6s
2026-05-10 07:26:43  INFO      Fold 8 ep 210: loss=0.8623  epoch=18.5s  data_wait=16.2s  gpu=2.3s
2026-05-10 07:26:46  INFO        [P27RKO_8um_2K__reoriented]  imread image   2.1s  shape=(1534, 229, 656)  922 MB
2026-05-10 07:26:50  INFO        [P27RKO_8um_2K__reoriented]  imread masks   3.7s
2026-05-10 07:26:51  INFO        [P27RKO_8um_2K__reoriented]  load+combine   7.2s total
2026-05-10 07:26:53  INFO      fold=8 ep=210 loss=0.8623 dice=0.5363 inc=0.651 bone=0.703 molar=0.255 ep_s=18.5 val_s=9.4
2026-05-10 07:27:13  INFO      Fold 8 ep 211: loss=0.8763  epoch=20.1s  data_wait=17.7s  gpu=2.4s
2026-05-10 07:27:33  INFO      Fold 8 ep 212: loss=0.8407  epoch=19.4s  data_wait=17.0s  gpu=2.3s
2026-05-10 07:27:52  INFO      Fold 8 ep 213: loss=0.8398  epoch=19.4s  data_wait=16.9s  gpu=2.5s
2026-05-10 07:28:12  INFO      Fold 8 ep 214: loss=0.8493  epoch=20.3s  data_wait=18.0s  gpu=2.3s
2026-05-10 07:28:30  INFO      Fold 8 ep 215: loss=0.8124  epoch=17.4s  data_wait=15.2s  gpu=2.2s
2026-05-10 07:28:32  INFO        [P27RKO_8um_2K__reoriented]  imread image   2.0s  shape=(1534, 229, 656)  922 MB
2026-05-10 07:28:36  INFO        [P27RKO_8um_2K__reoriented]  imread masks   3.7s
2026-05-10 07:28:37  INFO        [P27RKO_8um_2K__reoriented]  load+combine   7.2s total
2026-05-10 07:28:39  INFO      fold=8 ep=215 loss=0.8124 dice=0.5624 inc=0.631 bone=0.753 molar=0.303 ep_s=17.4 val_s=9.5
2026-05-10 07:29:00  INFO      Fold 8 ep 216: loss=0.8387  epoch=20.4s  data_wait=18.2s  gpu=2.2s
2026-05-10 07:29:21  INFO      Fold 8 ep 217: loss=0.8555  epoch=20.8s  data_wait=18.6s  gpu=2.2s
2026-05-10 07:29:39  INFO      Fold 8 ep 218: loss=0.8003  epoch=18.3s  data_wait=16.2s  gpu=2.2s
2026-05-10 07:29:57  INFO      Fold 8 ep 219: loss=0.8208  epoch=18.2s  data_wait=16.1s  gpu=2.2s
2026-05-10 07:30:17  INFO      Fold 8 ep 220: loss=0.8426  epoch=19.7s  data_wait=17.1s  gpu=2.6s
2026-05-10 07:30:19  INFO        [P27RKO_8um_2K__reoriented]  imread image   2.0s  shape=(1534, 229, 656)  922 MB
2026-05-10 07:30:23  INFO        [P27RKO_8um_2K__reoriented]  imread masks   3.1s
2026-05-10 07:30:23  INFO        [P27RKO_8um_2K__reoriented]  load+combine   6.6s total
2026-05-10 07:30:26  INFO      fold=8 ep=220 loss=0.8426 dice=0.5537 inc=0.686 bone=0.740 molar=0.236 ep_s=19.7 val_s=8.9
2026-05-10 07:30:26  INFO      Fold 8: early stop at ep 220  best=0.5630
2026-05-10 07:30:28  INFO      Pipeline complete  total=16h22m  mean_dice=0.8063
2026-05-10 15:42:16  INFO      Pipeline starting  |  output=runs
2026-05-10 15:42:16  INFO      Log file: runs\pipeline.log
2026-05-10 15:42:16  INFO      Discovered 9 samples in ..\segmentation_results
2026-05-10 15:42:16  INFO      Found 9 samples: ['Cont1_5', 'Frag_4', 'Odam-CRE-A', 'Odam-CRE-B', 'Odam-CRE-C', 'Odam-CRE-Hifla-A', 'Odam-CRE-Hifla-B', 'Odam-CRE-Hifla-C', 'P27RKO_8um_2K__reoriented']
2026-05-10 15:42:16  INFO      Folds to train: [0, 1, 2, 3, 4, 5, 6, 7, 8]  (9 total)
2026-05-10 15:42:16  INFO        [Cont1_5             ]  starting ...
2026-05-10 15:42:16  INFO        [Frag_4              ]  starting ...
2026-05-10 15:42:16  INFO        [Odam-CRE-A          ]  starting ...
2026-05-10 15:42:16  INFO        [Odam-CRE-B          ]  starting ...
2026-05-10 15:42:21  INFO        [Cont1_5             ]  imread image   5.1s  shape=(1428, 327, 514)  960 MB
2026-05-10 15:42:23  INFO        [Frag_4              ]  imread image   7.2s  shape=(1468, 425, 474)  1183 MB
2026-05-10 15:42:25  INFO        [Odam-CRE-A          ]  imread image   9.3s  shape=(1405, 479, 839)  2259 MB
2026-05-10 15:42:26  INFO        [Odam-CRE-B          ]  imread image   10.3s  shape=(1555, 448, 805)  2243 MB
2026-05-10 15:42:35  INFO        [Cont1_5             ]  imread masks   4.1s
2026-05-10 15:42:35  INFO        [Cont1_5             ]  load+combine   19.4s total
2026-05-10 15:42:38  INFO        [Cont1_5             ]  det_transform   21.7s  cropped=torch.Size([1, 1444, 343, 530])
2026-05-10 15:42:41  INFO        [Frag_4              ]  imread masks   4.8s
2026-05-10 15:42:42  INFO        [Frag_4              ]  load+combine   26.5s total
2026-05-10 15:42:44  INFO        [Frag_4              ]  det_transform   27.9s  cropped=torch.Size([1, 1484, 441, 490])
2026-05-10 15:42:45  INFO        [Cont1_5             ]  saved npy       6.9s  img=2100 MB  lbl=263 MB
2026-05-10 15:42:46  INFO        [Cont1_5             ]  done            30.0s total  idx=1.6 MB
2026-05-10 15:42:46  INFO        [Odam-CRE-C          ]  starting ...
2026-05-10 15:42:50  INFO        [Odam-CRE-A          ]  imread masks   7.7s
2026-05-10 15:42:51  INFO        [Odam-CRE-A          ]  load+combine   35.1s total
2026-05-10 15:42:52  INFO        [Frag_4              ]  saved npy       8.1s  img=2565 MB  lbl=321 MB
2026-05-10 15:42:53  INFO        [Odam-CRE-A          ]  det_transform   37.6s  cropped=torch.Size([1, 1421, 495, 855])
2026-05-10 15:42:53  INFO        [Odam-CRE-C          ]  imread image   7.3s  shape=(1337, 390, 804)  1677 MB
2026-05-10 15:42:54  INFO        [Frag_4              ]  done            37.8s total  idx=1.6 MB
2026-05-10 15:42:54  INFO        [Odam-CRE-Hifla-A    ]  starting ...
2026-05-10 15:42:59  INFO        [Odam-CRE-B          ]  imread masks   11.3s
2026-05-10 15:43:00  INFO        [Odam-CRE-B          ]  load+combine   43.8s total
2026-05-10 15:43:00  INFO        [Odam-CRE-Hifla-A    ]  imread image   6.1s  shape=(1453, 456, 830)  2200 MB
2026-05-10 15:43:04  INFO        [Odam-CRE-B          ]  det_transform   48.0s  cropped=torch.Size([1, 1571, 464, 821])
2026-05-10 15:43:10  INFO        [Odam-CRE-A          ]  saved npy       16.8s  img=4811 MB  lbl=601 MB
2026-05-10 15:43:12  INFO        [Odam-CRE-A          ]  done            56.2s total  idx=1.6 MB
2026-05-10 15:43:13  INFO        [Odam-CRE-Hifla-B    ]  starting ...
2026-05-10 15:43:13  INFO        [Odam-CRE-C          ]  imread masks   4.6s
2026-05-10 15:43:14  INFO        [Odam-CRE-C          ]  load+combine   27.8s total
2026-05-10 15:43:16  INFO        [Odam-CRE-C          ]  det_transform   30.2s  cropped=torch.Size([1, 1353, 406, 820])
2026-05-10 15:43:17  INFO        [Odam-CRE-Hifla-B    ]  imread image   4.5s  shape=(1455, 470, 802)  2194 MB
2026-05-10 15:43:18  INFO        [Odam-CRE-B          ]  saved npy       14.2s  img=4788 MB  lbl=598 MB
2026-05-10 15:43:23  INFO        [Odam-CRE-B          ]  done            67.1s total  idx=1.6 MB
2026-05-10 15:43:24  INFO        [Odam-CRE-Hifla-C    ]  starting ...
2026-05-10 15:43:27  INFO        [Odam-CRE-Hifla-A    ]  imread masks   5.9s
2026-05-10 15:43:28  INFO        [Odam-CRE-Hifla-A    ]  load+combine   34.1s total
2026-05-10 15:43:29  INFO        [Odam-CRE-Hifla-C    ]  imread image   4.9s  shape=(1614, 418, 736)  1986 MB
2026-05-10 15:43:29  INFO        [Odam-CRE-C          ]  saved npy       12.7s  img=3604 MB  lbl=450 MB
2026-05-10 15:43:31  INFO        [Odam-CRE-Hifla-A    ]  det_transform   36.6s  cropped=torch.Size([1, 1469, 472, 846])
2026-05-10 15:43:32  INFO        [Odam-CRE-C          ]  done            45.5s total  idx=1.6 MB
2026-05-10 15:43:32  INFO        [P27RKO_8um_2K__reoriented]  starting ...
2026-05-10 15:43:35  INFO        [P27RKO_8um_2K__reoriented]  imread image   2.5s  shape=(1534, 229, 656)  922 MB
2026-05-10 15:43:45  INFO        [Odam-CRE-Hifla-A    ]  saved npy       14.9s  img=4693 MB  lbl=587 MB
2026-05-10 15:43:47  INFO        [Odam-CRE-Hifla-B    ]  imread masks   8.6s
2026-05-10 15:43:48  INFO        [Odam-CRE-Hifla-A    ]  done            54.0s total  idx=1.6 MB
2026-05-10 15:43:48  INFO        [Odam-CRE-Hifla-B    ]  load+combine   35.4s total
2026-05-10 15:43:50  INFO        [Odam-CRE-Hifla-B    ]  det_transform   37.4s  cropped=torch.Size([1, 1471, 486, 818])
2026-05-10 15:43:52  INFO        [P27RKO_8um_2K__reoriented]  imread masks   9.1s
2026-05-10 15:43:53  INFO        [P27RKO_8um_2K__reoriented]  load+combine   20.5s total
2026-05-10 15:43:53  INFO        [P27RKO_8um_2K__reoriented]  det_transform   21.4s  cropped=torch.Size([1, 1550, 245, 672])
2026-05-10 15:43:54  INFO        [Odam-CRE-Hifla-C    ]  imread masks   9.0s
2026-05-10 15:43:55  INFO        [Odam-CRE-Hifla-C    ]  load+combine   31.0s total
2026-05-10 15:43:57  INFO        [Odam-CRE-Hifla-C    ]  det_transform   32.8s  cropped=torch.Size([1, 1630, 434, 752])
2026-05-10 15:44:00  INFO        [P27RKO_8um_2K__reoriented]  saved npy       6.2s  img=2042 MB  lbl=255 MB
2026-05-10 15:44:00  INFO        [P27RKO_8um_2K__reoriented]  done            28.4s total  idx=1.6 MB
2026-05-10 15:44:04  INFO        [Odam-CRE-Hifla-B    ]  saved npy       14.3s  img=4678 MB  lbl=585 MB
2026-05-10 15:44:09  INFO        [Odam-CRE-Hifla-B    ]  done            55.9s total  idx=1.6 MB
2026-05-10 15:44:10  INFO        [Odam-CRE-Hifla-C    ]  saved npy       13.8s  img=4256 MB  lbl=532 MB
2026-05-10 15:44:12  INFO        [Odam-CRE-Hifla-C    ]  done            48.3s total  idx=1.6 MB
2026-05-10 15:44:12  INFO      Disk cache ready for 9 samples  |  time=1m56s
2026-05-10 15:44:13  INFO      Fold 0: loading 8 training samples into RAM...
2026-05-10 15:44:15  INFO        Loaded Frag_4                shape=(1, 1484, 441, 490)  2886 MB  1.9s
2026-05-10 15:44:18  INFO        Loaded Odam-CRE-A            shape=(1, 1421, 495, 855)  5413 MB  3.7s
2026-05-10 15:44:22  INFO        Loaded Odam-CRE-B            shape=(1, 1571, 464, 821)  5386 MB  3.6s
2026-05-10 15:44:27  INFO        Loaded Odam-CRE-C            shape=(1, 1353, 406, 820)  4054 MB  5.1s
2026-05-10 15:44:35  INFO        Loaded Odam-CRE-Hifla-A      shape=(1, 1469, 472, 846)  5279 MB  8.0s
2026-05-10 15:44:44  INFO        Loaded Odam-CRE-Hifla-B      shape=(1, 1471, 486, 818)  5263 MB  8.5s
2026-05-10 15:44:51  INFO        Loaded Odam-CRE-Hifla-C      shape=(1, 1630, 434, 752)  4788 MB  7.5s
2026-05-10 15:44:55  INFO        Loaded P27RKO_8um_2K__reoriented  shape=(1, 1550, 245, 672)  2297 MB  3.7s
2026-05-10 15:44:55  INFO      All 8 samples in RAM  total=35366 MB  42.0s
2026-05-10 15:44:55  INFO      Fold 0: dataset ready  items=8  load=42.0s
2026-05-10 15:45:09  INFO      Fold 0: extending from ep 280  best=0.9024  lr=1.0e-04
2026-05-10 15:45:09  INFO      Fold 0: entering training loop  start_epoch=280
2026-05-10 15:45:23  INFO      Fold 0 ep 281: first batch  wait=13.8s  shape=[48, 1, 96, 96, 96]
2026-05-10 15:46:00  INFO      Fold 0 ep 281: loss=1.1253  epoch=50.6s  data_wait=27.3s  gpu=23.3s
2026-05-10 15:46:53  INFO      Fold 0 ep 282: loss=1.1206  epoch=53.8s  data_wait=51.2s  gpu=2.6s
2026-05-10 15:47:42  INFO      Fold 0 ep 283: loss=1.0387  epoch=49.0s  data_wait=46.3s  gpu=2.6s
2026-05-10 15:48:34  INFO      Fold 0 ep 284: loss=0.9876  epoch=51.8s  data_wait=49.2s  gpu=2.6s
2026-05-10 15:49:24  INFO      Fold 0 ep 285: loss=0.9770  epoch=49.8s  data_wait=47.2s  gpu=2.6s
2026-05-10 15:49:27  INFO        [Cont1_5             ]  imread image   3.4s  shape=(1428, 327, 514)  960 MB
2026-05-10 15:49:41  INFO        [Cont1_5             ]  imread masks   3.5s
2026-05-10 15:49:41  INFO        [Cont1_5             ]  load+combine   17.5s total
2026-05-10 15:50:06  INFO      fold=0 ep=285 loss=0.9770 dice=0.7400 inc=0.684 bone=0.871 molar=0.664 ep_s=49.8 val_s=42.1
2026-05-10 15:51:01  INFO      Fold 0 ep 286: loss=0.9781  epoch=54.5s  data_wait=51.8s  gpu=2.6s
2026-05-10 15:51:55  INFO      Fold 0 ep 287: loss=0.9614  epoch=54.8s  data_wait=52.1s  gpu=2.7s
2026-05-10 15:52:49  INFO      Fold 0 ep 288: loss=0.9262  epoch=53.5s  data_wait=51.0s  gpu=2.6s
2026-05-10 15:53:45  INFO      Fold 0 ep 289: loss=0.9009  epoch=55.6s  data_wait=52.9s  gpu=2.7s
2026-05-10 15:54:41  INFO      Fold 0 ep 290: loss=0.9215  epoch=56.2s  data_wait=53.5s  gpu=2.7s
2026-05-10 15:54:43  INFO        [Cont1_5             ]  imread image   2.0s  shape=(1428, 327, 514)  960 MB
2026-05-10 15:54:56  INFO        [Cont1_5             ]  imread masks   3.5s
2026-05-10 15:54:56  INFO        [Cont1_5             ]  load+combine   15.2s total
2026-05-10 15:54:59  INFO      fold=0 ep=290 loss=0.9215 dice=0.7055 inc=0.726 bone=0.849 molar=0.541 ep_s=56.2 val_s=18.1
2026-05-10 15:55:53  INFO      Fold 0 ep 291: loss=0.9582  epoch=54.0s  data_wait=51.5s  gpu=2.5s
2026-05-10 15:56:48  INFO      Fold 0 ep 292: loss=0.9398  epoch=54.6s  data_wait=51.9s  gpu=2.6s
2026-05-10 15:57:42  INFO      Fold 0 ep 293: loss=0.9365  epoch=54.4s  data_wait=51.6s  gpu=2.7s
2026-05-10 15:58:38  INFO      Fold 0 ep 294: loss=0.9167  epoch=55.6s  data_wait=53.1s  gpu=2.5s
2026-05-10 15:59:32  INFO      Fold 0 ep 295: loss=0.9346  epoch=54.0s  data_wait=51.6s  gpu=2.4s
2026-05-10 15:59:33  INFO        [Cont1_5             ]  imread image   1.6s  shape=(1428, 327, 514)  960 MB
2026-05-10 15:59:45  INFO        [Cont1_5             ]  imread masks   2.8s
2026-05-10 15:59:45  INFO        [Cont1_5             ]  load+combine   13.4s total
2026-05-10 15:59:48  INFO      fold=0 ep=295 loss=0.9346 dice=0.7794 inc=0.791 bone=0.889 molar=0.658 ep_s=54.0 val_s=16.2
2026-05-10 16:00:41  INFO      Fold 0 ep 296: loss=0.9201  epoch=52.6s  data_wait=49.7s  gpu=2.9s
2026-05-10 16:01:39  INFO      Fold 0 ep 297: loss=0.9307  epoch=58.2s  data_wait=55.5s  gpu=2.7s
2026-05-10 16:02:34  INFO      Fold 0 ep 298: loss=0.8705  epoch=55.0s  data_wait=52.4s  gpu=2.6s
2026-05-10 16:03:28  INFO      Fold 0 ep 299: loss=0.9242  epoch=54.3s  data_wait=51.9s  gpu=2.4s
2026-05-10 16:04:23  INFO      Fold 0 ep 300: loss=0.8357  epoch=55.0s  data_wait=52.3s  gpu=2.7s
2026-05-10 16:04:25  INFO        [Cont1_5             ]  imread image   2.0s  shape=(1428, 327, 514)  960 MB
2026-05-10 16:04:38  INFO        [Cont1_5             ]  imread masks   3.7s
2026-05-10 16:04:38  INFO        [Cont1_5             ]  load+combine   15.0s total
2026-05-10 16:04:41  INFO      fold=0 ep=300 loss=0.8357 dice=0.8062 inc=0.855 bone=0.892 molar=0.671 ep_s=55.0 val_s=17.7
2026-05-10 16:05:35  INFO      Fold 0 ep 301: loss=0.8463  epoch=53.9s  data_wait=51.3s  gpu=2.6s
2026-05-10 16:06:28  INFO      Fold 0 ep 302: loss=0.9375  epoch=53.2s  data_wait=50.7s  gpu=2.5s
2026-05-10 16:07:23  INFO      Fold 0 ep 303: loss=0.8931  epoch=54.6s  data_wait=52.0s  gpu=2.6s
2026-05-10 16:08:17  INFO      Fold 0 ep 304: loss=0.8831  epoch=54.6s  data_wait=52.0s  gpu=2.6s
2026-05-10 16:09:13  INFO      Fold 0 ep 305: loss=0.8922  epoch=55.8s  data_wait=53.1s  gpu=2.6s
2026-05-10 16:09:15  INFO        [Cont1_5             ]  imread image   2.0s  shape=(1428, 327, 514)  960 MB
2026-05-10 16:09:27  INFO        [Cont1_5             ]  imread masks   3.6s
2026-05-10 16:09:27  INFO        [Cont1_5             ]  load+combine   14.3s total
2026-05-10 16:09:30  INFO      fold=0 ep=305 loss=0.8922 dice=0.8147 inc=0.840 bone=0.900 molar=0.705 ep_s=55.8 val_s=17.1
2026-05-10 16:10:24  INFO      Fold 0 ep 306: loss=0.8800  epoch=53.5s  data_wait=50.6s  gpu=2.9s
2026-05-10 16:11:16  INFO      Fold 0 ep 307: loss=0.8713  epoch=51.8s  data_wait=49.3s  gpu=2.5s
2026-05-10 16:12:09  INFO      Fold 0 ep 308: loss=0.8430  epoch=53.6s  data_wait=50.9s  gpu=2.7s
2026-05-10 16:13:03  INFO      Fold 0 ep 309: loss=0.8887  epoch=53.5s  data_wait=51.0s  gpu=2.5s
2026-05-10 16:13:56  INFO      Fold 0 ep 310: loss=0.9090  epoch=53.0s  data_wait=50.5s  gpu=2.5s
2026-05-10 16:13:58  INFO        [Cont1_5             ]  imread image   1.8s  shape=(1428, 327, 514)  960 MB
2026-05-10 16:14:10  INFO        [Cont1_5             ]  imread masks   3.7s
2026-05-10 16:14:10  INFO        [Cont1_5             ]  load+combine   14.6s total
2026-05-10 16:14:13  INFO      fold=0 ep=310 loss=0.9090 dice=0.8230 inc=0.844 bone=0.912 molar=0.713 ep_s=53.0 val_s=17.5
2026-05-10 16:15:08  INFO      Fold 0 ep 311: loss=0.8688  epoch=54.5s  data_wait=51.8s  gpu=2.7s
2026-05-10 16:16:02  INFO      Fold 0 ep 312: loss=0.8884  epoch=53.6s  data_wait=50.8s  gpu=2.7s
2026-05-10 16:16:56  INFO      Fold 0 ep 313: loss=0.8791  epoch=54.6s  data_wait=51.8s  gpu=2.8s
2026-05-10 16:17:49  INFO      Fold 0 ep 314: loss=0.8828  epoch=53.2s  data_wait=50.6s  gpu=2.6s
2026-05-10 16:18:45  INFO      Fold 0 ep 315: loss=0.8695  epoch=55.5s  data_wait=52.9s  gpu=2.6s
2026-05-10 16:18:47  INFO        [Cont1_5             ]  imread image   2.0s  shape=(1428, 327, 514)  960 MB
2026-05-10 16:18:59  INFO        [Cont1_5             ]  imread masks   3.5s
2026-05-10 16:18:59  INFO        [Cont1_5             ]  load+combine   14.2s total
2026-05-10 16:19:02  INFO      fold=0 ep=315 loss=0.8695 dice=0.7884 inc=0.798 bone=0.903 molar=0.665 ep_s=55.5 val_s=17.0
2026-05-10 16:19:57  INFO      Fold 0 ep 316: loss=0.8679  epoch=54.7s  data_wait=52.2s  gpu=2.6s
2026-05-10 16:20:52  INFO      Fold 0 ep 317: loss=0.8475  epoch=55.0s  data_wait=52.4s  gpu=2.6s
2026-05-10 16:21:49  INFO      Fold 0 ep 318: loss=0.8559  epoch=56.8s  data_wait=54.2s  gpu=2.6s
2026-05-10 16:22:43  INFO      Fold 0 ep 319: loss=0.8477  epoch=54.6s  data_wait=52.1s  gpu=2.5s
2026-05-10 16:23:39  INFO      Fold 0 ep 320: loss=0.8509  epoch=55.4s  data_wait=52.8s  gpu=2.6s
2026-05-10 16:23:41  INFO        [Cont1_5             ]  imread image   2.2s  shape=(1428, 327, 514)  960 MB
2026-05-10 16:23:53  INFO        [Cont1_5             ]  imread masks   3.3s
2026-05-10 16:23:53  INFO        [Cont1_5             ]  load+combine   14.4s total
2026-05-10 16:23:56  INFO      fold=0 ep=320 loss=0.8509 dice=0.8210 inc=0.832 bone=0.906 molar=0.724 ep_s=55.4 val_s=17.3
2026-05-10 16:24:53  INFO      Fold 0 ep 321: loss=0.8558  epoch=56.7s  data_wait=54.2s  gpu=2.4s
2026-05-10 16:25:48  INFO      Fold 0 ep 322: loss=0.8748  epoch=55.6s  data_wait=53.0s  gpu=2.6s
2026-05-10 16:26:44  INFO      Fold 0 ep 323: loss=0.8914  epoch=55.6s  data_wait=52.9s  gpu=2.7s
2026-05-10 16:27:40  INFO      Fold 0 ep 324: loss=0.8705  epoch=56.2s  data_wait=53.6s  gpu=2.6s
2026-05-10 16:28:35  INFO      Fold 0 ep 325: loss=0.8789  epoch=55.2s  data_wait=52.6s  gpu=2.6s
2026-05-10 16:28:38  INFO        [Cont1_5             ]  imread image   2.2s  shape=(1428, 327, 514)  960 MB
2026-05-10 16:28:49  INFO        [Cont1_5             ]  imread masks   3.2s
2026-05-10 16:28:49  INFO        [Cont1_5             ]  load+combine   14.0s total
2026-05-10 16:28:52  INFO      fold=0 ep=325 loss=0.8789 dice=0.8231 inc=0.868 bone=0.889 molar=0.712 ep_s=55.2 val_s=16.9
2026-05-10 16:29:48  INFO      Fold 0 ep 326: loss=0.8537  epoch=55.7s  data_wait=53.1s  gpu=2.6s
2026-05-10 16:30:42  INFO      Fold 0 ep 327: loss=0.8682  epoch=54.0s  data_wait=51.4s  gpu=2.6s
2026-05-10 16:31:37  INFO      Fold 0 ep 328: loss=0.8484  epoch=54.6s  data_wait=52.1s  gpu=2.5s
2026-05-10 16:32:33  INFO      Fold 0 ep 329: loss=0.8964  epoch=56.2s  data_wait=53.5s  gpu=2.7s
2026-05-10 16:33:28  INFO      Fold 0 ep 330: loss=0.8669  epoch=54.8s  data_wait=52.4s  gpu=2.4s
2026-05-10 16:33:30  INFO        [Cont1_5             ]  imread image   2.2s  shape=(1428, 327, 514)  960 MB
2026-05-10 16:33:42  INFO        [Cont1_5             ]  imread masks   3.4s
2026-05-10 16:33:42  INFO        [Cont1_5             ]  load+combine   14.7s total
2026-05-10 16:33:45  INFO      fold=0 ep=330 loss=0.8669 dice=0.8473 inc=0.878 bone=0.912 molar=0.752 ep_s=54.8 val_s=17.5
2026-05-10 16:33:45  INFO      Fold 0: early stop at ep 330  best=0.9024
2026-05-10 16:33:52  INFO      Fold 1: loading 8 training samples into RAM...
2026-05-10 16:33:54  INFO        Loaded Cont1_5               shape=(1, 1444, 343, 530)  2363 MB  2.4s
2026-05-10 16:33:59  INFO        Loaded Odam-CRE-A            shape=(1, 1421, 495, 855)  5413 MB  5.2s
2026-05-10 16:34:04  INFO        Loaded Odam-CRE-B            shape=(1, 1571, 464, 821)  5386 MB  5.1s
2026-05-10 16:34:08  INFO        Loaded Odam-CRE-C            shape=(1, 1353, 406, 820)  4054 MB  4.0s
2026-05-10 16:34:14  INFO        Loaded Odam-CRE-Hifla-A      shape=(1, 1469, 472, 846)  5279 MB  5.8s
2026-05-10 16:34:22  INFO        Loaded Odam-CRE-Hifla-B      shape=(1, 1471, 486, 818)  5263 MB  7.5s
2026-05-10 16:34:29  INFO        Loaded Odam-CRE-Hifla-C      shape=(1, 1630, 434, 752)  4788 MB  7.0s
2026-05-10 16:34:32  INFO        Loaded P27RKO_8um_2K__reoriented  shape=(1, 1550, 245, 672)  2297 MB  3.5s
2026-05-10 16:34:32  INFO      All 8 samples in RAM  total=34842 MB  40.5s
2026-05-10 16:34:32  INFO      Fold 1: dataset ready  items=8  load=40.5s
2026-05-10 16:34:32  INFO      Fold 1: extending from ep 285  best=0.8744  lr=1.0e-04
2026-05-10 16:34:32  INFO      Fold 1: entering training loop  start_epoch=285
2026-05-10 16:34:46  INFO      Fold 1 ep 286: first batch  wait=13.5s  shape=[48, 1, 96, 96, 96]
2026-05-10 16:35:27  INFO      Fold 1 ep 286: loss=1.1213  epoch=54.8s  data_wait=52.2s  gpu=2.6s
2026-05-10 16:36:22  INFO      Fold 1 ep 287: loss=1.0562  epoch=54.4s  data_wait=51.7s  gpu=2.7s
2026-05-10 16:37:12  INFO      Fold 1 ep 288: loss=0.9615  epoch=50.4s  data_wait=47.6s  gpu=2.8s
2026-05-10 16:38:02  INFO      Fold 1 ep 289: loss=0.9112  epoch=49.7s  data_wait=47.1s  gpu=2.6s
2026-05-10 16:38:57  INFO      Fold 1 ep 290: loss=1.0099  epoch=54.8s  data_wait=52.2s  gpu=2.6s
2026-05-10 16:39:00  INFO        [Frag_4              ]  imread image   3.5s  shape=(1468, 425, 474)  1183 MB
2026-05-10 16:39:15  INFO        [Frag_4              ]  imread masks   3.4s
2026-05-10 16:39:15  INFO        [Frag_4              ]  load+combine   18.7s total
2026-05-10 16:39:29  INFO      fold=1 ep=290 loss=1.0099 dice=0.6537 inc=0.618 bone=0.820 molar=0.523 ep_s=54.8 val_s=32.8
2026-05-10 16:40:24  INFO      Fold 1 ep 291: loss=0.9695  epoch=54.0s  data_wait=51.5s  gpu=2.5s
2026-05-10 16:41:20  INFO      Fold 1 ep 292: loss=0.9398  epoch=56.2s  data_wait=53.7s  gpu=2.6s
2026-05-10 16:42:16  INFO      Fold 1 ep 293: loss=0.9319  epoch=56.6s  data_wait=54.0s  gpu=2.5s
2026-05-10 16:43:12  INFO      Fold 1 ep 294: loss=0.9432  epoch=55.6s  data_wait=53.0s  gpu=2.6s
2026-05-10 16:44:08  INFO      Fold 1 ep 295: loss=0.9624  epoch=56.6s  data_wait=53.8s  gpu=2.7s
2026-05-10 16:44:11  INFO        [Frag_4              ]  imread image   2.2s  shape=(1468, 425, 474)  1183 MB
2026-05-10 16:44:25  INFO        [Frag_4              ]  imread masks   3.8s
2026-05-10 16:44:26  INFO        [Frag_4              ]  load+combine   17.2s total
2026-05-10 16:44:29  INFO      fold=1 ep=295 loss=0.9624 dice=0.7038 inc=0.696 bone=0.852 molar=0.563 ep_s=56.6 val_s=20.9
2026-05-10 16:45:24  INFO      Fold 1 ep 296: loss=0.9330  epoch=54.9s  data_wait=52.1s  gpu=2.8s
2026-05-10 16:46:17  INFO      Fold 1 ep 297: loss=0.8971  epoch=53.0s  data_wait=50.3s  gpu=2.7s
2026-05-10 16:47:14  INFO      Fold 1 ep 298: loss=0.8834  epoch=56.8s  data_wait=54.1s  gpu=2.7s
2026-05-10 16:48:10  INFO      Fold 1 ep 299: loss=0.8941  epoch=56.2s  data_wait=53.6s  gpu=2.6s
2026-05-10 16:49:04  INFO      Fold 1 ep 300: loss=0.9179  epoch=53.8s  data_wait=51.1s  gpu=2.6s
2026-05-10 16:49:06  INFO        [Frag_4              ]  imread image   1.8s  shape=(1468, 425, 474)  1183 MB
2026-05-10 16:49:20  INFO        [Frag_4              ]  imread masks   3.6s
2026-05-10 16:49:20  INFO        [Frag_4              ]  load+combine   16.0s total
2026-05-10 16:49:24  INFO      fold=1 ep=300 loss=0.9179 dice=0.7369 inc=0.746 bone=0.872 molar=0.592 ep_s=53.8 val_s=19.8
2026-05-10 16:50:19  INFO      Fold 1 ep 301: loss=0.8908  epoch=55.1s  data_wait=52.6s  gpu=2.5s
2026-05-10 16:51:13  INFO      Fold 1 ep 302: loss=0.9085  epoch=54.0s  data_wait=51.1s  gpu=2.9s
2026-05-10 16:52:07  INFO      Fold 1 ep 303: loss=0.9405  epoch=54.1s  data_wait=51.5s  gpu=2.6s
2026-05-10 16:53:02  INFO      Fold 1 ep 304: loss=0.9426  epoch=54.4s  data_wait=51.8s  gpu=2.6s
2026-05-10 16:53:57  INFO      Fold 1 ep 305: loss=0.8582  epoch=55.8s  data_wait=53.1s  gpu=2.6s
2026-05-10 16:53:59  INFO        [Frag_4              ]  imread image   1.8s  shape=(1468, 425, 474)  1183 MB
2026-05-10 16:54:13  INFO        [Frag_4              ]  imread masks   3.8s
2026-05-10 16:54:13  INFO        [Frag_4              ]  load+combine   16.0s total
2026-05-10 16:54:17  INFO      fold=1 ep=305 loss=0.8582 dice=0.7386 inc=0.719 bone=0.886 molar=0.611 ep_s=55.8 val_s=19.7
2026-05-10 16:55:15  INFO      Fold 1 ep 306: loss=0.9140  epoch=57.3s  data_wait=54.6s  gpu=2.7s
2026-05-10 16:56:11  INFO      Fold 1 ep 307: loss=0.8765  epoch=56.0s  data_wait=53.4s  gpu=2.6s
2026-05-10 16:57:06  INFO      Fold 1 ep 308: loss=0.8807  epoch=55.8s  data_wait=53.1s  gpu=2.6s
2026-05-10 16:58:03  INFO      Fold 1 ep 309: loss=0.8923  epoch=56.2s  data_wait=53.4s  gpu=2.7s
2026-05-10 16:58:57  INFO      Fold 1 ep 310: loss=0.8757  epoch=54.4s  data_wait=51.5s  gpu=2.9s
2026-05-10 16:58:59  INFO        [Frag_4              ]  imread image   2.3s  shape=(1468, 425, 474)  1183 MB
2026-05-10 16:59:13  INFO        [Frag_4              ]  imread masks   3.8s
2026-05-10 16:59:14  INFO        [Frag_4              ]  load+combine   16.7s total
2026-05-10 16:59:17  INFO      fold=1 ep=310 loss=0.8757 dice=0.7292 inc=0.723 bone=0.870 molar=0.595 ep_s=54.4 val_s=20.3
2026-05-10 17:00:10  INFO      Fold 1 ep 311: loss=0.9061  epoch=52.5s  data_wait=50.0s  gpu=2.6s
2026-05-10 17:01:01  INFO      Fold 1 ep 312: loss=0.8785  epoch=50.6s  data_wait=48.0s  gpu=2.6s
2026-05-10 17:01:54  INFO      Fold 1 ep 313: loss=0.8859  epoch=53.8s  data_wait=51.0s  gpu=2.8s
2026-05-10 17:02:45  INFO      Fold 1 ep 314: loss=0.8916  epoch=50.7s  data_wait=48.2s  gpu=2.5s
2026-05-10 17:03:40  INFO      Fold 1 ep 315: loss=0.9447  epoch=55.0s  data_wait=52.4s  gpu=2.6s
2026-05-10 17:03:42  INFO        [Frag_4              ]  imread image   2.3s  shape=(1468, 425, 474)  1183 MB
2026-05-10 17:03:56  INFO        [Frag_4              ]  imread masks   3.7s
2026-05-10 17:03:57  INFO        [Frag_4              ]  load+combine   16.5s total
2026-05-10 17:04:00  INFO      fold=1 ep=315 loss=0.9447 dice=0.7159 inc=0.764 bone=0.840 molar=0.543 ep_s=55.0 val_s=20.1
2026-05-10 17:04:56  INFO      Fold 1 ep 316: loss=0.8653  epoch=55.7s  data_wait=53.0s  gpu=2.7s
2026-05-10 17:05:49  INFO      Fold 1 ep 317: loss=0.8630  epoch=52.7s  data_wait=50.2s  gpu=2.5s
2026-05-10 17:06:42  INFO      Fold 1 ep 318: loss=0.9040  epoch=53.6s  data_wait=50.9s  gpu=2.7s
2026-05-10 17:07:36  INFO      Fold 1 ep 319: loss=0.8786  epoch=54.0s  data_wait=51.5s  gpu=2.5s
2026-05-10 17:08:29  INFO      Fold 1 ep 320: loss=0.8232  epoch=53.0s  data_wait=50.5s  gpu=2.5s
2026-05-10 17:08:32  INFO        [Frag_4              ]  imread image   2.1s  shape=(1468, 425, 474)  1183 MB
2026-05-10 17:08:46  INFO        [Frag_4              ]  imread masks   3.8s
2026-05-10 17:08:46  INFO        [Frag_4              ]  load+combine   16.5s total
2026-05-10 17:08:49  INFO      fold=1 ep=320 loss=0.8232 dice=0.7899 inc=0.813 bone=0.899 molar=0.657 ep_s=53.0 val_s=20.1
2026-05-10 17:09:43  INFO      Fold 1 ep 321: loss=0.9075  epoch=53.7s  data_wait=51.3s  gpu=2.4s
2026-05-10 17:10:38  INFO      Fold 1 ep 322: loss=0.8566  epoch=55.0s  data_wait=52.3s  gpu=2.7s
2026-05-10 17:11:37  INFO      Fold 1 ep 323: loss=0.8686  epoch=58.6s  data_wait=55.8s  gpu=2.7s
2026-05-10 17:12:31  INFO      Fold 1 ep 324: loss=0.8780  epoch=53.6s  data_wait=51.0s  gpu=2.6s
2026-05-10 17:13:27  INFO      Fold 1 ep 325: loss=0.8743  epoch=56.4s  data_wait=53.7s  gpu=2.7s
2026-05-10 17:13:29  INFO        [Frag_4              ]  imread image   2.2s  shape=(1468, 425, 474)  1183 MB
2026-05-10 17:13:43  INFO        [Frag_4              ]  imread masks   3.7s
2026-05-10 17:13:43  INFO        [Frag_4              ]  load+combine   16.4s total
2026-05-10 17:13:47  INFO      fold=1 ep=325 loss=0.8743 dice=0.8014 inc=0.823 bone=0.904 molar=0.678 ep_s=56.4 val_s=20.1
2026-05-10 17:14:43  INFO      Fold 1 ep 326: loss=0.8259  epoch=56.1s  data_wait=53.6s  gpu=2.5s
2026-05-10 17:15:40  INFO      Fold 1 ep 327: loss=0.8220  epoch=57.0s  data_wait=54.3s  gpu=2.7s
2026-05-10 17:16:34  INFO      Fold 1 ep 328: loss=0.8616  epoch=54.0s  data_wait=51.4s  gpu=2.6s
2026-05-10 17:17:29  INFO      Fold 1 ep 329: loss=0.8946  epoch=55.2s  data_wait=52.7s  gpu=2.4s
2026-05-10 17:18:26  INFO      Fold 1 ep 330: loss=0.8678  epoch=56.4s  data_wait=53.7s  gpu=2.7s
2026-05-10 17:18:28  INFO        [Frag_4              ]  imread image   2.2s  shape=(1468, 425, 474)  1183 MB
2026-05-10 17:18:42  INFO        [Frag_4              ]  imread masks   3.7s
2026-05-10 17:18:42  INFO        [Frag_4              ]  load+combine   16.5s total
2026-05-10 17:18:46  INFO      fold=1 ep=330 loss=0.8678 dice=0.7472 inc=0.782 bone=0.853 molar=0.607 ep_s=56.4 val_s=20.1
2026-05-10 17:19:43  INFO      Fold 1 ep 331: loss=0.8703  epoch=56.9s  data_wait=54.1s  gpu=2.8s
2026-05-10 17:20:36  INFO      Fold 1 ep 332: loss=0.8505  epoch=53.4s  data_wait=50.8s  gpu=2.6s
2026-05-10 17:21:33  INFO      Fold 1 ep 333: loss=0.8723  epoch=56.2s  data_wait=53.4s  gpu=2.8s
2026-05-10 17:22:27  INFO      Fold 1 ep 334: loss=0.8785  epoch=54.2s  data_wait=51.5s  gpu=2.7s
2026-05-10 17:23:19  INFO      Fold 1 ep 335: loss=0.8258  epoch=51.8s  data_wait=49.3s  gpu=2.5s
2026-05-10 17:23:21  INFO        [Frag_4              ]  imread image   2.2s  shape=(1468, 425, 474)  1183 MB
2026-05-10 17:23:35  INFO        [Frag_4              ]  imread masks   3.8s
2026-05-10 17:23:35  INFO        [Frag_4              ]  load+combine   16.6s total
2026-05-10 17:23:39  INFO      fold=1 ep=335 loss=0.8258 dice=0.7505 inc=0.777 bone=0.864 molar=0.610 ep_s=51.8 val_s=20.3
2026-05-10 17:23:39  INFO      Fold 1: early stop at ep 335  best=0.8744
2026-05-10 17:23:44  INFO      Fold 2: loading 8 training samples into RAM...
2026-05-10 17:23:46  INFO        Loaded Cont1_5               shape=(1, 1444, 343, 530)  2363 MB  2.3s
2026-05-10 17:23:49  INFO        Loaded Frag_4                shape=(1, 1484, 441, 490)  2886 MB  2.9s
2026-05-10 17:23:54  INFO        Loaded Odam-CRE-B            shape=(1, 1571, 464, 821)  5386 MB  5.0s
2026-05-10 17:23:58  INFO        Loaded Odam-CRE-C            shape=(1, 1353, 406, 820)  4054 MB  3.7s
2026-05-10 17:24:03  INFO        Loaded Odam-CRE-Hifla-A      shape=(1, 1469, 472, 846)  5279 MB  5.0s
2026-05-10 17:24:09  INFO        Loaded Odam-CRE-Hifla-B      shape=(1, 1471, 486, 818)  5263 MB  6.5s
2026-05-10 17:24:17  INFO        Loaded Odam-CRE-Hifla-C      shape=(1, 1630, 434, 752)  4788 MB  7.3s
2026-05-10 17:24:20  INFO        Loaded P27RKO_8um_2K__reoriented  shape=(1, 1550, 245, 672)  2297 MB  3.5s
2026-05-10 17:24:20  INFO      All 8 samples in RAM  total=32316 MB  36.3s
2026-05-10 17:24:20  INFO      Fold 2: dataset ready  items=8  load=36.3s
2026-05-10 17:24:21  INFO      Fold 2: extending from ep 285  best=0.8758  lr=1.0e-04
2026-05-10 17:24:21  INFO      Fold 2: entering training loop  start_epoch=285
2026-05-10 17:24:35  INFO      Fold 2 ep 286: first batch  wait=14.4s  shape=[48, 1, 96, 96, 96]
2026-05-10 17:25:17  INFO      Fold 2 ep 286: loss=1.0673  epoch=56.3s  data_wait=53.9s  gpu=2.5s
2026-05-10 17:26:13  INFO      Fold 2 ep 287: loss=1.0081  epoch=56.2s  data_wait=53.5s  gpu=2.6s
2026-05-10 17:27:06  INFO      Fold 2 ep 288: loss=0.9991  epoch=52.8s  data_wait=50.1s  gpu=2.7s
2026-05-10 17:28:00  INFO      Fold 2 ep 289: loss=0.9391  epoch=54.4s  data_wait=51.8s  gpu=2.5s
2026-05-10 17:28:56  INFO      Fold 2 ep 290: loss=0.9745  epoch=55.6s  data_wait=52.8s  gpu=2.8s
2026-05-10 17:29:01  INFO        [Odam-CRE-A          ]  imread image   4.8s  shape=(1405, 479, 839)  2259 MB
2026-05-10 17:29:22  INFO        [Odam-CRE-A          ]  imread masks   5.3s
2026-05-10 17:29:23  INFO        [Odam-CRE-A          ]  load+combine   27.0s total
2026-05-10 17:29:58  INFO      fold=2 ep=290 loss=0.9745 dice=0.7310 inc=0.830 bone=0.834 molar=0.529 ep_s=55.6 val_s=61.8
2026-05-10 17:30:55  INFO      Fold 2 ep 291: loss=0.9488  epoch=57.1s  data_wait=54.6s  gpu=2.5s
2026-05-10 17:31:53  INFO      Fold 2 ep 292: loss=0.8987  epoch=58.0s  data_wait=55.2s  gpu=2.7s
2026-05-10 17:32:50  INFO      Fold 2 ep 293: loss=0.8908  epoch=57.0s  data_wait=54.2s  gpu=2.8s
2026-05-10 17:33:47  INFO      Fold 2 ep 294: loss=0.9142  epoch=56.8s  data_wait=54.0s  gpu=2.8s
2026-05-10 17:34:44  INFO      Fold 2 ep 295: loss=0.9349  epoch=57.1s  data_wait=54.7s  gpu=2.5s
2026-05-10 17:34:51  INFO        [Odam-CRE-A          ]  imread image   7.1s  shape=(1405, 479, 839)  2259 MB
2026-05-10 17:35:23  INFO        [Odam-CRE-A          ]  imread masks   5.6s
2026-05-10 17:35:23  INFO        [Odam-CRE-A          ]  load+combine   39.2s total
2026-05-10 17:35:48  INFO      fold=2 ep=295 loss=0.9349 dice=0.7727 inc=0.874 bone=0.864 molar=0.580 ep_s=57.1 val_s=63.7
2026-05-10 17:36:49  INFO      Fold 2 ep 296: loss=0.9251  epoch=60.6s  data_wait=43.3s  gpu=17.4s
2026-05-10 17:37:49  INFO      Fold 2 ep 297: loss=0.9036  epoch=60.6s  data_wait=38.5s  gpu=22.1s
2026-05-10 17:38:50  INFO      Fold 2 ep 298: loss=0.9203  epoch=60.6s  data_wait=38.4s  gpu=22.2s
2026-05-10 17:39:52  INFO      Fold 2 ep 299: loss=0.8903  epoch=61.7s  data_wait=39.7s  gpu=22.1s
2026-05-10 17:40:52  INFO      Fold 2 ep 300: loss=0.8882  epoch=60.4s  data_wait=38.3s  gpu=22.1s
2026-05-10 17:40:57  INFO        [Odam-CRE-A          ]  imread image   4.8s  shape=(1405, 479, 839)  2259 MB
2026-05-10 17:41:17  INFO        [Odam-CRE-A          ]  imread masks   5.0s
2026-05-10 17:41:18  INFO        [Odam-CRE-A          ]  load+combine   26.1s total
2026-05-10 17:41:53  INFO      fold=2 ep=300 loss=0.8882 dice=0.7844 inc=0.872 bone=0.870 molar=0.611 ep_s=60.4 val_s=60.7
2026-05-10 17:42:50  INFO      Fold 2 ep 301: loss=0.8955  epoch=57.2s  data_wait=54.1s  gpu=3.2s
2026-05-10 17:43:44  INFO      Fold 2 ep 302: loss=0.9224  epoch=54.2s  data_wait=51.0s  gpu=3.2s
2026-05-10 17:44:39  INFO      Fold 2 ep 303: loss=0.9395  epoch=55.0s  data_wait=51.9s  gpu=3.1s
2026-05-10 17:45:39  INFO      Fold 2 ep 304: loss=0.9209  epoch=60.0s  data_wait=56.7s  gpu=3.3s
2026-05-10 17:46:36  INFO      Fold 2 ep 305: loss=0.8539  epoch=57.0s  data_wait=53.9s  gpu=3.1s
2026-05-10 17:46:41  INFO        [Odam-CRE-A          ]  imread image   4.4s  shape=(1405, 479, 839)  2259 MB
2026-05-10 17:47:03  INFO        [Odam-CRE-A          ]  imread masks   5.0s
2026-05-10 17:47:03  INFO        [Odam-CRE-A          ]  load+combine   27.2s total
2026-05-10 17:47:41  INFO      fold=2 ep=305 loss=0.8539 dice=0.7882 inc=0.876 bone=0.873 molar=0.615 ep_s=57.0 val_s=64.3
2026-05-10 17:48:41  INFO      Fold 2 ep 306: loss=0.8882  epoch=59.7s  data_wait=42.2s  gpu=17.5s
2026-05-10 17:49:40  INFO      Fold 2 ep 307: loss=0.8847  epoch=59.7s  data_wait=37.6s  gpu=22.2s
2026-05-10 17:50:38  INFO      Fold 2 ep 308: loss=0.8807  epoch=57.6s  data_wait=35.2s  gpu=22.4s
2026-05-10 17:51:37  INFO      Fold 2 ep 309: loss=0.8863  epoch=59.2s  data_wait=36.9s  gpu=22.3s
2026-05-10 17:52:34  INFO      Fold 2 ep 310: loss=0.8890  epoch=57.4s  data_wait=35.1s  gpu=22.3s
2026-05-10 17:52:39  INFO        [Odam-CRE-A          ]  imread image   5.0s  shape=(1405, 479, 839)  2259 MB
2026-05-10 17:53:04  INFO        [Odam-CRE-A          ]  imread masks   4.9s
2026-05-10 17:53:04  INFO        [Odam-CRE-A          ]  load+combine   30.1s total
2026-05-10 17:53:39  INFO      fold=2 ep=310 loss=0.8890 dice=0.7982 inc=0.886 bone=0.875 molar=0.633 ep_s=57.4 val_s=64.8
2026-05-10 17:54:35  INFO      Fold 2 ep 311: loss=0.8944  epoch=55.5s  data_wait=52.4s  gpu=3.1s
2026-05-10 17:55:30  INFO      Fold 2 ep 312: loss=0.8840  epoch=54.7s  data_wait=51.6s  gpu=3.1s
2026-05-10 17:56:25  INFO      Fold 2 ep 313: loss=0.8756  epoch=55.0s  data_wait=51.7s  gpu=3.3s
2026-05-10 17:57:18  INFO      Fold 2 ep 314: loss=0.8791  epoch=53.2s  data_wait=50.1s  gpu=3.1s
2026-05-10 17:58:15  INFO      Fold 2 ep 315: loss=0.9405  epoch=57.2s  data_wait=53.8s  gpu=3.3s
2026-05-10 17:58:20  INFO        [Odam-CRE-A          ]  imread image   5.0s  shape=(1405, 479, 839)  2259 MB
2026-05-10 17:58:42  INFO        [Odam-CRE-A          ]  imread masks   4.5s
2026-05-10 17:58:43  INFO        [Odam-CRE-A          ]  load+combine   28.1s total
2026-05-10 17:59:20  INFO      fold=2 ep=315 loss=0.9405 dice=0.8027 inc=0.888 bone=0.868 molar=0.652 ep_s=57.2 val_s=65.1
2026-05-10 18:00:22  INFO      Fold 2 ep 316: loss=0.8441  epoch=62.1s  data_wait=45.0s  gpu=17.2s
2026-05-10 18:01:22  INFO      Fold 2 ep 317: loss=0.8851  epoch=60.0s  data_wait=38.0s  gpu=22.1s
2026-05-10 18:02:23  INFO      Fold 2 ep 318: loss=0.8998  epoch=60.4s  data_wait=38.2s  gpu=22.2s
2026-05-10 18:03:22  INFO      Fold 2 ep 319: loss=0.8814  epoch=59.0s  data_wait=36.6s  gpu=22.4s
2026-05-10 18:04:21  INFO      Fold 2 ep 320: loss=0.8305  epoch=58.7s  data_wait=36.3s  gpu=22.5s
2026-05-10 18:04:26  INFO        [Odam-CRE-A          ]  imread image   5.0s  shape=(1405, 479, 839)  2259 MB
2026-05-10 18:04:47  INFO        [Odam-CRE-A          ]  imread masks   4.8s
2026-05-10 18:04:48  INFO        [Odam-CRE-A          ]  load+combine   27.5s total
2026-05-10 18:05:23  INFO      fold=2 ep=320 loss=0.8305 dice=0.8307 inc=0.912 bone=0.882 molar=0.698 ep_s=58.7 val_s=62.1
2026-05-10 18:06:19  INFO      Fold 2 ep 321: loss=0.9029  epoch=56.3s  data_wait=53.4s  gpu=2.9s
2026-05-10 18:07:14  INFO      Fold 2 ep 322: loss=0.8642  epoch=55.3s  data_wait=52.2s  gpu=3.1s
2026-05-10 18:08:13  INFO      Fold 2 ep 323: loss=0.8617  epoch=58.8s  data_wait=55.8s  gpu=3.0s
2026-05-10 18:09:09  INFO      Fold 2 ep 324: loss=0.8847  epoch=55.3s  data_wait=52.1s  gpu=3.3s
2026-05-10 18:10:06  INFO      Fold 2 ep 325: loss=0.8561  epoch=57.4s  data_wait=54.4s  gpu=3.0s
2026-05-10 18:10:11  INFO        [Odam-CRE-A          ]  imread image   4.6s  shape=(1405, 479, 839)  2259 MB
2026-05-10 18:10:34  INFO        [Odam-CRE-A          ]  imread masks   4.6s
2026-05-10 18:10:35  INFO        [Odam-CRE-A          ]  load+combine   28.7s total
2026-05-10 18:11:12  INFO      fold=2 ep=325 loss=0.8561 dice=0.8368 inc=0.911 bone=0.893 molar=0.706 ep_s=57.4 val_s=65.5
2026-05-10 18:12:15  INFO      Fold 2 ep 326: loss=0.8295  epoch=63.1s  data_wait=45.8s  gpu=17.4s
2026-05-10 18:13:16  INFO      Fold 2 ep 327: loss=0.7877  epoch=61.6s  data_wait=39.3s  gpu=22.3s
2026-05-10 18:14:16  INFO      Fold 2 ep 328: loss=0.8417  epoch=59.6s  data_wait=37.2s  gpu=22.3s
2026-05-10 18:15:17  INFO      Fold 2 ep 329: loss=0.8676  epoch=60.8s  data_wait=38.6s  gpu=22.2s
2026-05-10 18:16:16  INFO      Fold 2 ep 330: loss=0.8646  epoch=59.1s  data_wait=36.9s  gpu=22.2s
2026-05-10 18:16:21  INFO        [Odam-CRE-A          ]  imread image   4.7s  shape=(1405, 479, 839)  2259 MB
2026-05-10 18:16:42  INFO        [Odam-CRE-A          ]  imread masks   4.9s
2026-05-10 18:16:43  INFO        [Odam-CRE-A          ]  load+combine   26.5s total
2026-05-10 18:17:17  INFO      fold=2 ep=330 loss=0.8646 dice=0.8262 inc=0.915 bone=0.875 molar=0.688 ep_s=59.1 val_s=61.0
2026-05-10 18:18:13  INFO      Fold 2 ep 331: loss=0.8665  epoch=55.4s  data_wait=52.3s  gpu=3.1s
2026-05-10 18:19:08  INFO      Fold 2 ep 332: loss=0.8611  epoch=55.2s  data_wait=51.9s  gpu=3.3s
2026-05-10 18:20:05  INFO      Fold 2 ep 333: loss=0.8767  epoch=56.8s  data_wait=53.8s  gpu=3.0s
2026-05-10 18:21:00  INFO      Fold 2 ep 334: loss=0.8776  epoch=55.8s  data_wait=52.8s  gpu=3.0s
2026-05-10 18:21:53  INFO      Fold 2 ep 335: loss=0.8301  epoch=52.7s  data_wait=49.6s  gpu=3.1s
2026-05-10 18:21:57  INFO        [Odam-CRE-A          ]  imread image   4.2s  shape=(1405, 479, 839)  2259 MB
2026-05-10 18:22:28  INFO        [Odam-CRE-A          ]  imread masks   5.2s
2026-05-10 18:22:28  INFO        [Odam-CRE-A          ]  load+combine   35.3s total
2026-05-10 18:23:05  INFO      fold=2 ep=335 loss=0.8301 dice=0.8234 inc=0.904 bone=0.878 molar=0.688 ep_s=52.7 val_s=72.3
2026-05-10 18:23:06  INFO      Fold 2: early stop at ep 335  best=0.8758
2026-05-10 18:23:14  INFO      Fold 3: loading 8 training samples into RAM...
2026-05-10 18:23:16  INFO        Loaded Cont1_5               shape=(1, 1444, 343, 530)  2363 MB  2.5s
2026-05-10 18:23:19  INFO        Loaded Frag_4                shape=(1, 1484, 441, 490)  2886 MB  2.6s
2026-05-10 18:23:24  INFO        Loaded Odam-CRE-A            shape=(1, 1421, 495, 855)  5413 MB  5.3s
2026-05-10 18:23:28  INFO        Loaded Odam-CRE-C            shape=(1, 1353, 406, 820)  4054 MB  4.1s
2026-05-10 18:23:33  INFO        Loaded Odam-CRE-Hifla-A      shape=(1, 1469, 472, 846)  5279 MB  5.1s
2026-05-10 18:23:41  INFO        Loaded Odam-CRE-Hifla-B      shape=(1, 1471, 486, 818)  5263 MB  7.3s
2026-05-10 18:23:48  INFO        Loaded Odam-CRE-Hifla-C      shape=(1, 1630, 434, 752)  4788 MB  7.5s
2026-05-10 18:23:52  INFO        Loaded P27RKO_8um_2K__reoriented  shape=(1, 1550, 245, 672)  2297 MB  3.6s
2026-05-10 18:23:52  INFO      All 8 samples in RAM  total=32342 MB  38.0s
2026-05-10 18:23:52  INFO      Fold 3: dataset ready  items=8  load=38.0s
2026-05-10 18:23:52  INFO      Fold 3: extending from ep 260  best=0.8735  lr=1.0e-04
2026-05-10 18:23:52  INFO      Fold 3: entering training loop  start_epoch=260
2026-05-10 18:24:06  INFO      Fold 3 ep 261: first batch  wait=13.5s  shape=[48, 1, 96, 96, 96]
2026-05-10 18:24:46  INFO      Fold 3 ep 261: loss=1.1065  epoch=53.6s  data_wait=41.3s  gpu=12.3s
2026-05-10 18:25:43  INFO      Fold 3 ep 262: loss=1.0455  epoch=56.9s  data_wait=40.6s  gpu=16.3s
2026-05-10 18:26:41  INFO      Fold 3 ep 263: loss=0.9979  epoch=57.6s  data_wait=40.6s  gpu=17.0s
2026-05-10 18:27:33  INFO      Fold 3 ep 264: loss=0.9756  epoch=52.8s  data_wait=40.8s  gpu=12.0s
2026-05-10 18:28:31  INFO      Fold 3 ep 265: loss=0.9952  epoch=57.6s  data_wait=42.1s  gpu=15.5s
2026-05-10 18:28:36  INFO        [Odam-CRE-B          ]  imread image   5.0s  shape=(1555, 448, 805)  2243 MB
2026-05-10 18:29:00  INFO        [Odam-CRE-B          ]  imread masks   4.6s
2026-05-10 18:29:01  INFO        [Odam-CRE-B          ]  load+combine   30.1s total
2026-05-10 18:29:47  INFO      fold=3 ep=265 loss=0.9952 dice=0.6802 inc=0.782 bone=0.788 molar=0.470 ep_s=57.6 val_s=75.9
2026-05-10 18:30:51  INFO      Fold 3 ep 266: loss=0.9502  epoch=64.1s  data_wait=29.2s  gpu=34.9s
2026-05-10 18:31:55  INFO      Fold 3 ep 267: loss=0.9224  epoch=64.0s  data_wait=28.6s  gpu=35.4s
2026-05-10 18:32:59  INFO      Fold 3 ep 268: loss=0.8899  epoch=63.9s  data_wait=28.3s  gpu=35.6s
2026-05-10 18:34:02  INFO      Fold 3 ep 269: loss=0.9284  epoch=63.4s  data_wait=27.8s  gpu=35.6s
2026-05-10 18:35:08  INFO      Fold 3 ep 270: loss=0.9314  epoch=65.8s  data_wait=30.1s  gpu=35.7s
2026-05-10 18:35:12  INFO        [Odam-CRE-B          ]  imread image   4.1s  shape=(1555, 448, 805)  2243 MB
2026-05-10 18:35:47  INFO        [Odam-CRE-B          ]  imread masks   5.9s
2026-05-10 18:35:47  INFO        [Odam-CRE-B          ]  load+combine   39.1s total
2026-05-10 18:38:15  INFO      fold=3 ep=270 loss=0.9314 dice=0.7340 inc=0.847 bone=0.842 molar=0.513 ep_s=65.8 val_s=186.7
2026-05-10 18:39:11  INFO      Fold 3 ep 271: loss=0.9496  epoch=56.1s  data_wait=53.3s  gpu=2.8s
2026-05-10 18:40:06  INFO      Fold 3 ep 272: loss=0.8720  epoch=54.5s  data_wait=51.8s  gpu=2.8s
2026-05-10 18:41:03  INFO      Fold 3 ep 273: loss=0.9313  epoch=56.8s  data_wait=54.1s  gpu=2.7s
2026-05-10 18:42:00  INFO      Fold 3 ep 274: loss=0.8934  epoch=57.5s  data_wait=54.5s  gpu=3.0s
2026-05-10 18:42:56  INFO      Fold 3 ep 275: loss=0.8890  epoch=56.2s  data_wait=53.1s  gpu=3.1s
2026-05-10 18:43:00  INFO        [Odam-CRE-B          ]  imread image   4.1s  shape=(1555, 448, 805)  2243 MB
2026-05-10 18:43:25  INFO        [Odam-CRE-B          ]  imread masks   4.9s
2026-05-10 18:43:26  INFO        [Odam-CRE-B          ]  load+combine   29.7s total
2026-05-10 18:44:00  INFO      fold=3 ep=275 loss=0.8890 dice=0.7646 inc=0.872 bone=0.862 molar=0.560 ep_s=56.2 val_s=63.6
2026-05-10 18:44:55  INFO      Fold 3 ep 276: loss=0.8949  epoch=55.4s  data_wait=52.3s  gpu=3.1s
2026-05-10 18:45:48  INFO      Fold 3 ep 277: loss=0.9486  epoch=52.8s  data_wait=49.8s  gpu=2.9s
2026-05-10 18:46:42  INFO      Fold 3 ep 278: loss=0.9077  epoch=54.0s  data_wait=51.1s  gpu=2.9s
2026-05-10 18:47:37  INFO      Fold 3 ep 279: loss=0.9128  epoch=54.8s  data_wait=52.0s  gpu=2.9s
2026-05-10 18:48:30  INFO      Fold 3 ep 280: loss=0.8508  epoch=53.0s  data_wait=50.2s  gpu=2.7s
2026-05-10 18:48:33  INFO        [Odam-CRE-B          ]  imread image   3.1s  shape=(1555, 448, 805)  2243 MB
2026-05-10 18:48:59  INFO        [Odam-CRE-B          ]  imread masks   4.3s
2026-05-10 18:49:00  INFO        [Odam-CRE-B          ]  load+combine   29.6s total
2026-05-10 18:49:33  INFO      fold=3 ep=280 loss=0.8508 dice=0.7380 inc=0.872 bone=0.816 molar=0.526 ep_s=53.0 val_s=63.1
2026-05-10 18:50:29  INFO      Fold 3 ep 281: loss=0.8809  epoch=55.7s  data_wait=52.8s  gpu=2.9s
2026-05-10 18:51:22  INFO      Fold 3 ep 282: loss=0.8793  epoch=52.9s  data_wait=50.0s  gpu=2.9s
2026-05-10 18:52:16  INFO      Fold 3 ep 283: loss=0.8903  epoch=53.8s  data_wait=50.8s  gpu=3.0s
2026-05-10 18:53:10  INFO      Fold 3 ep 284: loss=0.8707  epoch=54.4s  data_wait=51.3s  gpu=3.1s
2026-05-10 18:54:05  INFO      Fold 3 ep 285: loss=0.8944  epoch=54.6s  data_wait=51.6s  gpu=3.0s
2026-05-10 18:54:08  INFO        [Odam-CRE-B          ]  imread image   3.2s  shape=(1555, 448, 805)  2243 MB
2026-05-10 18:54:32  INFO        [Odam-CRE-B          ]  imread masks   5.5s
2026-05-10 18:54:33  INFO        [Odam-CRE-B          ]  load+combine   27.8s total
2026-05-10 18:55:06  INFO      fold=3 ep=285 loss=0.8944 dice=0.7761 inc=0.881 bone=0.868 molar=0.579 ep_s=54.6 val_s=61.6
2026-05-10 18:56:01  INFO      Fold 3 ep 286: loss=0.9017  epoch=54.5s  data_wait=51.7s  gpu=2.8s
2026-05-10 18:56:56  INFO      Fold 3 ep 287: loss=0.8878  epoch=55.2s  data_wait=52.5s  gpu=2.7s
2026-05-10 18:57:52  INFO      Fold 3 ep 288: loss=0.8785  epoch=56.0s  data_wait=53.1s  gpu=2.9s
2026-05-10 18:58:46  INFO      Fold 3 ep 289: loss=0.8775  epoch=54.2s  data_wait=51.2s  gpu=2.9s
2026-05-10 18:59:43  INFO      Fold 3 ep 290: loss=0.9416  epoch=56.2s  data_wait=53.4s  gpu=2.8s
2026-05-10 18:59:45  INFO        [Odam-CRE-B          ]  imread image   2.8s  shape=(1555, 448, 805)  2243 MB
2026-05-10 19:00:11  INFO        [Odam-CRE-B          ]  imread masks   5.2s
2026-05-10 19:00:12  INFO        [Odam-CRE-B          ]  load+combine   29.2s total
2026-05-10 19:00:46  INFO      fold=3 ep=290 loss=0.9416 dice=0.7032 inc=0.878 bone=0.767 molar=0.464 ep_s=56.2 val_s=63.4
2026-05-10 19:01:45  INFO      Fold 3 ep 291: loss=0.8517  epoch=58.3s  data_wait=55.6s  gpu=2.7s
2026-05-10 19:02:40  INFO      Fold 3 ep 292: loss=0.8754  epoch=55.0s  data_wait=52.3s  gpu=2.7s
2026-05-10 19:03:35  INFO      Fold 3 ep 293: loss=0.9158  epoch=56.0s  data_wait=53.2s  gpu=2.7s
2026-05-10 19:04:30  INFO      Fold 3 ep 294: loss=0.8819  epoch=54.2s  data_wait=51.4s  gpu=2.8s
2026-05-10 19:05:23  INFO      Fold 3 ep 295: loss=0.8470  epoch=53.7s  data_wait=51.0s  gpu=2.7s
2026-05-10 19:05:28  INFO        [Odam-CRE-B          ]  imread image   4.4s  shape=(1555, 448, 805)  2243 MB
2026-05-10 19:05:53  INFO        [Odam-CRE-B          ]  imread masks   5.6s
2026-05-10 19:05:54  INFO        [Odam-CRE-B          ]  load+combine   30.2s total
2026-05-10 19:06:28  INFO      fold=3 ep=295 loss=0.8470 dice=0.7781 inc=0.897 bone=0.853 molar=0.584 ep_s=53.7 val_s=64.4
2026-05-10 19:07:24  INFO      Fold 3 ep 296: loss=0.8878  epoch=55.6s  data_wait=52.7s  gpu=2.9s
2026-05-10 19:08:19  INFO      Fold 3 ep 297: loss=0.8488  epoch=55.8s  data_wait=52.8s  gpu=2.9s
2026-05-10 19:09:17  INFO      Fold 3 ep 298: loss=0.8665  epoch=57.5s  data_wait=54.7s  gpu=2.9s
2026-05-10 19:10:12  INFO      Fold 3 ep 299: loss=0.8704  epoch=55.2s  data_wait=52.2s  gpu=3.0s
2026-05-10 19:11:09  INFO      Fold 3 ep 300: loss=0.8632  epoch=56.9s  data_wait=54.0s  gpu=2.9s
2026-05-10 19:11:14  INFO        [Odam-CRE-B          ]  imread image   4.5s  shape=(1555, 448, 805)  2243 MB
2026-05-10 19:11:38  INFO        [Odam-CRE-B          ]  imread masks   5.4s
2026-05-10 19:11:39  INFO        [Odam-CRE-B          ]  load+combine   30.0s total
2026-05-10 19:12:13  INFO      fold=3 ep=300 loss=0.8632 dice=0.7865 inc=0.887 bone=0.875 molar=0.597 ep_s=56.9 val_s=63.7
2026-05-10 19:13:09  INFO      Fold 3 ep 301: loss=0.8336  epoch=56.2s  data_wait=53.4s  gpu=2.9s
2026-05-10 19:14:05  INFO      Fold 3 ep 302: loss=0.8229  epoch=55.5s  data_wait=52.6s  gpu=2.9s
2026-05-10 19:14:58  INFO      Fold 3 ep 303: loss=0.8713  epoch=53.8s  data_wait=51.0s  gpu=2.8s
2026-05-10 19:15:53  INFO      Fold 3 ep 304: loss=0.8876  epoch=54.1s  data_wait=51.5s  gpu=2.6s
2026-05-10 19:16:47  INFO      Fold 3 ep 305: loss=0.8737  epoch=54.6s  data_wait=51.8s  gpu=2.8s
2026-05-10 19:16:52  INFO        [Odam-CRE-B          ]  imread image   4.5s  shape=(1555, 448, 805)  2243 MB
2026-05-10 19:17:17  INFO        [Odam-CRE-B          ]  imread masks   5.7s
2026-05-10 19:17:18  INFO        [Odam-CRE-B          ]  load+combine   30.7s total
2026-05-10 19:17:52  INFO      fold=3 ep=305 loss=0.8737 dice=0.7476 inc=0.891 bone=0.818 molar=0.533 ep_s=54.6 val_s=64.6
2026-05-10 19:18:47  INFO      Fold 3 ep 306: loss=0.8681  epoch=55.2s  data_wait=52.2s  gpu=3.0s
2026-05-10 19:19:39  INFO      Fold 3 ep 307: loss=0.8565  epoch=51.9s  data_wait=48.9s  gpu=3.0s
2026-05-10 19:20:34  INFO      Fold 3 ep 308: loss=0.8988  epoch=55.3s  data_wait=52.3s  gpu=2.9s
2026-05-10 19:21:30  INFO      Fold 3 ep 309: loss=0.8828  epoch=55.3s  data_wait=52.4s  gpu=3.0s
2026-05-10 19:22:22  INFO      Fold 3 ep 310: loss=0.8542  epoch=52.4s  data_wait=49.5s  gpu=2.9s
2026-05-10 19:22:27  INFO        [Odam-CRE-B          ]  imread image   4.5s  shape=(1555, 448, 805)  2243 MB
2026-05-10 19:22:57  INFO        [Odam-CRE-B          ]  imread masks   5.1s
2026-05-10 19:22:58  INFO        [Odam-CRE-B          ]  load+combine   35.9s total
2026-05-10 19:23:32  INFO      fold=3 ep=310 loss=0.8542 dice=0.8117 inc=0.876 bone=0.902 molar=0.657 ep_s=52.4 val_s=69.7
2026-05-10 19:23:32  INFO      Fold 3: early stop at ep 310  best=0.8735
2026-05-10 19:23:43  INFO      Fold 4: loading 8 training samples into RAM...
2026-05-10 19:23:45  INFO        Loaded Cont1_5               shape=(1, 1444, 343, 530)  2363 MB  2.1s
2026-05-10 19:23:48  INFO        Loaded Frag_4                shape=(1, 1484, 441, 490)  2886 MB  3.1s
2026-05-10 19:23:53  INFO        Loaded Odam-CRE-A            shape=(1, 1421, 495, 855)  5413 MB  5.0s
2026-05-10 19:23:59  INFO        Loaded Odam-CRE-B            shape=(1, 1571, 464, 821)  5386 MB  5.4s
2026-05-10 19:24:04  INFO        Loaded Odam-CRE-Hifla-A      shape=(1, 1469, 472, 846)  5279 MB  5.2s
2026-05-10 19:24:09  INFO        Loaded Odam-CRE-Hifla-B      shape=(1, 1471, 486, 818)  5263 MB  5.1s
2026-05-10 19:24:18  INFO        Loaded Odam-CRE-Hifla-C      shape=(1, 1630, 434, 752)  4788 MB  9.1s
2026-05-10 19:24:21  INFO        Loaded P27RKO_8um_2K__reoriented  shape=(1, 1550, 245, 672)  2297 MB  3.1s
2026-05-10 19:24:21  INFO      All 8 samples in RAM  total=33674 MB  38.1s
2026-05-10 19:24:21  INFO      Fold 4: dataset ready  items=8  load=38.1s
2026-05-10 19:24:22  INFO      Fold 4: extending from ep 270  best=0.8999  lr=1.0e-04
2026-05-10 19:24:22  INFO      Fold 4: entering training loop  start_epoch=270
2026-05-10 19:24:36  INFO      Fold 4 ep 271: first batch  wait=14.6s  shape=[48, 1, 96, 96, 96]
2026-05-10 19:25:18  INFO      Fold 4 ep 271: loss=1.2006  epoch=56.6s  data_wait=53.9s  gpu=2.7s
2026-05-10 19:26:16  INFO      Fold 4 ep 272: loss=1.0537  epoch=57.4s  data_wait=55.1s  gpu=2.3s
2026-05-10 19:27:11  INFO      Fold 4 ep 273: loss=0.9575  epoch=55.4s  data_wait=52.9s  gpu=2.6s
2026-05-10 19:28:07  INFO      Fold 4 ep 274: loss=0.8860  epoch=55.9s  data_wait=53.5s  gpu=2.5s
2026-05-10 19:29:04  INFO      Fold 4 ep 275: loss=1.0679  epoch=56.6s  data_wait=54.2s  gpu=2.4s
2026-05-10 19:29:08  INFO        [Odam-CRE-C          ]  imread image   4.3s  shape=(1337, 390, 804)  1677 MB
2026-05-10 19:29:25  INFO        [Odam-CRE-C          ]  imread masks   4.3s
2026-05-10 19:29:26  INFO        [Odam-CRE-C          ]  load+combine   22.1s total
2026-05-10 19:29:44  INFO      fold=4 ep=275 loss=1.0679 dice=0.7096 inc=0.854 bone=0.823 molar=0.452 ep_s=56.6 val_s=40.7
2026-05-10 19:30:41  INFO      Fold 4 ep 276: loss=1.0208  epoch=56.8s  data_wait=41.7s  gpu=15.0s
2026-05-10 19:31:41  INFO      Fold 4 ep 277: loss=0.9353  epoch=59.7s  data_wait=39.6s  gpu=20.2s
2026-05-10 19:32:41  INFO      Fold 4 ep 278: loss=0.8706  epoch=60.1s  data_wait=39.2s  gpu=20.9s
2026-05-10 19:33:38  INFO      Fold 4 ep 279: loss=0.9203  epoch=56.6s  data_wait=39.9s  gpu=16.7s
2026-05-10 19:34:40  INFO      Fold 4 ep 280: loss=0.9538  epoch=62.2s  data_wait=41.9s  gpu=20.3s
2026-05-10 19:34:43  INFO        [Odam-CRE-C          ]  imread image   3.0s  shape=(1337, 390, 804)  1677 MB
2026-05-10 19:35:00  INFO        [Odam-CRE-C          ]  imread masks   4.4s
2026-05-10 19:35:01  INFO        [Odam-CRE-C          ]  load+combine   21.0s total
2026-05-10 19:35:11  INFO      fold=4 ep=280 loss=0.9538 dice=0.7778 inc=0.911 bone=0.878 molar=0.545 ep_s=62.2 val_s=31.3
2026-05-10 19:36:09  INFO      Fold 4 ep 281: loss=0.8944  epoch=57.5s  data_wait=39.4s  gpu=18.1s
2026-05-10 19:37:06  INFO      Fold 4 ep 282: loss=0.8784  epoch=56.9s  data_wait=34.1s  gpu=22.9s
2026-05-10 19:38:05  INFO      Fold 4 ep 283: loss=0.8877  epoch=59.0s  data_wait=36.2s  gpu=22.8s
2026-05-10 19:39:04  INFO      Fold 4 ep 284: loss=0.8597  epoch=59.4s  data_wait=36.8s  gpu=22.6s
2026-05-10 19:40:01  INFO      Fold 4 ep 285: loss=0.8636  epoch=57.2s  data_wait=34.6s  gpu=22.6s
2026-05-10 19:40:05  INFO        [Odam-CRE-C          ]  imread image   3.1s  shape=(1337, 390, 804)  1677 MB
2026-05-10 19:40:41  INFO        [Odam-CRE-C          ]  imread masks   4.3s
2026-05-10 19:40:41  INFO        [Odam-CRE-C          ]  load+combine   39.7s total
2026-05-10 19:40:53  INFO      fold=4 ep=285 loss=0.8636 dice=0.7738 inc=0.905 bone=0.871 molar=0.545 ep_s=57.2 val_s=51.5
2026-05-10 19:41:53  INFO      Fold 4 ep 286: loss=0.8632  epoch=59.7s  data_wait=43.8s  gpu=15.8s
2026-05-10 19:42:51  INFO      Fold 4 ep 287: loss=0.9259  epoch=57.9s  data_wait=36.7s  gpu=21.2s
2026-05-10 19:43:45  INFO      Fold 4 ep 288: loss=0.9090  epoch=54.2s  data_wait=37.5s  gpu=16.8s
2026-05-10 19:44:44  INFO      Fold 4 ep 289: loss=0.9164  epoch=58.8s  data_wait=38.3s  gpu=20.5s
2026-05-10 19:45:43  INFO      Fold 4 ep 290: loss=0.8899  epoch=59.3s  data_wait=38.2s  gpu=21.0s
2026-05-10 19:45:46  INFO        [Odam-CRE-C          ]  imread image   2.7s  shape=(1337, 390, 804)  1677 MB
2026-05-10 19:46:01  INFO        [Odam-CRE-C          ]  imread masks   4.0s
2026-05-10 19:46:01  INFO        [Odam-CRE-C          ]  load+combine   18.2s total
2026-05-10 19:46:13  INFO      fold=4 ep=290 loss=0.8899 dice=0.8186 inc=0.915 bone=0.909 molar=0.632 ep_s=59.3 val_s=29.7
2026-05-10 19:47:12  INFO      Fold 4 ep 291: loss=0.8785  epoch=58.5s  data_wait=39.5s  gpu=19.0s
2026-05-10 19:48:07  INFO      Fold 4 ep 292: loss=0.8727  epoch=55.9s  data_wait=33.3s  gpu=22.6s
2026-05-10 19:49:04  INFO      Fold 4 ep 293: loss=0.8748  epoch=56.8s  data_wait=34.0s  gpu=22.8s
2026-05-10 19:50:04  INFO      Fold 4 ep 294: loss=0.8275  epoch=60.0s  data_wait=37.1s  gpu=22.9s
2026-05-10 19:51:02  INFO      Fold 4 ep 295: loss=0.8699  epoch=58.1s  data_wait=35.4s  gpu=22.8s
2026-05-10 19:51:05  INFO        [Odam-CRE-C          ]  imread image   2.7s  shape=(1337, 390, 804)  1677 MB
2026-05-10 19:51:21  INFO        [Odam-CRE-C          ]  imread masks   4.5s
2026-05-10 19:51:22  INFO        [Odam-CRE-C          ]  load+combine   19.3s total
2026-05-10 19:51:33  INFO      fold=4 ep=295 loss=0.8699 dice=0.8028 inc=0.916 bone=0.894 molar=0.598 ep_s=58.1 val_s=30.7
2026-05-10 19:52:34  INFO      Fold 4 ep 296: loss=0.8752  epoch=60.8s  data_wait=45.0s  gpu=15.8s
2026-05-10 19:53:33  INFO      Fold 4 ep 297: loss=0.8697  epoch=59.3s  data_wait=38.2s  gpu=21.1s
2026-05-10 19:54:30  INFO      Fold 4 ep 298: loss=0.8713  epoch=56.4s  data_wait=39.5s  gpu=17.0s
2026-05-10 19:55:28  INFO      Fold 4 ep 299: loss=0.8672  epoch=57.8s  data_wait=37.3s  gpu=20.5s
2026-05-10 19:56:30  INFO      Fold 4 ep 300: loss=0.8786  epoch=62.1s  data_wait=41.1s  gpu=21.0s
2026-05-10 19:56:32  INFO        [Odam-CRE-C          ]  imread image   2.7s  shape=(1337, 390, 804)  1677 MB
2026-05-10 19:56:48  INFO        [Odam-CRE-C          ]  imread masks   4.5s
2026-05-10 19:56:49  INFO        [Odam-CRE-C          ]  load+combine   19.0s total
2026-05-10 19:57:00  INFO      fold=4 ep=300 loss=0.8786 dice=0.7767 inc=0.900 bone=0.882 molar=0.548 ep_s=62.1 val_s=30.5
2026-05-10 19:58:00  INFO      Fold 4 ep 301: loss=0.8562  epoch=59.1s  data_wait=40.2s  gpu=18.9s
2026-05-10 19:58:56  INFO      Fold 4 ep 302: loss=0.8680  epoch=56.8s  data_wait=34.0s  gpu=22.8s
2026-05-10 19:59:54  INFO      Fold 4 ep 303: loss=0.9173  epoch=57.8s  data_wait=34.9s  gpu=22.8s
2026-05-10 20:00:51  INFO      Fold 4 ep 304: loss=0.8669  epoch=57.4s  data_wait=34.6s  gpu=22.7s
2026-05-10 20:01:48  INFO      Fold 4 ep 305: loss=0.8162  epoch=56.8s  data_wait=33.9s  gpu=22.9s
2026-05-10 20:01:51  INFO        [Odam-CRE-C          ]  imread image   2.7s  shape=(1337, 390, 804)  1677 MB
2026-05-10 20:02:07  INFO        [Odam-CRE-C          ]  imread masks   4.4s
2026-05-10 20:02:07  INFO        [Odam-CRE-C          ]  load+combine   18.9s total
2026-05-10 20:02:19  INFO      fold=4 ep=305 loss=0.8162 dice=0.7942 inc=0.899 bone=0.900 molar=0.583 ep_s=56.8 val_s=30.3
2026-05-10 20:03:19  INFO      Fold 4 ep 306: loss=0.8768  epoch=60.7s  data_wait=44.9s  gpu=15.8s
2026-05-10 20:04:20  INFO      Fold 4 ep 307: loss=0.8374  epoch=60.9s  data_wait=40.1s  gpu=20.9s
2026-05-10 20:05:21  INFO      Fold 4 ep 308: loss=0.8454  epoch=60.2s  data_wait=43.2s  gpu=17.0s
2026-05-10 20:06:20  INFO      Fold 4 ep 309: loss=0.8476  epoch=59.6s  data_wait=39.0s  gpu=20.7s
2026-05-10 20:07:21  INFO      Fold 4 ep 310: loss=0.8298  epoch=61.2s  data_wait=40.1s  gpu=21.1s
2026-05-10 20:07:24  INFO        [Odam-CRE-C          ]  imread image   2.7s  shape=(1337, 390, 804)  1677 MB
2026-05-10 20:07:40  INFO        [Odam-CRE-C          ]  imread masks   4.6s
2026-05-10 20:07:41  INFO        [Odam-CRE-C          ]  load+combine   19.1s total
2026-05-10 20:07:52  INFO      fold=4 ep=310 loss=0.8298 dice=0.8273 inc=0.926 bone=0.912 molar=0.644 ep_s=61.2 val_s=30.6
2026-05-10 20:08:50  INFO      Fold 4 ep 311: loss=0.8342  epoch=58.0s  data_wait=39.1s  gpu=18.9s
2026-05-10 20:09:48  INFO      Fold 4 ep 312: loss=0.7861  epoch=57.6s  data_wait=34.7s  gpu=22.9s
2026-05-10 20:10:44  INFO      Fold 4 ep 313: loss=0.8432  epoch=56.2s  data_wait=33.5s  gpu=22.7s
2026-05-10 20:11:40  INFO      Fold 4 ep 314: loss=0.8824  epoch=55.6s  data_wait=32.8s  gpu=22.8s
2026-05-10 20:12:37  INFO      Fold 4 ep 315: loss=0.8506  epoch=57.6s  data_wait=34.8s  gpu=22.8s
2026-05-10 20:12:40  INFO        [Odam-CRE-C          ]  imread image   2.3s  shape=(1337, 390, 804)  1677 MB
2026-05-10 20:12:54  INFO        [Odam-CRE-C          ]  imread masks   3.4s
2026-05-10 20:12:54  INFO        [Odam-CRE-C          ]  load+combine   17.1s total
2026-05-10 20:13:06  INFO      fold=4 ep=315 loss=0.8506 dice=0.7846 inc=0.919 bone=0.873 molar=0.562 ep_s=57.6 val_s=28.6
2026-05-10 20:14:05  INFO      Fold 4 ep 316: loss=0.8498  epoch=58.9s  data_wait=43.1s  gpu=15.8s
2026-05-10 20:15:05  INFO      Fold 4 ep 317: loss=0.8400  epoch=60.5s  data_wait=39.4s  gpu=21.1s
2026-05-10 20:16:04  INFO      Fold 4 ep 318: loss=0.8401  epoch=58.6s  data_wait=41.8s  gpu=16.8s
2026-05-10 20:17:03  INFO      Fold 4 ep 319: loss=0.8582  epoch=59.4s  data_wait=38.8s  gpu=20.5s
2026-05-10 20:18:02  INFO      Fold 4 ep 320: loss=0.8130  epoch=58.1s  data_wait=37.0s  gpu=21.1s
2026-05-10 20:18:04  INFO        [Odam-CRE-C          ]  imread image   2.7s  shape=(1337, 390, 804)  1677 MB
2026-05-10 20:18:20  INFO        [Odam-CRE-C          ]  imread masks   4.4s
2026-05-10 20:18:20  INFO        [Odam-CRE-C          ]  load+combine   18.7s total
2026-05-10 20:18:32  INFO      fold=4 ep=320 loss=0.8130 dice=0.8429 inc=0.934 bone=0.916 molar=0.679 ep_s=58.1 val_s=30.3
2026-05-10 20:18:32  INFO      Fold 4: early stop at ep 320  best=0.8999
2026-05-10 20:18:37  INFO      Fold 5: loading 8 training samples into RAM...
2026-05-10 20:18:38  INFO        Loaded Cont1_5               shape=(1, 1444, 343, 530)  2363 MB  1.6s
2026-05-10 20:18:41  INFO        Loaded Frag_4                shape=(1, 1484, 441, 490)  2886 MB  2.4s
2026-05-10 20:18:46  INFO        Loaded Odam-CRE-A            shape=(1, 1421, 495, 855)  5413 MB  5.0s
2026-05-10 20:18:51  INFO        Loaded Odam-CRE-B            shape=(1, 1571, 464, 821)  5386 MB  5.0s
2026-05-10 20:18:54  INFO        Loaded Odam-CRE-C            shape=(1, 1353, 406, 820)  4054 MB  3.8s
2026-05-10 20:19:00  INFO        Loaded Odam-CRE-Hifla-B      shape=(1, 1471, 486, 818)  5263 MB  5.6s
2026-05-10 20:19:07  INFO        Loaded Odam-CRE-Hifla-C      shape=(1, 1630, 434, 752)  4788 MB  7.2s
2026-05-10 20:19:10  INFO        Loaded P27RKO_8um_2K__reoriented  shape=(1, 1550, 245, 672)  2297 MB  3.4s
2026-05-10 20:19:10  INFO      All 8 samples in RAM  total=32449 MB  33.9s
2026-05-10 20:19:10  INFO      Fold 5: dataset ready  items=8  load=33.9s
2026-05-10 20:19:11  INFO      Fold 5: extending from ep 235  best=0.8994  lr=1.0e-04
2026-05-10 20:19:11  INFO      Fold 5: entering training loop  start_epoch=235
2026-05-10 20:19:25  INFO      Fold 5 ep 236: first batch  wait=14.1s  shape=[48, 1, 96, 96, 96]
2026-05-10 20:20:06  INFO      Fold 5 ep 236: loss=1.1933  epoch=55.2s  data_wait=52.3s  gpu=2.8s
2026-05-10 20:21:02  INFO      Fold 5 ep 237: loss=1.0566  epoch=56.2s  data_wait=53.5s  gpu=2.7s
2026-05-10 20:21:55  INFO      Fold 5 ep 238: loss=0.9763  epoch=52.4s  data_wait=49.6s  gpu=2.7s
2026-05-10 20:22:47  INFO      Fold 5 ep 239: loss=0.9515  epoch=52.6s  data_wait=50.1s  gpu=2.5s
2026-05-10 20:23:42  INFO      Fold 5 ep 240: loss=0.9619  epoch=54.4s  data_wait=51.9s  gpu=2.4s
2026-05-10 20:23:46  INFO        [Odam-CRE-Hifla-A    ]  imread image   4.7s  shape=(1453, 456, 830)  2200 MB
2026-05-10 20:24:08  INFO        [Odam-CRE-Hifla-A    ]  imread masks   5.0s
2026-05-10 20:24:09  INFO        [Odam-CRE-Hifla-A    ]  load+combine   27.1s total
2026-05-10 20:24:36  INFO      fold=5 ep=240 loss=0.9619 dice=0.6665 inc=0.851 bone=0.777 molar=0.371 ep_s=54.4 val_s=54.7
2026-05-10 20:25:44  INFO      Fold 5 ep 241: loss=1.0124  epoch=67.9s  data_wait=51.6s  gpu=16.3s
2026-05-10 20:26:40  INFO      Fold 5 ep 242: loss=0.9267  epoch=55.8s  data_wait=42.9s  gpu=12.9s
2026-05-10 20:27:35  INFO      Fold 5 ep 243: loss=0.8692  epoch=55.2s  data_wait=42.1s  gpu=13.1s
2026-05-10 20:28:31  INFO      Fold 5 ep 244: loss=0.9673  epoch=55.9s  data_wait=42.8s  gpu=13.1s
2026-05-10 20:29:31  INFO      Fold 5 ep 245: loss=0.9525  epoch=59.2s  data_wait=46.0s  gpu=13.2s
2026-05-10 20:29:37  INFO        [Odam-CRE-Hifla-A    ]  imread image   6.2s  shape=(1453, 456, 830)  2200 MB
2026-05-10 20:30:08  INFO        [Odam-CRE-Hifla-A    ]  imread masks   6.1s
2026-05-10 20:30:09  INFO        [Odam-CRE-Hifla-A    ]  load+combine   38.0s total
2026-05-10 20:30:35  INFO      fold=5 ep=245 loss=0.9525 dice=0.7631 inc=0.928 bone=0.852 molar=0.509 ep_s=59.2 val_s=64.9
2026-05-10 20:31:40  INFO      Fold 5 ep 246: loss=0.9223  epoch=63.9s  data_wait=21.0s  gpu=42.8s
2026-05-10 20:32:42  INFO      Fold 5 ep 247: loss=0.8796  epoch=62.3s  data_wait=17.1s  gpu=45.2s
2026-05-10 20:33:42  INFO      Fold 5 ep 248: loss=0.9279  epoch=59.8s  data_wait=22.5s  gpu=37.2s
2026-05-10 20:34:46  INFO      Fold 5 ep 249: loss=0.9009  epoch=64.0s  data_wait=22.8s  gpu=41.1s
2026-05-10 20:35:49  INFO      Fold 5 ep 250: loss=0.8756  epoch=63.0s  data_wait=20.4s  gpu=42.6s
2026-05-10 20:35:54  INFO        [Odam-CRE-Hifla-A    ]  imread image   4.9s  shape=(1453, 456, 830)  2200 MB
2026-05-10 20:36:17  INFO        [Odam-CRE-Hifla-A    ]  imread masks   5.2s
2026-05-10 20:36:18  INFO        [Odam-CRE-Hifla-A    ]  load+combine   28.9s total
2026-05-10 20:38:26  INFO      fold=5 ep=250 loss=0.8756 dice=0.7299 inc=0.891 bone=0.834 molar=0.464 ep_s=63.0 val_s=157.2
2026-05-10 20:39:39  INFO      Fold 5 ep 251: loss=0.8974  epoch=72.7s  data_wait=13.5s  gpu=59.3s
2026-05-10 20:40:42  INFO      Fold 5 ep 252: loss=0.9407  epoch=62.8s  data_wait=13.6s  gpu=49.2s
2026-05-10 20:41:45  INFO      Fold 5 ep 253: loss=0.9067  epoch=63.1s  data_wait=15.2s  gpu=47.9s
2026-05-10 20:42:52  INFO      Fold 5 ep 254: loss=0.9151  epoch=67.6s  data_wait=12.2s  gpu=55.4s
2026-05-10 20:43:56  INFO      Fold 5 ep 255: loss=0.8526  epoch=64.2s  data_wait=15.5s  gpu=48.6s
2026-05-10 20:44:00  INFO        [Odam-CRE-Hifla-A    ]  imread image   3.2s  shape=(1453, 456, 830)  2200 MB
2026-05-10 20:44:22  INFO        [Odam-CRE-Hifla-A    ]  imread masks   5.1s
2026-05-10 20:44:23  INFO        [Odam-CRE-Hifla-A    ]  load+combine   26.0s total
2026-05-10 20:46:44  INFO      fold=5 ep=255 loss=0.8526 dice=0.7747 inc=0.915 bone=0.874 molar=0.535 ep_s=64.2 val_s=167.5
2026-05-10 20:47:46  INFO      Fold 5 ep 256: loss=0.8736  epoch=61.7s  data_wait=19.8s  gpu=41.9s
2026-05-10 20:48:51  INFO      Fold 5 ep 257: loss=0.9021  epoch=65.5s  data_wait=19.5s  gpu=46.0s
2026-05-10 20:49:54  INFO      Fold 5 ep 258: loss=0.8893  epoch=62.4s  data_wait=17.6s  gpu=44.9s
2026-05-10 20:50:58  INFO      Fold 5 ep 259: loss=0.8657  epoch=64.3s  data_wait=23.3s  gpu=41.0s
2026-05-10 20:51:58  INFO      Fold 5 ep 260: loss=0.8474  epoch=59.6s  data_wait=27.6s  gpu=31.9s
2026-05-10 20:52:01  INFO        [Odam-CRE-Hifla-A    ]  imread image   3.3s  shape=(1453, 456, 830)  2200 MB
2026-05-10 20:52:23  INFO        [Odam-CRE-Hifla-A    ]  imread masks   5.2s
2026-05-10 20:52:24  INFO        [Odam-CRE-Hifla-A    ]  load+combine   26.1s total
2026-05-10 20:54:30  INFO      fold=5 ep=260 loss=0.8474 dice=0.7679 inc=0.923 bone=0.869 molar=0.511 ep_s=59.6 val_s=152.7
2026-05-10 20:55:26  INFO      Fold 5 ep 261: loss=0.8799  epoch=55.3s  data_wait=10.0s  gpu=45.3s
2026-05-10 20:56:28  INFO      Fold 5 ep 262: loss=0.8614  epoch=62.5s  data_wait=9.8s  gpu=52.8s
2026-05-10 20:57:17  INFO      Fold 5 ep 263: loss=0.8872  epoch=48.6s  data_wait=9.9s  gpu=38.6s
2026-05-10 20:58:05  INFO      Fold 5 ep 264: loss=0.8605  epoch=48.1s  data_wait=14.8s  gpu=33.3s
2026-05-10 20:58:53  INFO      Fold 5 ep 265: loss=0.9013  epoch=48.0s  data_wait=10.6s  gpu=37.4s
2026-05-10 20:58:57  INFO        [Odam-CRE-Hifla-A    ]  imread image   3.9s  shape=(1453, 456, 830)  2200 MB
2026-05-10 20:59:20  INFO        [Odam-CRE-Hifla-A    ]  imread masks   5.5s
2026-05-10 20:59:21  INFO        [Odam-CRE-Hifla-A    ]  load+combine   27.9s total
2026-05-10 21:01:18  INFO      fold=5 ep=265 loss=0.9013 dice=0.7767 inc=0.924 bone=0.880 molar=0.526 ep_s=48.0 val_s=144.8
2026-05-10 21:02:10  INFO      Fold 5 ep 266: loss=0.8335  epoch=52.4s  data_wait=12.6s  gpu=39.8s
2026-05-10 21:02:52  INFO      Fold 5 ep 267: loss=0.8767  epoch=41.4s  data_wait=30.6s  gpu=10.8s
2026-05-10 21:03:34  INFO      Fold 5 ep 268: loss=0.9093  epoch=42.5s  data_wait=31.7s  gpu=10.8s
2026-05-10 21:04:16  INFO      Fold 5 ep 269: loss=0.8422  epoch=41.8s  data_wait=30.8s  gpu=11.0s
2026-05-10 21:04:56  INFO      Fold 5 ep 270: loss=0.8323  epoch=40.1s  data_wait=29.8s  gpu=10.3s
2026-05-10 21:05:01  INFO        [Odam-CRE-Hifla-A    ]  imread image   4.4s  shape=(1453, 456, 830)  2200 MB
2026-05-10 21:05:24  INFO        [Odam-CRE-Hifla-A    ]  imread masks   6.3s
2026-05-10 21:05:25  INFO        [Odam-CRE-Hifla-A    ]  load+combine   28.5s total
2026-05-10 21:07:05  INFO      fold=5 ep=270 loss=0.8323 dice=0.8110 inc=0.923 bone=0.911 molar=0.599 ep_s=40.1 val_s=128.1
2026-05-10 21:07:50  INFO      Fold 5 ep 271: loss=0.8959  epoch=45.4s  data_wait=26.7s  gpu=18.7s
2026-05-10 21:08:33  INFO      Fold 5 ep 272: loss=0.8476  epoch=42.7s  data_wait=24.2s  gpu=18.5s
2026-05-10 21:09:19  INFO      Fold 5 ep 273: loss=0.8521  epoch=46.2s  data_wait=26.4s  gpu=19.8s
2026-05-10 21:10:03  INFO      Fold 5 ep 274: loss=0.8625  epoch=44.2s  data_wait=19.7s  gpu=24.4s
2026-05-10 21:10:49  INFO      Fold 5 ep 275: loss=0.8653  epoch=45.8s  data_wait=21.4s  gpu=24.4s
2026-05-10 21:10:53  INFO        [Odam-CRE-Hifla-A    ]  imread image   3.7s  shape=(1453, 456, 830)  2200 MB
2026-05-10 21:11:15  INFO        [Odam-CRE-Hifla-A    ]  imread masks   5.7s
2026-05-10 21:11:16  INFO        [Odam-CRE-Hifla-A    ]  load+combine   26.9s total
2026-05-10 21:11:38  INFO      fold=5 ep=275 loss=0.8653 dice=0.7997 inc=0.945 bone=0.889 molar=0.565 ep_s=45.8 val_s=49.3
2026-05-10 21:12:32  INFO      Fold 5 ep 276: loss=0.8446  epoch=53.9s  data_wait=10.8s  gpu=43.1s
2026-05-10 21:13:33  INFO      Fold 5 ep 277: loss=0.8216  epoch=60.8s  data_wait=9.7s  gpu=51.1s
2026-05-10 21:14:23  INFO      Fold 5 ep 278: loss=0.8500  epoch=49.9s  data_wait=19.8s  gpu=30.1s
2026-05-10 21:15:12  INFO      Fold 5 ep 279: loss=0.9150  epoch=48.7s  data_wait=10.5s  gpu=38.2s
2026-05-10 21:16:04  INFO      Fold 5 ep 280: loss=0.8872  epoch=52.2s  data_wait=10.3s  gpu=42.0s
2026-05-10 21:16:08  INFO        [Odam-CRE-Hifla-A    ]  imread image   4.2s  shape=(1453, 456, 830)  2200 MB
2026-05-10 21:16:31  INFO        [Odam-CRE-Hifla-A    ]  imread masks   6.5s
2026-05-10 21:16:32  INFO        [Odam-CRE-Hifla-A    ]  load+combine   27.7s total
2026-05-10 21:19:21  INFO      fold=5 ep=280 loss=0.8872 dice=0.7614 inc=0.913 bone=0.860 molar=0.512 ep_s=52.2 val_s=196.5
2026-05-10 21:20:13  INFO      Fold 5 ep 281: loss=0.8814  epoch=52.4s  data_wait=10.2s  gpu=42.2s
2026-05-10 21:20:56  INFO      Fold 5 ep 282: loss=0.8744  epoch=42.8s  data_wait=31.9s  gpu=10.8s
2026-05-10 21:21:40  INFO      Fold 5 ep 283: loss=0.8790  epoch=44.1s  data_wait=33.4s  gpu=10.6s
2026-05-10 21:22:22  INFO      Fold 5 ep 284: loss=0.9103  epoch=42.4s  data_wait=31.3s  gpu=11.1s
2026-05-10 21:23:02  INFO      Fold 5 ep 285: loss=0.8737  epoch=39.6s  data_wait=29.0s  gpu=10.6s
2026-05-10 21:23:07  INFO        [Odam-CRE-Hifla-A    ]  imread image   4.7s  shape=(1453, 456, 830)  2200 MB
2026-05-10 21:23:30  INFO        [Odam-CRE-Hifla-A    ]  imread masks   5.3s
2026-05-10 21:23:31  INFO        [Odam-CRE-Hifla-A    ]  load+combine   28.9s total
2026-05-10 21:25:10  INFO      fold=5 ep=285 loss=0.8737 dice=0.8056 inc=0.907 bone=0.909 molar=0.601 ep_s=39.6 val_s=128.2
2026-05-10 21:25:10  INFO      Fold 5: early stop at ep 285  best=0.8994
2026-05-10 21:25:19  INFO      Fold 6: loading 8 training samples into RAM...
2026-05-10 21:25:21  INFO        Loaded Cont1_5               shape=(1, 1444, 343, 530)  2363 MB  2.2s
2026-05-10 21:25:24  INFO        Loaded Frag_4                shape=(1, 1484, 441, 490)  2886 MB  2.6s
2026-05-10 21:25:28  INFO        Loaded Odam-CRE-A            shape=(1, 1421, 495, 855)  5413 MB  4.8s
2026-05-10 21:25:34  INFO        Loaded Odam-CRE-B            shape=(1, 1571, 464, 821)  5386 MB  5.3s
2026-05-10 21:25:38  INFO        Loaded Odam-CRE-C            shape=(1, 1353, 406, 820)  4054 MB  4.0s
2026-05-10 21:25:44  INFO        Loaded Odam-CRE-Hifla-A      shape=(1, 1469, 472, 846)  5279 MB  6.3s
2026-05-10 21:25:52  INFO        Loaded Odam-CRE-Hifla-C      shape=(1, 1630, 434, 752)  4788 MB  7.6s
2026-05-10 21:25:55  INFO        Loaded P27RKO_8um_2K__reoriented  shape=(1, 1550, 245, 672)  2297 MB  3.4s
2026-05-10 21:25:55  INFO      All 8 samples in RAM  total=32465 MB  36.1s
2026-05-10 21:25:55  INFO      Fold 6: dataset ready  items=8  load=36.2s
2026-05-10 21:25:56  INFO      Fold 6: extending from ep 275  best=0.8404  lr=1.0e-04
2026-05-10 21:25:56  INFO      Fold 6: entering training loop  start_epoch=275
2026-05-10 21:26:05  INFO      Fold 6 ep 276: first batch  wait=9.9s  shape=[48, 1, 96, 96, 96]
2026-05-10 21:26:35  INFO      Fold 6 ep 276: loss=1.1062  epoch=39.2s  data_wait=16.4s  gpu=22.7s
2026-05-10 21:27:15  INFO      Fold 6 ep 277: loss=1.0002  epoch=40.4s  data_wait=37.6s  gpu=2.8s
2026-05-10 21:27:55  INFO      Fold 6 ep 278: loss=1.0244  epoch=39.8s  data_wait=37.1s  gpu=2.7s
2026-05-10 21:28:36  INFO      Fold 6 ep 279: loss=0.9490  epoch=40.6s  data_wait=38.0s  gpu=2.6s
2026-05-10 21:29:16  INFO      Fold 6 ep 280: loss=1.0196  epoch=40.1s  data_wait=37.5s  gpu=2.6s
2026-05-10 21:29:21  INFO        [Odam-CRE-Hifla-B    ]  imread image   5.2s  shape=(1455, 470, 802)  2194 MB
2026-05-10 21:29:46  INFO        [Odam-CRE-Hifla-B    ]  imread masks   6.3s
2026-05-10 21:29:46  INFO        [Odam-CRE-Hifla-B    ]  load+combine   30.7s total
2026-05-10 21:30:25  INFO      fold=6 ep=280 loss=1.0196 dice=0.6548 inc=0.830 bone=0.739 molar=0.395 ep_s=40.1 val_s=69.2
2026-05-10 21:31:13  INFO      Fold 6 ep 281: loss=1.0094  epoch=47.5s  data_wait=23.3s  gpu=24.3s
2026-05-10 21:31:57  INFO      Fold 6 ep 282: loss=0.9148  epoch=44.7s  data_wait=23.9s  gpu=20.8s
2026-05-10 21:32:42  INFO      Fold 6 ep 283: loss=0.8625  epoch=44.9s  data_wait=26.9s  gpu=18.0s
2026-05-10 21:33:27  INFO      Fold 6 ep 284: loss=0.9734  epoch=45.1s  data_wait=26.9s  gpu=18.2s
2026-05-10 21:34:14  INFO      Fold 6 ep 285: loss=0.9683  epoch=46.5s  data_wait=28.6s  gpu=17.9s
2026-05-10 21:34:19  INFO        [Odam-CRE-Hifla-B    ]  imread image   5.2s  shape=(1455, 470, 802)  2194 MB
2026-05-10 21:34:52  INFO        [Odam-CRE-Hifla-B    ]  imread masks   6.5s
2026-05-10 21:34:53  INFO        [Odam-CRE-Hifla-B    ]  load+combine   38.6s total
2026-05-10 21:36:57  INFO      fold=6 ep=285 loss=0.9683 dice=0.7476 inc=0.854 bone=0.856 molar=0.533 ep_s=46.5 val_s=162.6
2026-05-10 21:38:03  INFO      Fold 6 ep 286: loss=0.9168  epoch=66.3s  data_wait=9.1s  gpu=57.2s
2026-05-10 21:39:14  INFO      Fold 6 ep 287: loss=0.9066  epoch=70.6s  data_wait=9.0s  gpu=61.6s
2026-05-10 21:40:25  INFO      Fold 6 ep 288: loss=0.9118  epoch=71.1s  data_wait=10.1s  gpu=61.0s
2026-05-10 21:41:35  INFO      Fold 6 ep 289: loss=0.9191  epoch=70.6s  data_wait=9.7s  gpu=60.9s
2026-05-10 21:42:46  INFO      Fold 6 ep 290: loss=0.9319  epoch=70.3s  data_wait=9.4s  gpu=60.9s
2026-05-10 21:42:51  INFO        [Odam-CRE-Hifla-B    ]  imread image   5.1s  shape=(1455, 470, 802)  2194 MB
2026-05-10 21:43:15  INFO        [Odam-CRE-Hifla-B    ]  imread masks   6.2s
2026-05-10 21:43:15  INFO        [Odam-CRE-Hifla-B    ]  load+combine   29.6s total
2026-05-10 21:45:33  INFO      fold=6 ep=290 loss=0.9319 dice=0.7065 inc=0.840 bone=0.829 molar=0.450 ep_s=70.3 val_s=166.8
2026-05-10 21:46:19  INFO      Fold 6 ep 291: loss=0.9237  epoch=46.7s  data_wait=17.6s  gpu=29.1s
2026-05-10 21:47:03  INFO      Fold 6 ep 292: loss=0.9395  epoch=44.0s  data_wait=17.3s  gpu=26.7s
2026-05-10 21:47:49  INFO      Fold 6 ep 293: loss=0.9435  epoch=45.6s  data_wait=19.2s  gpu=26.4s
2026-05-10 21:48:36  INFO      Fold 6 ep 294: loss=0.9351  epoch=47.3s  data_wait=21.7s  gpu=25.6s
2026-05-10 21:49:24  INFO      Fold 6 ep 295: loss=0.8802  epoch=47.5s  data_wait=19.7s  gpu=27.8s
2026-05-10 21:49:28  INFO        [Odam-CRE-Hifla-B    ]  imread image   3.7s  shape=(1455, 470, 802)  2194 MB
2026-05-10 21:49:51  INFO        [Odam-CRE-Hifla-B    ]  imread masks   6.7s
2026-05-10 21:49:52  INFO        [Odam-CRE-Hifla-B    ]  load+combine   28.0s total
2026-05-10 21:52:25  INFO      fold=6 ep=295 loss=0.8802 dice=0.7700 inc=0.852 bone=0.873 molar=0.585 ep_s=47.5 val_s=180.9
2026-05-10 21:53:21  INFO      Fold 6 ep 296: loss=0.8690  epoch=55.8s  data_wait=9.9s  gpu=45.9s
2026-05-10 21:54:18  INFO      Fold 6 ep 297: loss=0.8903  epoch=57.5s  data_wait=10.2s  gpu=47.4s
2026-05-10 21:55:15  INFO      Fold 6 ep 298: loss=0.9117  epoch=56.8s  data_wait=10.2s  gpu=46.6s
2026-05-10 21:56:12  INFO      Fold 6 ep 299: loss=0.9008  epoch=57.0s  data_wait=10.3s  gpu=46.7s
2026-05-10 21:57:09  INFO      Fold 6 ep 300: loss=0.8867  epoch=56.7s  data_wait=10.2s  gpu=46.5s
2026-05-10 21:57:13  INFO        [Odam-CRE-Hifla-B    ]  imread image   3.7s  shape=(1455, 470, 802)  2194 MB
2026-05-10 21:57:36  INFO        [Odam-CRE-Hifla-B    ]  imread masks   6.4s
2026-05-10 21:57:36  INFO        [Odam-CRE-Hifla-B    ]  load+combine   27.4s total
2026-05-10 21:58:49  INFO      fold=6 ep=300 loss=0.8867 dice=0.7557 inc=0.842 bone=0.868 molar=0.557 ep_s=56.7 val_s=100.3
2026-05-10 21:59:42  INFO      Fold 6 ep 301: loss=0.8844  epoch=52.5s  data_wait=13.3s  gpu=39.2s
2026-05-10 22:00:32  INFO      Fold 6 ep 302: loss=0.8855  epoch=50.1s  data_wait=11.5s  gpu=38.5s
2026-05-10 22:01:21  INFO      Fold 6 ep 303: loss=0.9239  epoch=48.7s  data_wait=13.8s  gpu=35.0s
2026-05-10 22:02:08  INFO      Fold 6 ep 304: loss=0.8859  epoch=47.5s  data_wait=9.3s  gpu=38.2s
2026-05-10 22:02:59  INFO      Fold 6 ep 305: loss=0.9144  epoch=50.6s  data_wait=13.4s  gpu=37.3s
2026-05-10 22:03:03  INFO        [Odam-CRE-Hifla-B    ]  imread image   3.9s  shape=(1455, 470, 802)  2194 MB
2026-05-10 22:03:26  INFO        [Odam-CRE-Hifla-B    ]  imread masks   6.4s
2026-05-10 22:03:26  INFO        [Odam-CRE-Hifla-B    ]  load+combine   27.4s total
2026-05-10 22:05:27  INFO      fold=6 ep=305 loss=0.9144 dice=0.7793 inc=0.882 bone=0.887 molar=0.569 ep_s=50.6 val_s=148.3
2026-05-10 22:06:29  INFO      Fold 6 ep 306: loss=0.8398  epoch=62.0s  data_wait=10.6s  gpu=51.4s
2026-05-10 22:07:31  INFO      Fold 6 ep 307: loss=0.8908  epoch=61.6s  data_wait=10.1s  gpu=51.5s
2026-05-10 22:08:31  INFO      Fold 6 ep 308: loss=0.9077  epoch=60.3s  data_wait=9.8s  gpu=50.5s
2026-05-10 22:09:30  INFO      Fold 6 ep 309: loss=0.9074  epoch=58.5s  data_wait=9.7s  gpu=48.8s
2026-05-10 22:10:29  INFO      Fold 6 ep 310: loss=0.8534  epoch=58.9s  data_wait=10.2s  gpu=48.8s
2026-05-10 22:10:34  INFO        [Odam-CRE-Hifla-B    ]  imread image   5.1s  shape=(1455, 470, 802)  2194 MB
2026-05-10 22:11:13  INFO        [Odam-CRE-Hifla-B    ]  imread masks   5.9s
2026-05-10 22:11:14  INFO        [Odam-CRE-Hifla-B    ]  load+combine   45.2s total
2026-05-10 22:12:37  INFO      fold=6 ep=310 loss=0.8534 dice=0.8074 inc=0.883 bone=0.904 molar=0.635 ep_s=58.9 val_s=128.7
2026-05-10 22:13:21  INFO      Fold 6 ep 311: loss=0.8905  epoch=43.8s  data_wait=14.7s  gpu=29.1s
2026-05-10 22:14:12  INFO      Fold 6 ep 312: loss=0.8535  epoch=50.4s  data_wait=18.1s  gpu=32.3s
2026-05-10 22:15:04  INFO      Fold 6 ep 313: loss=0.8954  epoch=52.2s  data_wait=21.9s  gpu=30.3s
2026-05-10 22:15:52  INFO      Fold 6 ep 314: loss=0.8717  epoch=47.6s  data_wait=18.3s  gpu=29.3s
2026-05-10 22:16:40  INFO      Fold 6 ep 315: loss=0.8660  epoch=48.7s  data_wait=18.0s  gpu=30.6s
2026-05-10 22:16:45  INFO        [Odam-CRE-Hifla-B    ]  imread image   4.6s  shape=(1455, 470, 802)  2194 MB
2026-05-10 22:17:08  INFO        [Odam-CRE-Hifla-B    ]  imread masks   6.4s
2026-05-10 22:17:09  INFO        [Odam-CRE-Hifla-B    ]  load+combine   28.8s total
2026-05-10 22:19:32  INFO      fold=6 ep=315 loss=0.8660 dice=0.7975 inc=0.882 bone=0.887 molar=0.624 ep_s=48.7 val_s=171.5
2026-05-10 22:20:42  INFO      Fold 6 ep 316: loss=0.8464  epoch=70.2s  data_wait=10.4s  gpu=59.9s
2026-05-10 22:21:52  INFO      Fold 6 ep 317: loss=0.8323  epoch=70.0s  data_wait=10.0s  gpu=60.1s
2026-05-10 22:23:02  INFO      Fold 6 ep 318: loss=0.8508  epoch=70.1s  data_wait=10.1s  gpu=60.0s
2026-05-10 22:24:13  INFO      Fold 6 ep 319: loss=0.9395  epoch=70.3s  data_wait=10.2s  gpu=60.1s
2026-05-10 22:25:23  INFO      Fold 6 ep 320: loss=0.8790  epoch=70.1s  data_wait=10.1s  gpu=60.0s
2026-05-10 22:25:28  INFO        [Odam-CRE-Hifla-B    ]  imread image   5.2s  shape=(1455, 470, 802)  2194 MB
2026-05-10 22:25:51  INFO        [Odam-CRE-Hifla-B    ]  imread masks   5.5s
2026-05-10 22:25:52  INFO        [Odam-CRE-Hifla-B    ]  load+combine   29.1s total
2026-05-10 22:27:43  INFO      fold=6 ep=320 loss=0.8790 dice=0.7187 inc=0.837 bone=0.854 molar=0.465 ep_s=70.1 val_s=139.7
2026-05-10 22:28:31  INFO      Fold 6 ep 321: loss=0.9081  epoch=48.2s  data_wait=23.1s  gpu=25.1s
2026-05-10 22:29:16  INFO      Fold 6 ep 322: loss=0.8847  epoch=45.4s  data_wait=19.3s  gpu=26.0s
2026-05-10 22:30:04  INFO      Fold 6 ep 323: loss=0.9048  epoch=47.5s  data_wait=20.4s  gpu=27.1s
2026-05-10 22:30:49  INFO      Fold 6 ep 324: loss=0.8765  epoch=45.0s  data_wait=19.0s  gpu=26.0s
2026-05-10 22:31:33  INFO      Fold 6 ep 325: loss=0.8737  epoch=44.5s  data_wait=17.8s  gpu=26.7s
2026-05-10 22:31:37  INFO        [Odam-CRE-Hifla-B    ]  imread image   3.7s  shape=(1455, 470, 802)  2194 MB
2026-05-10 22:32:00  INFO        [Odam-CRE-Hifla-B    ]  imread masks   6.1s
2026-05-10 22:32:00  INFO        [Odam-CRE-Hifla-B    ]  load+combine   27.0s total
2026-05-10 22:34:09  INFO      fold=6 ep=325 loss=0.8737 dice=0.8063 inc=0.875 bone=0.901 molar=0.642 ep_s=44.5 val_s=155.5
2026-05-10 22:34:09  INFO      Fold 6: early stop at ep 325  best=0.8404
2026-05-10 22:34:14  INFO      Fold 7: loading 8 training samples into RAM...
2026-05-10 22:34:16  INFO        Loaded Cont1_5               shape=(1, 1444, 343, 530)  2363 MB  2.1s
2026-05-10 22:34:19  INFO        Loaded Frag_4                shape=(1, 1484, 441, 490)  2886 MB  2.6s
2026-05-10 22:34:23  INFO        Loaded Odam-CRE-A            shape=(1, 1421, 495, 855)  5413 MB  4.7s
2026-05-10 22:34:29  INFO        Loaded Odam-CRE-B            shape=(1, 1571, 464, 821)  5386 MB  5.3s
2026-05-10 22:34:32  INFO        Loaded Odam-CRE-C            shape=(1, 1353, 406, 820)  4054 MB  3.9s
2026-05-10 22:34:40  INFO        Loaded Odam-CRE-Hifla-A      shape=(1, 1469, 472, 846)  5279 MB  7.4s
2026-05-10 22:34:48  INFO        Loaded Odam-CRE-Hifla-B      shape=(1, 1471, 486, 818)  5263 MB  8.0s
2026-05-10 22:34:51  INFO        Loaded P27RKO_8um_2K__reoriented  shape=(1, 1550, 245, 672)  2297 MB  3.5s
2026-05-10 22:34:51  INFO      All 8 samples in RAM  total=32941 MB  37.6s
2026-05-10 22:34:51  INFO      Fold 7: dataset ready  items=8  load=37.6s
2026-05-10 22:34:52  INFO      Fold 7: extending from ep 280  best=0.8287  lr=1.0e-04
2026-05-10 22:34:52  INFO      Fold 7: entering training loop  start_epoch=280
2026-05-10 22:35:02  INFO      Fold 7 ep 281: first batch  wait=9.9s  shape=[48, 1, 96, 96, 96]
2026-05-10 22:35:32  INFO      Fold 7 ep 281: loss=1.1355  epoch=40.0s  data_wait=12.7s  gpu=27.3s
2026-05-10 22:36:14  INFO      Fold 7 ep 282: loss=1.1484  epoch=41.9s  data_wait=38.8s  gpu=3.2s
2026-05-10 22:36:54  INFO      Fold 7 ep 283: loss=1.1115  epoch=40.6s  data_wait=37.0s  gpu=3.6s
2026-05-10 22:37:35  INFO      Fold 7 ep 284: loss=1.0173  epoch=40.2s  data_wait=37.0s  gpu=3.2s
2026-05-10 22:38:16  INFO      Fold 7 ep 285: loss=1.0463  epoch=41.0s  data_wait=38.0s  gpu=2.9s
2026-05-10 22:38:23  INFO        [Odam-CRE-Hifla-C    ]  imread image   7.4s  shape=(1614, 418, 736)  1986 MB
2026-05-10 22:38:49  INFO        [Odam-CRE-Hifla-C    ]  imread masks   6.5s
2026-05-10 22:38:49  INFO        [Odam-CRE-Hifla-C    ]  load+combine   33.7s total
2026-05-10 22:39:17  INFO      fold=7 ep=285 loss=1.0463 dice=0.6745 inc=0.823 bone=0.785 molar=0.415 ep_s=41.0 val_s=61.1
2026-05-10 22:40:41  INFO      Fold 7 ep 286: loss=0.9781  epoch=84.2s  data_wait=10.0s  gpu=74.2s
2026-05-10 22:42:05  INFO      Fold 7 ep 287: loss=0.9509  epoch=83.9s  data_wait=11.0s  gpu=72.9s
2026-05-10 22:43:28  INFO      Fold 7 ep 288: loss=0.9198  epoch=82.7s  data_wait=9.7s  gpu=73.0s
2026-05-10 22:44:50  INFO      Fold 7 ep 289: loss=1.0260  epoch=82.6s  data_wait=9.6s  gpu=73.0s
2026-05-10 22:46:13  INFO      Fold 7 ep 290: loss=0.9999  epoch=82.3s  data_wait=9.3s  gpu=73.0s
2026-05-10 22:46:17  INFO        [Odam-CRE-Hifla-C    ]  imread image   4.5s  shape=(1614, 418, 736)  1986 MB
2026-05-10 22:47:00  INFO        [Odam-CRE-Hifla-C    ]  imread masks   7.5s
2026-05-10 22:47:01  INFO        [Odam-CRE-Hifla-C    ]  load+combine   47.9s total
2026-05-10 22:50:30  INFO      fold=7 ep=290 loss=0.9999 dice=0.6706 inc=0.822 bone=0.799 molar=0.391 ep_s=82.3 val_s=257.2
2026-05-10 22:51:25  INFO      Fold 7 ep 291: loss=0.9735  epoch=54.9s  data_wait=11.9s  gpu=43.0s
2026-05-10 22:52:16  INFO      Fold 7 ep 292: loss=0.9346  epoch=51.3s  data_wait=11.5s  gpu=39.8s
2026-05-10 22:53:12  INFO      Fold 7 ep 293: loss=0.9618  epoch=55.4s  data_wait=10.3s  gpu=45.1s
2026-05-10 22:54:03  INFO      Fold 7 ep 294: loss=0.9623  epoch=51.8s  data_wait=11.7s  gpu=40.0s
2026-05-10 22:54:58  INFO      Fold 7 ep 295: loss=0.9322  epoch=54.4s  data_wait=9.2s  gpu=45.2s
2026-05-10 22:55:03  INFO        [Odam-CRE-Hifla-C    ]  imread image   5.0s  shape=(1614, 418, 736)  1986 MB
2026-05-10 22:55:24  INFO        [Odam-CRE-Hifla-C    ]  imread masks   6.1s
2026-05-10 22:55:25  INFO        [Odam-CRE-Hifla-C    ]  load+combine   27.3s total
2026-05-10 22:57:10  INFO      fold=7 ep=295 loss=0.9322 dice=0.7067 inc=0.821 bone=0.851 molar=0.448 ep_s=54.4 val_s=131.8
2026-05-10 22:58:25  INFO      Fold 7 ep 296: loss=0.9251  epoch=75.4s  data_wait=9.5s  gpu=65.9s
2026-05-10 22:59:39  INFO      Fold 7 ep 297: loss=0.9760  epoch=74.0s  data_wait=9.4s  gpu=64.6s
2026-05-10 23:00:54  INFO      Fold 7 ep 298: loss=0.9479  epoch=74.7s  data_wait=10.2s  gpu=64.6s
2026-05-10 23:02:08  INFO      Fold 7 ep 299: loss=0.9507  epoch=74.1s  data_wait=9.8s  gpu=64.3s
2026-05-10 23:03:22  INFO      Fold 7 ep 300: loss=0.9303  epoch=74.1s  data_wait=9.6s  gpu=64.5s
2026-05-10 23:03:26  INFO        [Odam-CRE-Hifla-C    ]  imread image   3.5s  shape=(1614, 418, 736)  1986 MB
2026-05-10 23:03:46  INFO        [Odam-CRE-Hifla-C    ]  imread masks   5.1s
2026-05-10 23:03:47  INFO        [Odam-CRE-Hifla-C    ]  load+combine   24.3s total
2026-05-10 23:05:07  INFO      fold=7 ep=300 loss=0.9303 dice=0.7150 inc=0.827 bone=0.846 molar=0.472 ep_s=74.1 val_s=105.1
2026-05-10 23:06:20  INFO      Fold 7 ep 301: loss=0.9033  epoch=72.6s  data_wait=10.0s  gpu=62.6s
2026-05-10 23:07:31  INFO      Fold 7 ep 302: loss=0.9070  epoch=70.6s  data_wait=10.2s  gpu=60.4s
2026-05-10 23:08:37  INFO      Fold 7 ep 303: loss=0.9351  epoch=66.0s  data_wait=10.1s  gpu=55.9s
2026-05-10 23:09:46  INFO      Fold 7 ep 304: loss=0.9274  epoch=69.3s  data_wait=10.5s  gpu=58.7s
2026-05-10 23:10:56  INFO      Fold 7 ep 305: loss=0.8942  epoch=70.4s  data_wait=10.3s  gpu=60.1s
2026-05-10 23:11:00  INFO        [Odam-CRE-Hifla-C    ]  imread image   3.5s  shape=(1614, 418, 736)  1986 MB
2026-05-10 23:11:19  INFO        [Odam-CRE-Hifla-C    ]  imread masks   4.5s
2026-05-10 23:11:20  INFO        [Odam-CRE-Hifla-C    ]  load+combine   23.4s total
2026-05-10 23:13:03  INFO      fold=7 ep=305 loss=0.8942 dice=0.7078 inc=0.883 bone=0.809 molar=0.432 ep_s=70.4 val_s=126.4
2026-05-10 23:14:00  INFO      Fold 7 ep 306: loss=0.9261  epoch=56.8s  data_wait=10.0s  gpu=46.8s
2026-05-10 23:15:02  INFO      Fold 7 ep 307: loss=0.8984  epoch=62.3s  data_wait=9.9s  gpu=52.4s
2026-05-10 23:16:05  INFO      Fold 7 ep 308: loss=0.9430  epoch=62.9s  data_wait=10.6s  gpu=52.2s
2026-05-10 23:17:07  INFO      Fold 7 ep 309: loss=0.8907  epoch=61.6s  data_wait=9.6s  gpu=52.0s
2026-05-10 23:18:09  INFO      Fold 7 ep 310: loss=0.9374  epoch=62.6s  data_wait=10.3s  gpu=52.2s
2026-05-10 23:18:13  INFO        [Odam-CRE-Hifla-C    ]  imread image   4.3s  shape=(1614, 418, 736)  1986 MB
2026-05-10 23:18:35  INFO        [Odam-CRE-Hifla-C    ]  imread masks   5.5s
2026-05-10 23:18:36  INFO        [Odam-CRE-Hifla-C    ]  load+combine   26.6s total
2026-05-10 23:21:27  INFO      fold=7 ep=310 loss=0.9374 dice=0.7332 inc=0.861 bone=0.851 molar=0.488 ep_s=62.6 val_s=197.5
2026-05-10 23:22:35  INFO      Fold 7 ep 311: loss=0.8898  epoch=67.9s  data_wait=11.1s  gpu=56.8s
2026-05-10 23:23:42  INFO      Fold 7 ep 312: loss=0.9227  epoch=66.9s  data_wait=10.0s  gpu=56.9s
2026-05-10 23:24:48  INFO      Fold 7 ep 313: loss=0.9469  epoch=66.9s  data_wait=9.7s  gpu=57.2s
2026-05-10 23:25:55  INFO      Fold 7 ep 314: loss=0.9057  epoch=66.5s  data_wait=9.6s  gpu=56.9s
2026-05-10 23:27:02  INFO      Fold 7 ep 315: loss=0.8999  epoch=67.0s  data_wait=9.9s  gpu=57.1s
2026-05-10 23:27:05  INFO        [Odam-CRE-Hifla-C    ]  imread image   3.4s  shape=(1614, 418, 736)  1986 MB
2026-05-10 23:27:27  INFO        [Odam-CRE-Hifla-C    ]  imread masks   5.7s
2026-05-10 23:27:27  INFO        [Odam-CRE-Hifla-C    ]  load+combine   25.6s total
2026-05-10 23:30:14  INFO      fold=7 ep=315 loss=0.8999 dice=0.7299 inc=0.879 bone=0.854 molar=0.457 ep_s=67.0 val_s=192.6
2026-05-10 23:31:14  INFO      Fold 7 ep 316: loss=0.9190  epoch=59.1s  data_wait=9.1s  gpu=50.0s
2026-05-10 23:32:12  INFO      Fold 7 ep 317: loss=0.8818  epoch=58.4s  data_wait=9.2s  gpu=49.2s
2026-05-10 23:33:11  INFO      Fold 7 ep 318: loss=0.9032  epoch=59.3s  data_wait=10.3s  gpu=49.0s
2026-05-10 23:34:10  INFO      Fold 7 ep 319: loss=0.9153  epoch=58.3s  data_wait=9.5s  gpu=48.8s
2026-05-10 23:35:09  INFO      Fold 7 ep 320: loss=0.9003  epoch=59.3s  data_wait=10.5s  gpu=48.8s
2026-05-10 23:35:12  INFO        [Odam-CRE-Hifla-C    ]  imread image   3.4s  shape=(1614, 418, 736)  1986 MB
2026-05-10 23:35:32  INFO        [Odam-CRE-Hifla-C    ]  imread masks   5.4s
2026-05-10 23:35:33  INFO        [Odam-CRE-Hifla-C    ]  load+combine   23.5s total
2026-05-10 23:38:29  INFO      fold=7 ep=320 loss=0.9003 dice=0.7609 inc=0.884 bone=0.859 molar=0.539 ep_s=59.3 val_s=199.7
2026-05-10 23:39:33  INFO      Fold 7 ep 321: loss=0.8826  epoch=63.6s  data_wait=10.7s  gpu=52.9s
2026-05-10 23:40:41  INFO      Fold 7 ep 322: loss=0.8869  epoch=68.2s  data_wait=10.3s  gpu=58.0s
2026-05-10 23:41:48  INFO      Fold 7 ep 323: loss=0.9043  epoch=67.7s  data_wait=10.0s  gpu=57.7s
2026-05-10 23:42:57  INFO      Fold 7 ep 324: loss=0.9824  epoch=68.3s  data_wait=10.5s  gpu=57.8s
2026-05-10 23:44:04  INFO      Fold 7 ep 325: loss=0.8958  epoch=67.2s  data_wait=9.4s  gpu=57.8s
2026-05-10 23:44:08  INFO        [Odam-CRE-Hifla-C    ]  imread image   4.1s  shape=(1614, 418, 736)  1986 MB
2026-05-10 23:44:29  INFO        [Odam-CRE-Hifla-C    ]  imread masks   5.3s
2026-05-10 23:44:29  INFO        [Odam-CRE-Hifla-C    ]  load+combine   25.4s total
2026-05-10 23:46:41  INFO      fold=7 ep=325 loss=0.8958 dice=0.7400 inc=0.871 bone=0.855 molar=0.494 ep_s=67.2 val_s=157.3
2026-05-10 23:47:45  INFO      Fold 7 ep 326: loss=0.9520  epoch=63.8s  data_wait=10.1s  gpu=53.7s
2026-05-10 23:48:49  INFO      Fold 7 ep 327: loss=0.8969  epoch=63.6s  data_wait=10.1s  gpu=53.5s
2026-05-10 23:49:53  INFO      Fold 7 ep 328: loss=0.9258  epoch=64.5s  data_wait=10.9s  gpu=53.6s
2026-05-10 23:50:57  INFO      Fold 7 ep 329: loss=0.8900  epoch=63.7s  data_wait=10.3s  gpu=53.4s
2026-05-10 23:52:00  INFO      Fold 7 ep 330: loss=0.8904  epoch=62.9s  data_wait=9.5s  gpu=53.4s
2026-05-10 23:52:03  INFO        [Odam-CRE-Hifla-C    ]  imread image   3.4s  shape=(1614, 418, 736)  1986 MB
2026-05-10 23:52:24  INFO        [Odam-CRE-Hifla-C    ]  imread masks   4.8s
2026-05-10 23:52:25  INFO        [Odam-CRE-Hifla-C    ]  load+combine   24.7s total
2026-05-10 23:55:02  INFO      fold=7 ep=330 loss=0.8904 dice=0.7126 inc=0.844 bone=0.835 molar=0.459 ep_s=62.9 val_s=182.3
2026-05-10 23:55:02  INFO      Fold 7: early stop at ep 330  best=0.8287
2026-05-10 23:55:09  INFO      Fold 8: loading 8 training samples into RAM...
2026-05-10 23:55:11  INFO        Loaded Cont1_5               shape=(1, 1444, 343, 530)  2363 MB  2.2s
2026-05-10 23:55:13  INFO        Loaded Frag_4                shape=(1, 1484, 441, 490)  2886 MB  2.6s
2026-05-10 23:55:18  INFO        Loaded Odam-CRE-A            shape=(1, 1421, 495, 855)  5413 MB  5.0s
2026-05-10 23:55:23  INFO        Loaded Odam-CRE-B            shape=(1, 1571, 464, 821)  5386 MB  5.2s
2026-05-10 23:55:28  INFO        Loaded Odam-CRE-C            shape=(1, 1353, 406, 820)  4054 MB  4.4s
2026-05-10 23:55:37  INFO        Loaded Odam-CRE-Hifla-A      shape=(1, 1469, 472, 846)  5279 MB  9.0s
2026-05-10 23:55:45  INFO        Loaded Odam-CRE-Hifla-B      shape=(1, 1471, 486, 818)  5263 MB  8.4s
2026-05-10 23:55:53  INFO        Loaded Odam-CRE-Hifla-C      shape=(1, 1630, 434, 752)  4788 MB  7.3s
2026-05-10 23:55:53  INFO      All 8 samples in RAM  total=35432 MB  44.1s
2026-05-10 23:55:53  INFO      Fold 8: dataset ready  items=8  load=44.2s
2026-05-10 23:55:53  INFO      Fold 8: extending from ep 170  best=0.5630  lr=1.0e-04
2026-05-10 23:55:53  INFO      Fold 8: entering training loop  start_epoch=170
2026-05-10 23:56:04  INFO      Fold 8 ep 171: first batch  wait=10.6s  shape=[48, 1, 96, 96, 96]
2026-05-10 23:56:35  INFO      Fold 8 ep 171: loss=1.2438  epoch=42.0s  data_wait=23.6s  gpu=18.4s
2026-05-10 23:57:18  INFO      Fold 8 ep 172: loss=1.1202  epoch=43.0s  data_wait=40.5s  gpu=2.5s
2026-05-10 23:57:59  INFO      Fold 8 ep 173: loss=1.1598  epoch=41.2s  data_wait=38.5s  gpu=2.7s
2026-05-10 23:58:40  INFO      Fold 8 ep 174: loss=1.0561  epoch=41.0s  data_wait=38.6s  gpu=2.5s
2026-05-10 23:59:22  INFO      Fold 8 ep 175: loss=1.0269  epoch=41.5s  data_wait=39.0s  gpu=2.6s
2026-05-10 23:59:26  INFO        [P27RKO_8um_2K__reoriented]  imread image   4.5s  shape=(1534, 229, 656)  922 MB
2026-05-10 23:59:39  INFO        [P27RKO_8um_2K__reoriented]  imread masks   3.3s
2026-05-10 23:59:39  INFO        [P27RKO_8um_2K__reoriented]  load+combine   17.3s total
2026-05-10 23:59:53  INFO      fold=8 ep=175 loss=1.0269 dice=0.5563 inc=0.605 bone=0.725 molar=0.340 ep_s=41.5 val_s=30.7
2026-05-11 00:00:34  INFO      Fold 8 ep 176: loss=0.9928  epoch=40.9s  data_wait=38.3s  gpu=2.6s
2026-05-11 00:01:15  INFO      Fold 8 ep 177: loss=1.0293  epoch=41.0s  data_wait=38.4s  gpu=2.6s
2026-05-11 00:01:56  INFO      Fold 8 ep 178: loss=0.9969  epoch=41.0s  data_wait=38.3s  gpu=2.7s
2026-05-11 00:02:37  INFO      Fold 8 ep 179: loss=1.0559  epoch=41.0s  data_wait=38.4s  gpu=2.7s
2026-05-11 00:03:18  INFO      Fold 8 ep 180: loss=1.0063  epoch=41.0s  data_wait=38.3s  gpu=2.7s
2026-05-11 00:03:20  INFO        [P27RKO_8um_2K__reoriented]  imread image   2.2s  shape=(1534, 229, 656)  922 MB
2026-05-11 00:03:32  INFO        [P27RKO_8um_2K__reoriented]  imread masks   3.1s
2026-05-11 00:03:32  INFO        [P27RKO_8um_2K__reoriented]  load+combine   14.5s total
2026-05-11 00:03:35  INFO      fold=8 ep=180 loss=1.0063 dice=0.5600 inc=0.579 bone=0.759 molar=0.342 ep_s=41.0 val_s=16.9
2026-05-11 00:04:15  INFO      Fold 8 ep 181: loss=1.0008  epoch=39.8s  data_wait=37.4s  gpu=2.4s
2026-05-11 00:04:53  INFO      Fold 8 ep 182: loss=0.9661  epoch=38.4s  data_wait=35.7s  gpu=2.7s
2026-05-11 00:05:33  INFO      Fold 8 ep 183: loss=0.9897  epoch=40.2s  data_wait=37.5s  gpu=2.7s
2026-05-11 00:06:15  INFO      Fold 8 ep 184: loss=0.9916  epoch=42.2s  data_wait=39.4s  gpu=2.8s
2026-05-11 00:06:56  INFO      Fold 8 ep 185: loss=0.9321  epoch=40.9s  data_wait=38.4s  gpu=2.6s
2026-05-11 00:06:59  INFO        [P27RKO_8um_2K__reoriented]  imread image   2.2s  shape=(1534, 229, 656)  922 MB
2026-05-11 00:07:09  INFO        [P27RKO_8um_2K__reoriented]  imread masks   4.0s
2026-05-11 00:07:10  INFO        [P27RKO_8um_2K__reoriented]  load+combine   13.4s total
2026-05-11 00:07:12  INFO      fold=8 ep=185 loss=0.9321 dice=0.5586 inc=0.578 bone=0.764 molar=0.334 ep_s=40.9 val_s=15.8
2026-05-11 00:07:53  INFO      Fold 8 ep 186: loss=0.9343  epoch=40.8s  data_wait=38.1s  gpu=2.7s
2026-05-11 00:08:33  INFO      Fold 8 ep 187: loss=0.9849  epoch=39.6s  data_wait=36.9s  gpu=2.6s
2026-05-11 00:09:13  INFO      Fold 8 ep 188: loss=0.9414  epoch=40.2s  data_wait=37.7s  gpu=2.4s
2026-05-11 00:09:54  INFO      Fold 8 ep 189: loss=0.9919  epoch=41.0s  data_wait=38.3s  gpu=2.7s
2026-05-11 00:10:35  INFO      Fold 8 ep 190: loss=0.9673  epoch=40.6s  data_wait=37.9s  gpu=2.7s
2026-05-11 00:10:37  INFO        [P27RKO_8um_2K__reoriented]  imread image   2.2s  shape=(1534, 229, 656)  922 MB
2026-05-11 00:10:47  INFO        [P27RKO_8um_2K__reoriented]  imread masks   3.9s
2026-05-11 00:10:48  INFO        [P27RKO_8um_2K__reoriented]  load+combine   13.0s total
2026-05-11 00:10:50  INFO      fold=8 ep=190 loss=0.9673 dice=0.5498 inc=0.540 bone=0.764 molar=0.345 ep_s=40.6 val_s=15.5
2026-05-11 00:11:32  INFO      Fold 8 ep 191: loss=0.9156  epoch=42.3s  data_wait=39.7s  gpu=2.7s
2026-05-11 00:12:14  INFO      Fold 8 ep 192: loss=0.9387  epoch=41.2s  data_wait=38.6s  gpu=2.6s
2026-05-11 00:12:55  INFO      Fold 8 ep 193: loss=0.9418  epoch=41.4s  data_wait=38.6s  gpu=2.8s
2026-05-11 00:13:38  INFO      Fold 8 ep 194: loss=0.9398  epoch=43.0s  data_wait=40.4s  gpu=2.5s
2026-05-11 00:14:19  INFO      Fold 8 ep 195: loss=0.9134  epoch=41.4s  data_wait=38.8s  gpu=2.7s
2026-05-11 00:14:22  INFO        [P27RKO_8um_2K__reoriented]  imread image   2.2s  shape=(1534, 229, 656)  922 MB
2026-05-11 00:14:32  INFO        [P27RKO_8um_2K__reoriented]  imread masks   3.6s
2026-05-11 00:14:32  INFO        [P27RKO_8um_2K__reoriented]  load+combine   12.7s total
2026-05-11 00:14:35  INFO      fold=8 ep=195 loss=0.9134 dice=0.5890 inc=0.606 bone=0.793 molar=0.368 ep_s=41.4 val_s=15.1
2026-05-11 00:15:17  INFO      Fold 8 ep 196: loss=0.9566  epoch=41.9s  data_wait=39.2s  gpu=2.7s
2026-05-11 00:15:57  INFO      Fold 8 ep 197: loss=0.9187  epoch=40.2s  data_wait=37.6s  gpu=2.5s
2026-05-11 00:16:37  INFO      Fold 8 ep 198: loss=0.9479  epoch=39.6s  data_wait=36.8s  gpu=2.8s
2026-05-11 00:17:15  INFO      Fold 8 ep 199: loss=0.9083  epoch=38.0s  data_wait=35.4s  gpu=2.5s
2026-05-11 00:17:55  INFO      Fold 8 ep 200: loss=0.9313  epoch=40.8s  data_wait=38.1s  gpu=2.7s
2026-05-11 00:17:58  INFO        [P27RKO_8um_2K__reoriented]  imread image   2.3s  shape=(1534, 229, 656)  922 MB
2026-05-11 00:18:08  INFO        [P27RKO_8um_2K__reoriented]  imread masks   3.5s
2026-05-11 00:18:08  INFO        [P27RKO_8um_2K__reoriented]  load+combine   12.5s total
2026-05-11 00:18:10  INFO      fold=8 ep=200 loss=0.9313 dice=0.5767 inc=0.610 bone=0.782 molar=0.339 ep_s=40.8 val_s=15.0
2026-05-11 00:18:52  INFO      Fold 8 ep 201: loss=0.9210  epoch=41.2s  data_wait=38.6s  gpu=2.6s
2026-05-11 00:19:31  INFO      Fold 8 ep 202: loss=0.8820  epoch=39.3s  data_wait=36.6s  gpu=2.7s
2026-05-11 00:20:12  INFO      Fold 8 ep 203: loss=0.9176  epoch=40.4s  data_wait=37.7s  gpu=2.7s
2026-05-11 00:20:49  INFO      Fold 8 ep 204: loss=0.9049  epoch=38.0s  data_wait=35.4s  gpu=2.6s
2026-05-11 00:21:27  INFO      Fold 8 ep 205: loss=0.9203  epoch=37.2s  data_wait=34.4s  gpu=2.8s
2026-05-11 00:21:29  INFO        [P27RKO_8um_2K__reoriented]  imread image   2.3s  shape=(1534, 229, 656)  922 MB
2026-05-11 00:21:39  INFO        [P27RKO_8um_2K__reoriented]  imread masks   3.5s
2026-05-11 00:21:39  INFO        [P27RKO_8um_2K__reoriented]  load+combine   12.3s total
2026-05-11 00:21:42  INFO      fold=8 ep=205 loss=0.9203 dice=0.5984 inc=0.636 bone=0.775 molar=0.385 ep_s=37.2 val_s=14.8
2026-05-11 00:22:20  INFO      Fold 8 ep 206: loss=0.9124  epoch=38.5s  data_wait=35.6s  gpu=2.9s
2026-05-11 00:22:59  INFO      Fold 8 ep 207: loss=0.9110  epoch=38.4s  data_wait=35.7s  gpu=2.7s
2026-05-11 00:23:40  INFO      Fold 8 ep 208: loss=0.8952  epoch=41.8s  data_wait=39.1s  gpu=2.6s
2026-05-11 00:24:20  INFO      Fold 8 ep 209: loss=0.8950  epoch=39.6s  data_wait=36.9s  gpu=2.7s
2026-05-11 00:25:02  INFO      Fold 8 ep 210: loss=0.9233  epoch=42.0s  data_wait=39.5s  gpu=2.5s
2026-05-11 00:25:04  INFO        [P27RKO_8um_2K__reoriented]  imread image   2.3s  shape=(1534, 229, 656)  922 MB
2026-05-11 00:25:14  INFO        [P27RKO_8um_2K__reoriented]  imread masks   3.7s
2026-05-11 00:25:15  INFO        [P27RKO_8um_2K__reoriented]  load+combine   12.6s total
2026-05-11 00:25:17  INFO      fold=8 ep=210 loss=0.9233 dice=0.6107 inc=0.662 bone=0.787 molar=0.383 ep_s=42.0 val_s=15.0
2026-05-11 00:25:58  INFO      Fold 8 ep 211: loss=0.8726  epoch=41.1s  data_wait=38.5s  gpu=2.6s
2026-05-11 00:26:39  INFO      Fold 8 ep 212: loss=0.8881  epoch=40.6s  data_wait=37.9s  gpu=2.7s
2026-05-11 00:27:19  INFO      Fold 8 ep 213: loss=0.9004  epoch=39.6s  data_wait=36.9s  gpu=2.7s
2026-05-11 00:27:58  INFO      Fold 8 ep 214: loss=0.9200  epoch=39.8s  data_wait=37.2s  gpu=2.6s
2026-05-11 00:28:39  INFO      Fold 8 ep 215: loss=0.8914  epoch=40.4s  data_wait=37.8s  gpu=2.6s
2026-05-11 00:28:41  INFO        [P27RKO_8um_2K__reoriented]  imread image   2.2s  shape=(1534, 229, 656)  922 MB
2026-05-11 00:28:51  INFO        [P27RKO_8um_2K__reoriented]  imread masks   4.0s
2026-05-11 00:28:52  INFO        [P27RKO_8um_2K__reoriented]  load+combine   12.8s total
2026-05-11 00:28:54  INFO      fold=8 ep=215 loss=0.8914 dice=0.5948 inc=0.614 bone=0.788 molar=0.383 ep_s=40.4 val_s=15.2
2026-05-11 00:29:35  INFO      Fold 8 ep 216: loss=0.9223  epoch=40.8s  data_wait=38.2s  gpu=2.6s
2026-05-11 00:30:15  INFO      Fold 8 ep 217: loss=0.8692  epoch=40.2s  data_wait=37.7s  gpu=2.6s
2026-05-11 00:30:58  INFO      Fold 8 ep 218: loss=0.8945  epoch=42.4s  data_wait=39.8s  gpu=2.6s
2026-05-11 00:31:37  INFO      Fold 8 ep 219: loss=0.8640  epoch=39.8s  data_wait=37.0s  gpu=2.7s
2026-05-11 00:32:16  INFO      Fold 8 ep 220: loss=0.8708  epoch=39.0s  data_wait=36.4s  gpu=2.5s
2026-05-11 00:32:18  INFO        [P27RKO_8um_2K__reoriented]  imread image   2.2s  shape=(1534, 229, 656)  922 MB
2026-05-11 00:32:29  INFO        [P27RKO_8um_2K__reoriented]  imread masks   4.1s
2026-05-11 00:32:29  INFO        [P27RKO_8um_2K__reoriented]  load+combine   12.9s total
2026-05-11 00:32:32  INFO      fold=8 ep=220 loss=0.8708 dice=0.5893 inc=0.637 bone=0.779 molar=0.352 ep_s=39.0 val_s=15.4
2026-05-11 00:33:13  INFO      Fold 8 ep 221: loss=0.8729  epoch=41.0s  data_wait=38.4s  gpu=2.6s
2026-05-11 00:33:54  INFO      Fold 8 ep 222: loss=0.8497  epoch=40.7s  data_wait=38.1s  gpu=2.6s
2026-05-11 00:34:34  INFO      Fold 8 ep 223: loss=0.8659  epoch=40.6s  data_wait=38.0s  gpu=2.5s
2026-05-11 00:35:14  INFO      Fold 8 ep 224: loss=0.9435  epoch=39.6s  data_wait=37.0s  gpu=2.6s
2026-05-11 00:35:53  INFO      Fold 8 ep 225: loss=0.8982  epoch=39.6s  data_wait=37.0s  gpu=2.5s
2026-05-11 00:35:56  INFO        [P27RKO_8um_2K__reoriented]  imread image   2.2s  shape=(1534, 229, 656)  922 MB
2026-05-11 00:36:06  INFO        [P27RKO_8um_2K__reoriented]  imread masks   3.8s
2026-05-11 00:36:06  INFO        [P27RKO_8um_2K__reoriented]  load+combine   12.8s total
2026-05-11 00:36:09  INFO      fold=8 ep=225 loss=0.8982 dice=0.6062 inc=0.630 bone=0.784 molar=0.404 ep_s=39.6 val_s=15.3
2026-05-11 00:36:49  INFO      Fold 8 ep 226: loss=0.8989  epoch=39.7s  data_wait=37.1s  gpu=2.6s
2026-05-11 00:37:27  INFO      Fold 8 ep 227: loss=0.8726  epoch=38.6s  data_wait=35.8s  gpu=2.8s
2026-05-11 00:38:05  INFO      Fold 8 ep 228: loss=0.9173  epoch=37.9s  data_wait=35.3s  gpu=2.7s
2026-05-11 00:38:45  INFO      Fold 8 ep 229: loss=0.9151  epoch=40.2s  data_wait=37.6s  gpu=2.6s
2026-05-11 00:39:25  INFO      Fold 8 ep 230: loss=0.8455  epoch=39.4s  data_wait=36.7s  gpu=2.7s
2026-05-11 00:39:27  INFO        [P27RKO_8um_2K__reoriented]  imread image   2.2s  shape=(1534, 229, 656)  922 MB
2026-05-11 00:39:37  INFO        [P27RKO_8um_2K__reoriented]  imread masks   4.1s
2026-05-11 00:39:38  INFO        [P27RKO_8um_2K__reoriented]  load+combine   12.9s total
2026-05-11 00:39:40  INFO      fold=8 ep=230 loss=0.8455 dice=0.6064 inc=0.630 bone=0.790 molar=0.400 ep_s=39.4 val_s=15.4
2026-05-11 00:40:21  INFO      Fold 8 ep 231: loss=0.8792  epoch=40.2s  data_wait=37.5s  gpu=2.7s
2026-05-11 00:41:00  INFO      Fold 8 ep 232: loss=0.8571  epoch=39.8s  data_wait=37.2s  gpu=2.6s
2026-05-11 00:41:41  INFO      Fold 8 ep 233: loss=0.8776  epoch=40.8s  data_wait=38.0s  gpu=2.8s
2026-05-11 00:42:22  INFO      Fold 8 ep 234: loss=0.8623  epoch=41.0s  data_wait=38.1s  gpu=2.8s
2026-05-11 00:43:01  INFO      Fold 8 ep 235: loss=0.8625  epoch=39.2s  data_wait=36.6s  gpu=2.6s
2026-05-11 00:43:03  INFO        [P27RKO_8um_2K__reoriented]  imread image   2.2s  shape=(1534, 229, 656)  922 MB
2026-05-11 00:43:14  INFO        [P27RKO_8um_2K__reoriented]  imread masks   4.2s
2026-05-11 00:43:14  INFO        [P27RKO_8um_2K__reoriented]  load+combine   13.0s total
2026-05-11 00:43:17  INFO      fold=8 ep=235 loss=0.8625 dice=0.5494 inc=0.631 bone=0.767 molar=0.250 ep_s=39.2 val_s=15.4
2026-05-11 00:43:57  INFO      Fold 8 ep 236: loss=0.8356  epoch=39.8s  data_wait=37.2s  gpu=2.6s
2026-05-11 00:44:36  INFO      Fold 8 ep 237: loss=0.8933  epoch=39.6s  data_wait=36.9s  gpu=2.6s
2026-05-11 00:45:16  INFO      Fold 8 ep 238: loss=0.8941  epoch=40.2s  data_wait=37.7s  gpu=2.5s
2026-05-11 00:45:56  INFO      Fold 8 ep 239: loss=0.8616  epoch=40.0s  data_wait=37.3s  gpu=2.6s
2026-05-11 00:46:37  INFO      Fold 8 ep 240: loss=0.8583  epoch=40.4s  data_wait=38.0s  gpu=2.4s
2026-05-11 00:46:39  INFO        [P27RKO_8um_2K__reoriented]  imread image   2.2s  shape=(1534, 229, 656)  922 MB
2026-05-11 00:46:49  INFO        [P27RKO_8um_2K__reoriented]  imread masks   4.1s
2026-05-11 00:46:50  INFO        [P27RKO_8um_2K__reoriented]  load+combine   12.9s total
2026-05-11 00:46:52  INFO      fold=8 ep=240 loss=0.8583 dice=0.6068 inc=0.630 bone=0.792 molar=0.398 ep_s=40.4 val_s=15.4
2026-05-11 00:47:34  INFO      Fold 8 ep 241: loss=0.8325  epoch=41.4s  data_wait=38.9s  gpu=2.5s
2026-05-11 00:48:12  INFO      Fold 8 ep 242: loss=0.9225  epoch=38.4s  data_wait=35.7s  gpu=2.7s
2026-05-11 00:48:53  INFO      Fold 8 ep 243: loss=0.8716  epoch=41.2s  data_wait=38.7s  gpu=2.5s
2026-05-11 00:49:34  INFO      Fold 8 ep 244: loss=0.9181  epoch=40.8s  data_wait=38.0s  gpu=2.8s
2026-05-11 00:50:13  INFO      Fold 8 ep 245: loss=0.8865  epoch=39.2s  data_wait=36.6s  gpu=2.6s
2026-05-11 00:50:16  INFO        [P27RKO_8um_2K__reoriented]  imread image   2.3s  shape=(1534, 229, 656)  922 MB
2026-05-11 00:50:26  INFO        [P27RKO_8um_2K__reoriented]  imread masks   4.2s
2026-05-11 00:50:26  INFO        [P27RKO_8um_2K__reoriented]  load+combine   13.1s total
2026-05-11 00:50:29  INFO      fold=8 ep=245 loss=0.8865 dice=0.5819 inc=0.655 bone=0.783 molar=0.308 ep_s=39.2 val_s=15.5
2026-05-11 00:51:11  INFO      Fold 8 ep 246: loss=0.8783  epoch=41.4s  data_wait=38.6s  gpu=2.8s
2026-05-11 00:51:51  INFO      Fold 8 ep 247: loss=0.9173  epoch=40.2s  data_wait=37.5s  gpu=2.7s
2026-05-11 00:52:33  INFO      Fold 8 ep 248: loss=0.8610  epoch=41.8s  data_wait=39.2s  gpu=2.5s
2026-05-11 00:53:14  INFO      Fold 8 ep 249: loss=0.8709  epoch=41.4s  data_wait=38.8s  gpu=2.5s
2026-05-11 00:53:54  INFO      Fold 8 ep 250: loss=0.8391  epoch=40.0s  data_wait=37.4s  gpu=2.6s
2026-05-11 00:53:56  INFO        [P27RKO_8um_2K__reoriented]  imread image   2.3s  shape=(1534, 229, 656)  922 MB
2026-05-11 00:54:07  INFO        [P27RKO_8um_2K__reoriented]  imread masks   4.3s
2026-05-11 00:54:07  INFO        [P27RKO_8um_2K__reoriented]  load+combine   13.5s total
2026-05-11 00:54:10  INFO      fold=8 ep=250 loss=0.8391 dice=0.5838 inc=0.639 bone=0.783 molar=0.330 ep_s=40.0 val_s=16.0
2026-05-11 00:54:51  INFO      Fold 8 ep 251: loss=0.8652  epoch=40.6s  data_wait=37.9s  gpu=2.8s
2026-05-11 00:55:30  INFO      Fold 8 ep 252: loss=0.8656  epoch=39.6s  data_wait=36.8s  gpu=2.7s
2026-05-11 00:56:09  INFO      Fold 8 ep 253: loss=0.8611  epoch=39.0s  data_wait=36.2s  gpu=2.8s
2026-05-11 00:56:49  INFO      Fold 8 ep 254: loss=0.8313  epoch=40.2s  data_wait=37.4s  gpu=2.8s
2026-05-11 00:57:29  INFO      Fold 8 ep 255: loss=0.8589  epoch=39.3s  data_wait=36.8s  gpu=2.6s
2026-05-11 00:57:31  INFO        [P27RKO_8um_2K__reoriented]  imread image   2.3s  shape=(1534, 229, 656)  922 MB
2026-05-11 00:57:42  INFO        [P27RKO_8um_2K__reoriented]  imread masks   4.1s
2026-05-11 00:57:42  INFO        [P27RKO_8um_2K__reoriented]  load+combine   13.0s total
2026-05-11 00:57:44  INFO      fold=8 ep=255 loss=0.8589 dice=0.5570 inc=0.652 bone=0.774 molar=0.245 ep_s=39.3 val_s=15.5
2026-05-11 00:58:26  INFO      Fold 8 ep 256: loss=0.8878  epoch=41.5s  data_wait=38.9s  gpu=2.6s
2026-05-11 00:59:07  INFO      Fold 8 ep 257: loss=0.8667  epoch=41.2s  data_wait=38.5s  gpu=2.6s
2026-05-11 00:59:50  INFO      Fold 8 ep 258: loss=0.8478  epoch=43.0s  data_wait=40.2s  gpu=2.8s
2026-05-11 01:00:30  INFO      Fold 8 ep 259: loss=0.8525  epoch=40.1s  data_wait=37.3s  gpu=2.8s
2026-05-11 01:01:11  INFO      Fold 8 ep 260: loss=0.8297  epoch=41.0s  data_wait=38.4s  gpu=2.6s
2026-05-11 01:01:14  INFO        [P27RKO_8um_2K__reoriented]  imread image   2.3s  shape=(1534, 229, 656)  922 MB
2026-05-11 01:01:24  INFO        [P27RKO_8um_2K__reoriented]  imread masks   4.3s
2026-05-11 01:01:25  INFO        [P27RKO_8um_2K__reoriented]  load+combine   13.3s total
2026-05-11 01:01:27  INFO      fold=8 ep=260 loss=0.8297 dice=0.5918 inc=0.663 bone=0.790 molar=0.322 ep_s=41.0 val_s=15.8
2026-05-11 01:01:27  INFO      Fold 8: early stop at ep 260  best=0.6107
2026-05-11 01:01:32  INFO      Pipeline complete  total=9h19m  mean_dice=0.8450
