2026-05-11 15:24:36  INFO      Pipeline starting  |  output=runs
2026-05-11 15:24:36  INFO      Log file: runs\pipeline.log
2026-05-11 15:24:36  INFO      Discovered 9 samples in training
2026-05-11 15:24:36  INFO      Found 9 samples: ['Cont1_5', 'Frag_4', 'Odam-CRE-A', 'Odam-CRE-B', 'Odam-CRE-C', 'Odam-CRE-Hifla-A', 'Odam-CRE-Hifla-B', 'Odam-CRE-Hifla-C', 'P27RKO_8um_2K__reoriented']
2026-05-11 15:24:36  INFO      Folds to train: [0, 1, 2, 3, 4, 5, 6, 7, 8]  (9 total)
2026-05-11 15:24:36  INFO        [Cont1_5             ]  already cached  img=2100 MB
2026-05-11 15:24:36  INFO        [Frag_4              ]  already cached  img=2565 MB
2026-05-11 15:24:36  INFO        [Odam-CRE-A          ]  already cached  img=4811 MB
2026-05-11 15:24:36  INFO        [Odam-CRE-B          ]  already cached  img=4788 MB
2026-05-11 15:24:36  INFO        [Odam-CRE-C          ]  already cached  img=3604 MB
2026-05-11 15:24:36  INFO        [Odam-CRE-Hifla-A    ]  already cached  img=4693 MB
2026-05-11 15:24:36  INFO        [Odam-CRE-Hifla-B    ]  already cached  img=4678 MB
2026-05-11 15:24:36  INFO        [Odam-CRE-Hifla-C    ]  already cached  img=4256 MB
2026-05-11 15:24:36  INFO        [P27RKO_8um_2K__reoriented]  already cached  img=2042 MB
2026-05-11 15:24:36  INFO      Disk cache ready for 9 samples  |  time=0s
2026-05-11 15:24:36  INFO      Fold 0: loading 8 training samples into RAM...
2026-05-11 15:24:38  INFO        Loaded Frag_4                shape=(1, 1484, 441, 490)  2886 MB  1.7s
2026-05-11 15:24:42  INFO        Loaded Odam-CRE-A            shape=(1, 1421, 495, 855)  5413 MB  4.1s
2026-05-11 15:24:46  INFO        Loaded Odam-CRE-B            shape=(1, 1571, 464, 821)  5386 MB  4.4s
2026-05-11 15:24:49  INFO        Loaded Odam-CRE-C            shape=(1, 1353, 406, 820)  4054 MB  2.4s
2026-05-11 15:24:55  INFO        Loaded Odam-CRE-Hifla-A      shape=(1, 1469, 472, 846)  5279 MB  6.6s
2026-05-11 15:25:03  INFO        Loaded Odam-CRE-Hifla-B      shape=(1, 1471, 486, 818)  5263 MB  7.5s
2026-05-11 15:25:07  INFO        Loaded Odam-CRE-Hifla-C      shape=(1, 1630, 434, 752)  4788 MB  3.7s
2026-05-11 15:25:10  INFO        Loaded P27RKO_8um_2K__reoriented  shape=(1, 1550, 245, 672)  2297 MB  3.1s
2026-05-11 15:25:10  INFO      All 8 samples in RAM  total=35366 MB  33.6s
2026-05-11 15:25:10  INFO      Fold 0: dataset ready  items=8  load=33.6s
2026-05-11 15:25:21  INFO      Fold 0: starting fresh | val=Cont1_5 | params=4,743,653
2026-05-11 15:25:21  INFO      Fold 0: entering training loop  start_epoch=0
2026-05-11 15:25:34  INFO      Fold 0 ep 1: first batch  wait=12.7s  shape=[48, 1, 96, 96, 96]
2026-05-11 15:26:12  INFO      Fold 0 ep 1: loss=2.3191  epoch=50.7s  data_wait=29.5s  gpu=21.2s
2026-05-11 15:27:04  INFO      Fold 0 ep 2: loss=2.0742  epoch=52.4s  data_wait=49.8s  gpu=2.5s
2026-05-11 15:27:56  INFO      Fold 0 ep 3: loss=1.9971  epoch=52.4s  data_wait=49.8s  gpu=2.6s
2026-05-11 15:28:44  INFO      Fold 0 ep 4: loss=1.9569  epoch=47.7s  data_wait=45.1s  gpu=2.6s
2026-05-11 15:29:33  INFO      Fold 0 ep 5: loss=1.8852  epoch=49.0s  data_wait=46.4s  gpu=2.5s
2026-05-11 15:29:36  INFO        [Cont1_5             ]  imread image   3.3s  shape=(1428, 327, 514)  960 MB
2026-05-11 15:29:50  INFO        [Cont1_5             ]  imread masks   3.2s
2026-05-11 15:29:50  INFO        [Cont1_5             ]  load+combine   16.9s total
2026-05-11 15:30:15  INFO      fold=0 ep=5 loss=1.8852 dice=0.0237 inc=0.016 bone=0.001 molar=0.054 ep_s=49.0 val_s=41.8
2026-05-11 15:31:09  INFO      Fold 0 ep 6: loss=1.8878  epoch=53.1s  data_wait=50.5s  gpu=2.7s
2026-05-11 15:32:02  INFO      Fold 0 ep 7: loss=1.8413  epoch=53.2s  data_wait=50.6s  gpu=2.6s
2026-05-11 15:32:56  INFO      Fold 0 ep 8: loss=1.8449  epoch=54.2s  data_wait=51.7s  gpu=2.5s
2026-05-11 15:33:46  INFO      Fold 0 ep 9: loss=1.8238  epoch=49.5s  data_wait=46.8s  gpu=2.8s
2026-05-11 15:34:36  INFO      Fold 0 ep 10: loss=1.8084  epoch=50.0s  data_wait=47.4s  gpu=2.6s
2026-05-11 15:34:38  INFO        [Cont1_5             ]  imread image   2.1s  shape=(1428, 327, 514)  960 MB
2026-05-11 15:34:51  INFO        [Cont1_5             ]  imread masks   3.1s
2026-05-11 15:34:51  INFO        [Cont1_5             ]  load+combine   15.3s total
2026-05-11 15:34:54  INFO      fold=0 ep=10 loss=1.8084 dice=0.0238 inc=0.011 bone=0.001 molar=0.059 ep_s=50.0 val_s=18.1
2026-05-11 15:35:46  INFO      Fold 0 ep 11: loss=1.7761  epoch=51.9s  data_wait=49.3s  gpu=2.6s
2026-05-11 15:36:37  INFO      Fold 0 ep 12: loss=1.7950  epoch=51.6s  data_wait=48.9s  gpu=2.7s
2026-05-11 15:37:29  INFO      Fold 0 ep 13: loss=1.7542  epoch=51.6s  data_wait=49.0s  gpu=2.6s
2026-05-11 15:38:23  INFO      Fold 0 ep 14: loss=1.7276  epoch=53.9s  data_wait=51.4s  gpu=2.5s
2026-05-11 15:39:15  INFO      Fold 0 ep 15: loss=1.6955  epoch=52.0s  data_wait=49.5s  gpu=2.5s
2026-05-11 15:39:17  INFO        [Cont1_5             ]  imread image   2.0s  shape=(1428, 327, 514)  960 MB
2026-05-11 15:39:30  INFO        [Cont1_5             ]  imread masks   3.5s
2026-05-11 15:39:30  INFO        [Cont1_5             ]  load+combine   15.2s total
2026-05-11 15:39:33  INFO      fold=0 ep=15 loss=1.6955 dice=0.0285 inc=0.016 bone=0.000 molar=0.069 ep_s=52.0 val_s=18.1
2026-05-11 15:40:26  INFO      Fold 0 ep 16: loss=1.6878  epoch=52.4s  data_wait=49.8s  gpu=2.6s
2026-05-11 15:41:20  INFO      Fold 0 ep 17: loss=1.6623  epoch=54.2s  data_wait=51.5s  gpu=2.7s
2026-05-11 15:42:15  INFO      Fold 0 ep 18: loss=1.6428  epoch=55.4s  data_wait=52.9s  gpu=2.5s
2026-05-11 15:43:08  INFO      Fold 0 ep 19: loss=1.6367  epoch=53.0s  data_wait=50.3s  gpu=2.7s
2026-05-11 15:44:04  INFO      Fold 0 ep 20: loss=1.6288  epoch=55.2s  data_wait=52.4s  gpu=2.7s
2026-05-11 15:44:06  INFO        [Cont1_5             ]  imread image   2.0s  shape=(1428, 327, 514)  960 MB
2026-05-11 15:44:18  INFO        [Cont1_5             ]  imread masks   3.4s
2026-05-11 15:44:18  INFO        [Cont1_5             ]  load+combine   14.5s total
2026-05-11 15:44:21  INFO      fold=0 ep=20 loss=1.6288 dice=0.0338 inc=0.001 bone=0.000 molar=0.100 ep_s=55.2 val_s=17.1
2026-05-11 15:45:17  INFO      Fold 0 ep 21: loss=1.6065  epoch=56.1s  data_wait=53.7s  gpu=2.4s
2026-05-11 15:46:13  INFO      Fold 0 ep 22: loss=1.6192  epoch=56.2s  data_wait=53.6s  gpu=2.5s
2026-05-11 15:47:09  INFO      Fold 0 ep 23: loss=1.6232  epoch=56.0s  data_wait=53.3s  gpu=2.6s
2026-05-11 15:48:04  INFO      Fold 0 ep 24: loss=1.6169  epoch=55.0s  data_wait=52.3s  gpu=2.7s
2026-05-11 15:48:59  INFO      Fold 0 ep 25: loss=1.6338  epoch=54.4s  data_wait=51.7s  gpu=2.7s
2026-05-11 15:49:01  INFO        [Cont1_5             ]  imread image   2.0s  shape=(1428, 327, 514)  960 MB
2026-05-11 15:49:12  INFO        [Cont1_5             ]  imread masks   3.4s
2026-05-11 15:49:13  INFO        [Cont1_5             ]  load+combine   14.0s total
2026-05-11 15:49:16  INFO      fold=0 ep=25 loss=1.6338 dice=0.0463 inc=0.003 bone=0.001 molar=0.135 ep_s=54.4 val_s=16.9
2026-05-11 15:50:10  INFO      Fold 0 ep 26: loss=1.6080  epoch=53.9s  data_wait=51.2s  gpu=2.7s
2026-05-11 15:51:04  INFO      Fold 0 ep 27: loss=1.5855  epoch=54.0s  data_wait=51.4s  gpu=2.6s
2026-05-11 15:51:58  INFO      Fold 0 ep 28: loss=1.5985  epoch=53.8s  data_wait=51.3s  gpu=2.5s
2026-05-11 15:52:52  INFO      Fold 0 ep 29: loss=1.5878  epoch=54.6s  data_wait=52.0s  gpu=2.6s
2026-05-11 15:53:46  INFO      Fold 0 ep 30: loss=1.5758  epoch=54.2s  data_wait=51.7s  gpu=2.5s
2026-05-11 15:53:48  INFO        [Cont1_5             ]  imread image   2.0s  shape=(1428, 327, 514)  960 MB
2026-05-11 15:54:00  INFO        [Cont1_5             ]  imread masks   3.5s
2026-05-11 15:54:01  INFO        [Cont1_5             ]  load+combine   14.3s total
2026-05-11 15:54:04  INFO      fold=0 ep=30 loss=1.5758 dice=0.0626 inc=0.026 bone=0.003 molar=0.159 ep_s=54.2 val_s=17.1
2026-05-11 15:54:59  INFO      Fold 0 ep 31: loss=1.5425  epoch=55.6s  data_wait=52.9s  gpu=2.7s
2026-05-11 15:55:51  INFO      Fold 0 ep 32: loss=1.5462  epoch=52.0s  data_wait=49.3s  gpu=2.7s
2026-05-11 15:56:41  INFO      Fold 0 ep 33: loss=1.5855  epoch=50.0s  data_wait=47.2s  gpu=2.7s
2026-05-11 15:57:31  INFO      Fold 0 ep 34: loss=1.5492  epoch=49.6s  data_wait=46.9s  gpu=2.7s
2026-05-11 15:58:22  INFO      Fold 0 ep 35: loss=1.5755  epoch=50.7s  data_wait=48.2s  gpu=2.5s
2026-05-11 15:58:24  INFO        [Cont1_5             ]  imread image   1.9s  shape=(1428, 327, 514)  960 MB
2026-05-11 15:58:35  INFO        [Cont1_5             ]  imread masks   3.3s
2026-05-11 15:58:36  INFO        [Cont1_5             ]  load+combine   13.9s total
2026-05-11 15:58:39  INFO      fold=0 ep=35 loss=1.5755 dice=0.0697 inc=0.008 bone=0.031 molar=0.170 ep_s=50.7 val_s=16.7
2026-05-11 15:59:30  INFO      Fold 0 ep 36: loss=1.5400  epoch=51.4s  data_wait=48.8s  gpu=2.6s
2026-05-11 16:00:21  INFO      Fold 0 ep 37: loss=1.5477  epoch=51.2s  data_wait=48.5s  gpu=2.6s
2026-05-11 16:01:11  INFO      Fold 0 ep 38: loss=1.5405  epoch=49.8s  data_wait=47.1s  gpu=2.6s
2026-05-11 16:02:00  INFO      Fold 0 ep 39: loss=1.5505  epoch=49.0s  data_wait=46.3s  gpu=2.7s
2026-05-11 16:02:52  INFO      Fold 0 ep 40: loss=1.5616  epoch=51.6s  data_wait=49.2s  gpu=2.5s
2026-05-11 16:02:54  INFO        [Cont1_5             ]  imread image   2.0s  shape=(1428, 327, 514)  960 MB
2026-05-11 16:03:06  INFO        [Cont1_5             ]  imread masks   3.4s
2026-05-11 16:03:06  INFO        [Cont1_5             ]  load+combine   14.4s total
2026-05-11 16:03:09  INFO      fold=0 ep=40 loss=1.5616 dice=0.0972 inc=0.005 bone=0.095 molar=0.191 ep_s=51.6 val_s=17.1
2026-05-11 16:04:01  INFO      Fold 0 ep 41: loss=1.5038  epoch=52.1s  data_wait=49.5s  gpu=2.6s
2026-05-11 16:04:55  INFO      Fold 0 ep 42: loss=1.5336  epoch=54.0s  data_wait=51.5s  gpu=2.5s
2026-05-11 16:05:49  INFO      Fold 0 ep 43: loss=1.5374  epoch=54.0s  data_wait=51.7s  gpu=2.3s
2026-05-11 16:06:44  INFO      Fold 0 ep 44: loss=1.4876  epoch=54.4s  data_wait=51.8s  gpu=2.6s
2026-05-11 16:07:38  INFO      Fold 0 ep 45: loss=1.4761  epoch=54.4s  data_wait=51.5s  gpu=2.9s
2026-05-11 16:07:40  INFO        [Cont1_5             ]  imread image   2.0s  shape=(1428, 327, 514)  960 MB
2026-05-11 16:07:52  INFO        [Cont1_5             ]  imread masks   3.4s
2026-05-11 16:07:52  INFO        [Cont1_5             ]  load+combine   14.3s total
2026-05-11 16:07:55  INFO      fold=0 ep=45 loss=1.4761 dice=0.2049 inc=0.058 bone=0.350 molar=0.207 ep_s=54.4 val_s=17.1
2026-05-11 16:08:51  INFO      Fold 0 ep 46: loss=1.4749  epoch=55.9s  data_wait=53.2s  gpu=2.7s
2026-05-11 16:09:45  INFO      Fold 0 ep 47: loss=1.4337  epoch=54.0s  data_wait=51.6s  gpu=2.4s
2026-05-11 16:10:41  INFO      Fold 0 ep 48: loss=1.5169  epoch=55.3s  data_wait=52.7s  gpu=2.6s
2026-05-11 16:11:33  INFO      Fold 0 ep 49: loss=1.5056  epoch=52.0s  data_wait=49.6s  gpu=2.4s
2026-05-11 16:12:28  INFO      Fold 0 ep 50: loss=1.4743  epoch=55.8s  data_wait=53.3s  gpu=2.4s
2026-05-11 16:12:30  INFO        [Cont1_5             ]  imread image   2.0s  shape=(1428, 327, 514)  960 MB
2026-05-11 16:12:43  INFO        [Cont1_5             ]  imread masks   3.6s
2026-05-11 16:12:43  INFO        [Cont1_5             ]  load+combine   14.5s total
2026-05-11 16:12:46  INFO      fold=0 ep=50 loss=1.4743 dice=0.2167 inc=0.074 bone=0.366 molar=0.210 ep_s=55.8 val_s=17.3
2026-05-11 16:13:41  INFO      Fold 0 ep 51: loss=1.4812  epoch=55.3s  data_wait=52.8s  gpu=2.5s
2026-05-11 16:14:35  INFO      Fold 0 ep 52: loss=1.4830  epoch=53.4s  data_wait=50.7s  gpu=2.7s
2026-05-11 16:15:26  INFO      Fold 0 ep 53: loss=1.4839  epoch=51.2s  data_wait=48.5s  gpu=2.7s
2026-05-11 16:16:19  INFO      Fold 0 ep 54: loss=1.4614  epoch=52.8s  data_wait=50.2s  gpu=2.5s
2026-05-11 16:17:09  INFO      Fold 0 ep 55: loss=1.4684  epoch=50.2s  data_wait=47.8s  gpu=2.4s
2026-05-11 16:17:11  INFO        [Cont1_5             ]  imread image   2.0s  shape=(1428, 327, 514)  960 MB
2026-05-11 16:17:23  INFO        [Cont1_5             ]  imread masks   3.5s
2026-05-11 16:17:23  INFO        [Cont1_5             ]  load+combine   14.4s total
2026-05-11 16:17:26  INFO      fold=0 ep=55 loss=1.4684 dice=0.3549 inc=0.233 bone=0.607 molar=0.226 ep_s=50.2 val_s=17.3
2026-05-11 16:18:18  INFO      Fold 0 ep 56: loss=1.4567  epoch=51.9s  data_wait=49.1s  gpu=2.8s
2026-05-11 16:19:07  INFO      Fold 0 ep 57: loss=1.4470  epoch=48.4s  data_wait=45.8s  gpu=2.6s
2026-05-11 16:19:58  INFO      Fold 0 ep 58: loss=1.4605  epoch=51.6s  data_wait=48.9s  gpu=2.7s
2026-05-11 16:20:50  INFO      Fold 0 ep 59: loss=1.4587  epoch=51.4s  data_wait=48.8s  gpu=2.6s
2026-05-11 16:21:42  INFO      Fold 0 ep 60: loss=1.4234  epoch=52.0s  data_wait=49.5s  gpu=2.5s
2026-05-11 16:21:43  INFO        [Cont1_5             ]  imread image   1.6s  shape=(1428, 327, 514)  960 MB
2026-05-11 16:21:56  INFO        [Cont1_5             ]  imread masks   3.6s
2026-05-11 16:21:56  INFO        [Cont1_5             ]  load+combine   14.1s total
2026-05-11 16:21:59  INFO      fold=0 ep=60 loss=1.4234 dice=0.3084 inc=0.244 bone=0.464 molar=0.218 ep_s=52.0 val_s=17.0
2026-05-11 16:22:51  INFO      Fold 0 ep 61: loss=1.4198  epoch=52.3s  data_wait=49.9s  gpu=2.5s
2026-05-11 16:23:43  INFO      Fold 0 ep 62: loss=1.4283  epoch=52.0s  data_wait=49.5s  gpu=2.5s
2026-05-11 16:24:37  INFO      Fold 0 ep 63: loss=1.4886  epoch=53.2s  data_wait=50.6s  gpu=2.6s
2026-05-11 16:25:30  INFO      Fold 0 ep 64: loss=1.4480  epoch=53.4s  data_wait=50.8s  gpu=2.6s
2026-05-11 16:26:24  INFO      Fold 0 ep 65: loss=1.4110  epoch=53.6s  data_wait=50.9s  gpu=2.6s
2026-05-11 16:26:26  INFO        [Cont1_5             ]  imread image   2.0s  shape=(1428, 327, 514)  960 MB
2026-05-11 16:26:38  INFO        [Cont1_5             ]  imread masks   3.7s
2026-05-11 16:26:38  INFO        [Cont1_5             ]  load+combine   14.7s total
2026-05-11 16:26:41  INFO      fold=0 ep=65 loss=1.4110 dice=0.3303 inc=0.333 bone=0.439 molar=0.219 ep_s=53.6 val_s=17.5
2026-05-11 16:27:37  INFO      Fold 0 ep 66: loss=1.4081  epoch=55.9s  data_wait=53.0s  gpu=2.8s
2026-05-11 16:28:33  INFO      Fold 0 ep 67: loss=1.4570  epoch=55.6s  data_wait=52.9s  gpu=2.7s
2026-05-11 16:29:28  INFO      Fold 0 ep 68: loss=1.4159  epoch=55.1s  data_wait=52.4s  gpu=2.7s
2026-05-11 16:30:21  INFO      Fold 0 ep 69: loss=1.4597  epoch=53.4s  data_wait=50.9s  gpu=2.5s
2026-05-11 16:31:17  INFO      Fold 0 ep 70: loss=1.4577  epoch=55.4s  data_wait=52.7s  gpu=2.7s
2026-05-11 16:31:19  INFO        [Cont1_5             ]  imread image   1.9s  shape=(1428, 327, 514)  960 MB
2026-05-11 16:31:31  INFO        [Cont1_5             ]  imread masks   3.7s
2026-05-11 16:31:31  INFO        [Cont1_5             ]  load+combine   14.5s total
2026-05-11 16:31:34  INFO      fold=0 ep=70 loss=1.4577 dice=0.3186 inc=0.218 bone=0.524 molar=0.214 ep_s=55.4 val_s=17.3
2026-05-11 16:32:31  INFO      Fold 0 ep 71: loss=1.4075  epoch=56.7s  data_wait=54.1s  gpu=2.6s
2026-05-11 16:33:26  INFO      Fold 0 ep 72: loss=1.4529  epoch=55.6s  data_wait=52.9s  gpu=2.7s
2026-05-11 16:34:22  INFO      Fold 0 ep 73: loss=1.4436  epoch=55.4s  data_wait=52.9s  gpu=2.5s
2026-05-11 16:35:17  INFO      Fold 0 ep 74: loss=1.4145  epoch=55.2s  data_wait=52.6s  gpu=2.5s
2026-05-11 16:36:12  INFO      Fold 0 ep 75: loss=1.4303  epoch=54.6s  data_wait=52.0s  gpu=2.6s
2026-05-11 16:36:14  INFO        [Cont1_5             ]  imread image   2.0s  shape=(1428, 327, 514)  960 MB
2026-05-11 16:36:26  INFO        [Cont1_5             ]  imread masks   3.6s
2026-05-11 16:36:26  INFO        [Cont1_5             ]  load+combine   14.5s total
2026-05-11 16:36:29  INFO      fold=0 ep=75 loss=1.4303 dice=0.3363 inc=0.370 bone=0.441 molar=0.198 ep_s=54.6 val_s=17.4
2026-05-11 16:37:23  INFO      Fold 0 ep 76: loss=1.3856  epoch=53.8s  data_wait=51.3s  gpu=2.5s
2026-05-11 16:38:19  INFO      Fold 0 ep 77: loss=1.4096  epoch=56.2s  data_wait=53.6s  gpu=2.5s
2026-05-11 16:39:14  INFO      Fold 0 ep 78: loss=1.4117  epoch=55.1s  data_wait=52.7s  gpu=2.5s
2026-05-11 16:40:09  INFO      Fold 0 ep 79: loss=1.4719  epoch=55.0s  data_wait=52.3s  gpu=2.8s
2026-05-11 16:41:01  INFO      Fold 0 ep 80: loss=1.3840  epoch=51.6s  data_wait=48.9s  gpu=2.6s
2026-05-11 16:41:03  INFO        [Cont1_5             ]  imread image   2.0s  shape=(1428, 327, 514)  960 MB
2026-05-11 16:41:15  INFO        [Cont1_5             ]  imread masks   3.4s
2026-05-11 16:41:15  INFO        [Cont1_5             ]  load+combine   14.2s total
2026-05-11 16:41:18  INFO      fold=0 ep=80 loss=1.3840 dice=0.3697 inc=0.287 bone=0.587 molar=0.236 ep_s=51.6 val_s=17.1
2026-05-11 16:42:09  INFO      Fold 0 ep 81: loss=1.3864  epoch=51.2s  data_wait=48.5s  gpu=2.6s
2026-05-11 16:42:59  INFO      Fold 0 ep 82: loss=1.3958  epoch=49.8s  data_wait=47.1s  gpu=2.6s
2026-05-11 16:43:49  INFO      Fold 0 ep 83: loss=1.3690  epoch=50.0s  data_wait=47.3s  gpu=2.7s
2026-05-11 16:44:38  INFO      Fold 0 ep 84: loss=1.3804  epoch=48.4s  data_wait=45.8s  gpu=2.6s
2026-05-11 16:45:27  INFO      Fold 0 ep 85: loss=1.4118  epoch=49.6s  data_wait=47.1s  gpu=2.5s
2026-05-11 16:45:29  INFO        [Cont1_5             ]  imread image   1.9s  shape=(1428, 327, 514)  960 MB
2026-05-11 16:45:41  INFO        [Cont1_5             ]  imread masks   3.5s
2026-05-11 16:45:42  INFO        [Cont1_5             ]  load+combine   14.4s total
2026-05-11 16:45:45  INFO      fold=0 ep=85 loss=1.4118 dice=0.3823 inc=0.384 bone=0.542 molar=0.221 ep_s=49.6 val_s=17.3
2026-05-11 16:46:36  INFO      Fold 0 ep 86: loss=1.3461  epoch=51.4s  data_wait=48.9s  gpu=2.4s
2026-05-11 16:47:28  INFO      Fold 0 ep 87: loss=1.3678  epoch=51.8s  data_wait=49.0s  gpu=2.8s
2026-05-11 16:48:23  INFO      Fold 0 ep 88: loss=1.3893  epoch=54.6s  data_wait=51.9s  gpu=2.7s
2026-05-11 16:49:16  INFO      Fold 0 ep 89: loss=1.4838  epoch=53.4s  data_wait=50.8s  gpu=2.5s
2026-05-11 16:50:10  INFO      Fold 0 ep 90: loss=1.3360  epoch=54.0s  data_wait=51.6s  gpu=2.4s
2026-05-11 16:50:12  INFO        [Cont1_5             ]  imread image   2.0s  shape=(1428, 327, 514)  960 MB
2026-05-11 16:50:24  INFO        [Cont1_5             ]  imread masks   3.6s
2026-05-11 16:50:24  INFO        [Cont1_5             ]  load+combine   14.5s total
2026-05-11 16:50:27  INFO      fold=0 ep=90 loss=1.3360 dice=0.3615 inc=0.457 bone=0.476 molar=0.152 ep_s=54.0 val_s=17.3
2026-05-11 16:51:22  INFO      Fold 0 ep 91: loss=1.3501  epoch=54.9s  data_wait=52.2s  gpu=2.7s
2026-05-11 16:52:17  INFO      Fold 0 ep 92: loss=1.3486  epoch=55.0s  data_wait=52.7s  gpu=2.3s
2026-05-11 16:53:10  INFO      Fold 0 ep 93: loss=1.3538  epoch=52.6s  data_wait=49.9s  gpu=2.7s
2026-05-11 16:54:05  INFO      Fold 0 ep 94: loss=1.3470  epoch=55.2s  data_wait=52.8s  gpu=2.4s
2026-05-11 16:54:59  INFO      Fold 0 ep 95: loss=1.3183  epoch=53.8s  data_wait=51.2s  gpu=2.6s
2026-05-11 16:55:01  INFO        [Cont1_5             ]  imread image   2.0s  shape=(1428, 327, 514)  960 MB
2026-05-11 16:55:13  INFO        [Cont1_5             ]  imread masks   3.3s
2026-05-11 16:55:13  INFO        [Cont1_5             ]  load+combine   14.2s total
2026-05-11 16:55:16  INFO      fold=0 ep=95 loss=1.3183 dice=0.4668 inc=0.458 bone=0.668 molar=0.275 ep_s=53.8 val_s=17.1
2026-05-11 16:56:10  INFO      Fold 0 ep 96: loss=1.3289  epoch=53.7s  data_wait=51.0s  gpu=2.7s
2026-05-11 16:57:03  INFO      Fold 0 ep 97: loss=1.3211  epoch=53.2s  data_wait=50.5s  gpu=2.7s
2026-05-11 16:57:57  INFO      Fold 0 ep 98: loss=1.3520  epoch=54.0s  data_wait=51.5s  gpu=2.5s
2026-05-11 16:58:50  INFO      Fold 0 ep 99: loss=1.3716  epoch=52.6s  data_wait=49.8s  gpu=2.7s
2026-05-11 16:59:43  INFO      Fold 0 ep 100: loss=1.3228  epoch=53.4s  data_wait=50.9s  gpu=2.5s
2026-05-11 16:59:45  INFO        [Cont1_5             ]  imread image   2.2s  shape=(1428, 327, 514)  960 MB
2026-05-11 16:59:57  INFO        [Cont1_5             ]  imread masks   3.3s
2026-05-11 16:59:58  INFO        [Cont1_5             ]  load+combine   14.6s total
2026-05-11 17:00:01  INFO      fold=0 ep=100 loss=1.3228 dice=0.4307 inc=0.479 bone=0.596 molar=0.217 ep_s=53.4 val_s=17.4
2026-05-11 17:00:54  INFO      Fold 0 ep 101: loss=1.3075  epoch=52.8s  data_wait=50.2s  gpu=2.6s
2026-05-11 17:01:47  INFO      Fold 0 ep 102: loss=1.3494  epoch=53.2s  data_wait=50.5s  gpu=2.7s
2026-05-11 17:02:40  INFO      Fold 0 ep 103: loss=1.3470  epoch=53.1s  data_wait=50.6s  gpu=2.6s
2026-05-11 17:03:33  INFO      Fold 0 ep 104: loss=1.3348  epoch=52.8s  data_wait=50.0s  gpu=2.8s
2026-05-11 17:04:22  INFO      Fold 0 ep 105: loss=1.3359  epoch=49.6s  data_wait=47.1s  gpu=2.5s
2026-05-11 17:04:24  INFO        [Cont1_5             ]  imread image   2.1s  shape=(1428, 327, 514)  960 MB
2026-05-11 17:04:36  INFO        [Cont1_5             ]  imread masks   3.2s
2026-05-11 17:04:37  INFO        [Cont1_5             ]  load+combine   14.4s total
2026-05-11 17:04:40  INFO      fold=0 ep=105 loss=1.3359 dice=0.3776 inc=0.502 bone=0.414 molar=0.217 ep_s=49.6 val_s=17.3
2026-05-11 17:05:28  INFO      Fold 0 ep 106: loss=1.3322  epoch=48.1s  data_wait=45.4s  gpu=2.8s
2026-05-11 17:06:18  INFO      Fold 0 ep 107: loss=1.3063  epoch=50.0s  data_wait=47.5s  gpu=2.5s
2026-05-11 17:07:10  INFO      Fold 0 ep 108: loss=1.3055  epoch=52.0s  data_wait=49.3s  gpu=2.7s
2026-05-11 17:08:00  INFO      Fold 0 ep 109: loss=1.3032  epoch=50.2s  data_wait=47.7s  gpu=2.4s
2026-05-11 17:08:46  INFO      Fold 0 ep 110: loss=1.3134  epoch=46.2s  data_wait=43.4s  gpu=2.8s
2026-05-11 17:08:48  INFO        [Cont1_5             ]  imread image   2.1s  shape=(1428, 327, 514)  960 MB
2026-05-11 17:09:00  INFO        [Cont1_5             ]  imread masks   3.2s
2026-05-11 17:09:01  INFO        [Cont1_5             ]  load+combine   14.4s total
2026-05-11 17:09:04  INFO      fold=0 ep=110 loss=1.3134 dice=0.4798 inc=0.497 bone=0.668 molar=0.275 ep_s=46.2 val_s=17.3
2026-05-11 17:09:54  INFO      Fold 0 ep 111: loss=1.3405  epoch=50.2s  data_wait=47.5s  gpu=2.7s
2026-05-11 17:10:47  INFO      Fold 0 ep 112: loss=1.2742  epoch=53.0s  data_wait=50.5s  gpu=2.5s
2026-05-11 17:11:39  INFO      Fold 0 ep 113: loss=1.3962  epoch=52.6s  data_wait=50.1s  gpu=2.5s
2026-05-11 17:12:34  INFO      Fold 0 ep 114: loss=1.3478  epoch=54.4s  data_wait=51.8s  gpu=2.6s
2026-05-11 17:13:28  INFO      Fold 0 ep 115: loss=1.3435  epoch=53.8s  data_wait=51.2s  gpu=2.6s
2026-05-11 17:13:29  INFO        [Cont1_5             ]  imread image   1.7s  shape=(1428, 327, 514)  960 MB
2026-05-11 17:13:41  INFO        [Cont1_5             ]  imread masks   3.0s
2026-05-11 17:13:41  INFO        [Cont1_5             ]  load+combine   13.5s total
2026-05-11 17:13:44  INFO      fold=0 ep=115 loss=1.3435 dice=0.5062 inc=0.489 bone=0.734 molar=0.295 ep_s=53.8 val_s=16.2
2026-05-11 17:14:37  INFO      Fold 0 ep 116: loss=1.2822  epoch=52.6s  data_wait=50.0s  gpu=2.6s
2026-05-11 17:15:31  INFO      Fold 0 ep 117: loss=1.2989  epoch=54.6s  data_wait=52.2s  gpu=2.4s
2026-05-11 17:16:25  INFO      Fold 0 ep 118: loss=1.2934  epoch=53.6s  data_wait=51.1s  gpu=2.5s
2026-05-11 17:17:17  INFO      Fold 0 ep 119: loss=1.3284  epoch=52.4s  data_wait=49.8s  gpu=2.6s
2026-05-11 17:18:10  INFO      Fold 0 ep 120: loss=1.2897  epoch=52.3s  data_wait=49.8s  gpu=2.6s
2026-05-11 17:18:11  INFO        [Cont1_5             ]  imread image   1.6s  shape=(1428, 327, 514)  960 MB
2026-05-11 17:18:23  INFO        [Cont1_5             ]  imread masks   3.5s
2026-05-11 17:18:23  INFO        [Cont1_5             ]  load+combine   13.7s total
2026-05-11 17:18:26  INFO      fold=0 ep=120 loss=1.2897 dice=0.4849 inc=0.559 bone=0.623 molar=0.273 ep_s=52.3 val_s=16.5
2026-05-11 17:19:22  INFO      Fold 0 ep 121: loss=1.2761  epoch=55.3s  data_wait=52.8s  gpu=2.5s
2026-05-11 17:20:14  INFO      Fold 0 ep 122: loss=1.2491  epoch=52.6s  data_wait=49.9s  gpu=2.7s
2026-05-11 17:21:05  INFO      Fold 0 ep 123: loss=1.3638  epoch=51.0s  data_wait=48.4s  gpu=2.6s
2026-05-11 17:21:56  INFO      Fold 0 ep 124: loss=1.2845  epoch=50.8s  data_wait=48.3s  gpu=2.5s
2026-05-11 17:22:50  INFO      Fold 0 ep 125: loss=1.3616  epoch=54.2s  data_wait=51.6s  gpu=2.6s
2026-05-11 17:22:52  INFO        [Cont1_5             ]  imread image   2.1s  shape=(1428, 327, 514)  960 MB
2026-05-11 17:23:05  INFO        [Cont1_5             ]  imread masks   3.4s
2026-05-11 17:23:06  INFO        [Cont1_5             ]  load+combine   15.3s total
2026-05-11 17:23:09  INFO      fold=0 ep=125 loss=1.3616 dice=0.5126 inc=0.548 bone=0.694 molar=0.295 ep_s=54.2 val_s=18.1
2026-05-11 17:24:04  INFO      Fold 0 ep 126: loss=1.3158  epoch=55.7s  data_wait=53.2s  gpu=2.5s
2026-05-11 17:24:58  INFO      Fold 0 ep 127: loss=1.3170  epoch=54.0s  data_wait=51.2s  gpu=2.7s
2026-05-11 17:25:52  INFO      Fold 0 ep 128: loss=1.3207  epoch=53.6s  data_wait=51.0s  gpu=2.6s
2026-05-11 17:26:45  INFO      Fold 0 ep 129: loss=1.2942  epoch=53.2s  data_wait=50.6s  gpu=2.6s
2026-05-11 17:27:32  INFO      Fold 0 ep 130: loss=1.2519  epoch=46.9s  data_wait=44.4s  gpu=2.5s
2026-05-11 17:27:34  INFO        [Cont1_5             ]  imread image   2.1s  shape=(1428, 327, 514)  960 MB
2026-05-11 17:27:46  INFO        [Cont1_5             ]  imread masks   3.2s
2026-05-11 17:27:46  INFO        [Cont1_5             ]  load+combine   14.2s total
2026-05-11 17:27:50  INFO      fold=0 ep=130 loss=1.2519 dice=0.5725 inc=0.622 bone=0.773 molar=0.323 ep_s=46.9 val_s=17.0
2026-05-11 17:28:43  INFO      Fold 0 ep 131: loss=1.3020  epoch=53.6s  data_wait=51.0s  gpu=2.7s
2026-05-11 17:29:35  INFO      Fold 0 ep 132: loss=1.2887  epoch=52.0s  data_wait=49.3s  gpu=2.7s
2026-05-11 17:30:25  INFO      Fold 0 ep 133: loss=1.2678  epoch=49.1s  data_wait=46.6s  gpu=2.6s
2026-05-11 17:31:13  INFO      Fold 0 ep 134: loss=1.2649  epoch=48.0s  data_wait=45.4s  gpu=2.5s
2026-05-11 17:32:02  INFO      Fold 0 ep 135: loss=1.2990  epoch=49.6s  data_wait=47.1s  gpu=2.6s
2026-05-11 17:32:04  INFO        [Cont1_5             ]  imread image   1.9s  shape=(1428, 327, 514)  960 MB
2026-05-11 17:32:16  INFO        [Cont1_5             ]  imread masks   3.5s
2026-05-11 17:32:16  INFO        [Cont1_5             ]  load+combine   14.2s total
2026-05-11 17:32:19  INFO      fold=0 ep=135 loss=1.2990 dice=0.3987 inc=0.498 bone=0.527 molar=0.171 ep_s=49.6 val_s=17.0
2026-05-11 17:33:13  INFO      Fold 0 ep 136: loss=1.3244  epoch=54.1s  data_wait=51.6s  gpu=2.6s
2026-05-11 17:34:07  INFO      Fold 0 ep 137: loss=1.2688  epoch=53.6s  data_wait=50.9s  gpu=2.7s
2026-05-11 17:35:01  INFO      Fold 0 ep 138: loss=1.3457  epoch=54.0s  data_wait=51.4s  gpu=2.6s
2026-05-11 17:35:56  INFO      Fold 0 ep 139: loss=1.3303  epoch=54.8s  data_wait=52.3s  gpu=2.5s
2026-05-11 17:36:52  INFO      Fold 0 ep 140: loss=1.2763  epoch=56.0s  data_wait=53.4s  gpu=2.6s
2026-05-11 17:36:54  INFO        [Cont1_5             ]  imread image   2.0s  shape=(1428, 327, 514)  960 MB
2026-05-11 17:37:06  INFO        [Cont1_5             ]  imread masks   3.3s
2026-05-11 17:37:06  INFO        [Cont1_5             ]  load+combine   14.2s total
2026-05-11 17:37:09  INFO      fold=0 ep=140 loss=1.2763 dice=0.5335 inc=0.615 bone=0.698 molar=0.288 ep_s=56.0 val_s=17.1
2026-05-11 17:38:04  INFO      Fold 0 ep 141: loss=1.2872  epoch=55.3s  data_wait=52.6s  gpu=2.7s
2026-05-11 17:38:57  INFO      Fold 0 ep 142: loss=1.2860  epoch=52.8s  data_wait=50.2s  gpu=2.6s
2026-05-11 17:39:49  INFO      Fold 0 ep 143: loss=1.2450  epoch=52.2s  data_wait=49.6s  gpu=2.6s
2026-05-11 17:40:43  INFO      Fold 0 ep 144: loss=1.2427  epoch=53.8s  data_wait=51.1s  gpu=2.6s
2026-05-11 17:41:39  INFO      Fold 0 ep 145: loss=1.2324  epoch=55.8s  data_wait=53.1s  gpu=2.7s
2026-05-11 17:41:41  INFO        [Cont1_5             ]  imread image   2.0s  shape=(1428, 327, 514)  960 MB
2026-05-11 17:41:53  INFO        [Cont1_5             ]  imread masks   3.2s
2026-05-11 17:41:53  INFO        [Cont1_5             ]  load+combine   14.2s total
2026-05-11 17:41:56  INFO      fold=0 ep=145 loss=1.2324 dice=0.5474 inc=0.577 bone=0.725 molar=0.340 ep_s=55.8 val_s=17.1
2026-05-11 17:42:51  INFO      Fold 0 ep 146: loss=1.2769  epoch=54.3s  data_wait=51.7s  gpu=2.6s
2026-05-11 17:43:45  INFO      Fold 0 ep 147: loss=1.2688  epoch=54.8s  data_wait=52.3s  gpu=2.5s
2026-05-11 17:44:40  INFO      Fold 0 ep 148: loss=1.2860  epoch=54.8s  data_wait=52.3s  gpu=2.5s
2026-05-11 17:45:32  INFO      Fold 0 ep 149: loss=1.2224  epoch=52.2s  data_wait=49.6s  gpu=2.6s
2026-05-11 17:46:25  INFO      Fold 0 ep 150: loss=1.2123  epoch=52.4s  data_wait=49.8s  gpu=2.5s
2026-05-11 17:46:27  INFO        [Cont1_5             ]  imread image   2.0s  shape=(1428, 327, 514)  960 MB
2026-05-11 17:46:38  INFO        [Cont1_5             ]  imread masks   3.1s
2026-05-11 17:46:39  INFO        [Cont1_5             ]  load+combine   14.1s total
2026-05-11 17:46:42  INFO      fold=0 ep=150 loss=1.2123 dice=0.5764 inc=0.578 bone=0.783 molar=0.369 ep_s=52.4 val_s=17.1
2026-05-11 17:47:38  INFO      Fold 0 ep 151: loss=1.2437  epoch=55.5s  data_wait=53.1s  gpu=2.5s
2026-05-11 17:48:28  INFO      Fold 0 ep 152: loss=1.1991  epoch=50.2s  data_wait=47.7s  gpu=2.5s
2026-05-11 17:49:18  INFO      Fold 0 ep 153: loss=1.2554  epoch=50.2s  data_wait=47.5s  gpu=2.6s
2026-05-11 17:50:10  INFO      Fold 0 ep 154: loss=1.2652  epoch=51.8s  data_wait=49.1s  gpu=2.7s
2026-05-11 17:51:03  INFO      Fold 0 ep 155: loss=1.2734  epoch=53.0s  data_wait=50.5s  gpu=2.5s
2026-05-11 17:51:05  INFO        [Cont1_5             ]  imread image   2.0s  shape=(1428, 327, 514)  960 MB
2026-05-11 17:51:17  INFO        [Cont1_5             ]  imread masks   3.3s
2026-05-11 17:51:17  INFO        [Cont1_5             ]  load+combine   14.3s total
2026-05-11 17:51:20  INFO      fold=0 ep=155 loss=1.2734 dice=0.5820 inc=0.740 bone=0.717 molar=0.289 ep_s=53.0 val_s=17.2
2026-05-11 17:52:14  INFO      Fold 0 ep 156: loss=1.2308  epoch=53.2s  data_wait=50.4s  gpu=2.7s
2026-05-11 17:53:08  INFO      Fold 0 ep 157: loss=1.2582  epoch=54.8s  data_wait=52.1s  gpu=2.7s
2026-05-11 17:54:01  INFO      Fold 0 ep 158: loss=1.1734  epoch=52.4s  data_wait=49.6s  gpu=2.8s
2026-05-11 17:54:51  INFO      Fold 0 ep 159: loss=1.1931  epoch=50.0s  data_wait=47.6s  gpu=2.4s
2026-05-11 17:55:44  INFO      Fold 0 ep 160: loss=1.1532  epoch=52.9s  data_wait=50.4s  gpu=2.5s
2026-05-11 17:55:46  INFO        [Cont1_5             ]  imread image   2.0s  shape=(1428, 327, 514)  960 MB
2026-05-11 17:55:58  INFO        [Cont1_5             ]  imread masks   3.3s
2026-05-11 17:55:58  INFO        [Cont1_5             ]  load+combine   14.4s total
2026-05-11 17:56:01  INFO      fold=0 ep=160 loss=1.1532 dice=0.5443 inc=0.624 bone=0.718 molar=0.291 ep_s=52.9 val_s=17.3
2026-05-11 17:56:53  INFO      Fold 0 ep 161: loss=1.2194  epoch=51.5s  data_wait=49.0s  gpu=2.5s
2026-05-11 17:57:45  INFO      Fold 0 ep 162: loss=1.2436  epoch=52.3s  data_wait=49.8s  gpu=2.5s
2026-05-11 17:58:38  INFO      Fold 0 ep 163: loss=1.2726  epoch=53.0s  data_wait=50.3s  gpu=2.7s
2026-05-11 17:59:29  INFO      Fold 0 ep 164: loss=1.1676  epoch=50.8s  data_wait=48.0s  gpu=2.7s
2026-05-11 18:00:21  INFO      Fold 0 ep 165: loss=1.2138  epoch=51.9s  data_wait=49.2s  gpu=2.7s
2026-05-11 18:00:23  INFO        [Cont1_5             ]  imread image   2.0s  shape=(1428, 327, 514)  960 MB
2026-05-11 18:00:35  INFO        [Cont1_5             ]  imread masks   3.2s
2026-05-11 18:00:35  INFO        [Cont1_5             ]  load+combine   14.2s total
2026-05-11 18:00:38  INFO      fold=0 ep=165 loss=1.2138 dice=0.6269 inc=0.656 bone=0.822 molar=0.403 ep_s=51.9 val_s=17.1
2026-05-11 18:01:33  INFO      Fold 0 ep 166: loss=1.2028  epoch=54.5s  data_wait=51.9s  gpu=2.6s
2026-05-11 18:02:24  INFO      Fold 0 ep 167: loss=1.1585  epoch=51.4s  data_wait=48.9s  gpu=2.5s
2026-05-11 18:03:17  INFO      Fold 0 ep 168: loss=1.1482  epoch=52.5s  data_wait=49.9s  gpu=2.6s
2026-05-11 18:04:10  INFO      Fold 0 ep 169: loss=1.1509  epoch=53.6s  data_wait=51.3s  gpu=2.3s
2026-05-11 18:05:04  INFO      Fold 0 ep 170: loss=1.1875  epoch=54.0s  data_wait=51.3s  gpu=2.7s
2026-05-11 18:05:06  INFO        [Cont1_5             ]  imread image   1.8s  shape=(1428, 327, 514)  960 MB
2026-05-11 18:05:18  INFO        [Cont1_5             ]  imread masks   3.2s
2026-05-11 18:05:18  INFO        [Cont1_5             ]  load+combine   13.9s total
2026-05-11 18:05:21  INFO      fold=0 ep=170 loss=1.1875 dice=0.6556 inc=0.717 bone=0.796 molar=0.454 ep_s=54.0 val_s=16.8
2026-05-11 18:06:16  INFO      Fold 0 ep 171: loss=1.1432  epoch=54.6s  data_wait=51.9s  gpu=2.7s
2026-05-11 18:07:07  INFO      Fold 0 ep 172: loss=1.1661  epoch=51.4s  data_wait=48.7s  gpu=2.7s
2026-05-11 18:08:00  INFO      Fold 0 ep 173: loss=1.1551  epoch=52.2s  data_wait=49.6s  gpu=2.6s
2026-05-11 18:08:55  INFO      Fold 0 ep 174: loss=1.1341  epoch=55.0s  data_wait=52.2s  gpu=2.8s
2026-05-11 18:09:48  INFO      Fold 0 ep 175: loss=1.0962  epoch=53.2s  data_wait=50.7s  gpu=2.4s
2026-05-11 18:09:50  INFO        [Cont1_5             ]  imread image   1.9s  shape=(1428, 327, 514)  960 MB
2026-05-11 18:10:02  INFO        [Cont1_5             ]  imread masks   3.3s
2026-05-11 18:10:02  INFO        [Cont1_5             ]  load+combine   14.1s total
2026-05-11 18:10:05  INFO      fold=0 ep=175 loss=1.0962 dice=0.6238 inc=0.737 bone=0.742 molar=0.392 ep_s=53.2 val_s=17.1
2026-05-11 18:10:57  INFO      Fold 0 ep 176: loss=1.1125  epoch=51.9s  data_wait=49.2s  gpu=2.7s
2026-05-11 18:11:48  INFO      Fold 0 ep 177: loss=1.0707  epoch=51.4s  data_wait=48.8s  gpu=2.6s
2026-05-11 18:12:41  INFO      Fold 0 ep 178: loss=1.1077  epoch=52.2s  data_wait=49.5s  gpu=2.7s
2026-05-11 18:13:31  INFO      Fold 0 ep 179: loss=1.0598  epoch=50.2s  data_wait=47.6s  gpu=2.5s
2026-05-11 18:14:23  INFO      Fold 0 ep 180: loss=1.1670  epoch=51.8s  data_wait=49.1s  gpu=2.7s
2026-05-11 18:14:25  INFO        [Cont1_5             ]  imread image   2.0s  shape=(1428, 327, 514)  960 MB
2026-05-11 18:14:36  INFO        [Cont1_5             ]  imread masks   3.2s
2026-05-11 18:14:37  INFO        [Cont1_5             ]  load+combine   14.2s total
2026-05-11 18:14:40  INFO      fold=0 ep=180 loss=1.1670 dice=0.4761 inc=0.591 bone=0.591 molar=0.246 ep_s=51.8 val_s=17.2
2026-05-11 18:15:31  INFO      Fold 0 ep 181: loss=1.2162  epoch=51.2s  data_wait=48.3s  gpu=2.9s
2026-05-11 18:16:23  INFO      Fold 0 ep 182: loss=1.1631  epoch=51.6s  data_wait=49.0s  gpu=2.5s
2026-05-11 18:17:13  INFO      Fold 0 ep 183: loss=1.1650  epoch=50.2s  data_wait=47.6s  gpu=2.6s
2026-05-11 18:18:06  INFO      Fold 0 ep 184: loss=1.1703  epoch=53.5s  data_wait=51.0s  gpu=2.5s
2026-05-11 18:19:01  INFO      Fold 0 ep 185: loss=1.0932  epoch=54.8s  data_wait=52.0s  gpu=2.8s
2026-05-11 18:19:03  INFO        [Cont1_5             ]  imread image   1.9s  shape=(1428, 327, 514)  960 MB
2026-05-11 18:19:15  INFO        [Cont1_5             ]  imread masks   3.2s
2026-05-11 18:19:15  INFO        [Cont1_5             ]  load+combine   13.9s total
2026-05-11 18:19:18  INFO      fold=0 ep=185 loss=1.0932 dice=0.5299 inc=0.382 bone=0.837 molar=0.371 ep_s=54.8 val_s=16.8
2026-05-11 18:20:13  INFO      Fold 0 ep 186: loss=1.3228  epoch=55.0s  data_wait=52.5s  gpu=2.5s
2026-05-11 18:21:07  INFO      Fold 0 ep 187: loss=1.3672  epoch=53.8s  data_wait=51.1s  gpu=2.6s
2026-05-11 18:22:02  INFO      Fold 0 ep 188: loss=1.2148  epoch=55.0s  data_wait=52.1s  gpu=2.8s
2026-05-11 18:22:55  INFO      Fold 0 ep 189: loss=1.1461  epoch=52.8s  data_wait=50.1s  gpu=2.7s
2026-05-11 18:23:49  INFO      Fold 0 ep 190: loss=1.0884  epoch=54.4s  data_wait=51.9s  gpu=2.5s
2026-05-11 18:23:51  INFO        [Cont1_5             ]  imread image   1.9s  shape=(1428, 327, 514)  960 MB
2026-05-11 18:24:03  INFO        [Cont1_5             ]  imread masks   3.2s
2026-05-11 18:24:03  INFO        [Cont1_5             ]  load+combine   13.9s total
2026-05-11 18:24:06  INFO      fold=0 ep=190 loss=1.0884 dice=0.7031 inc=0.800 bone=0.851 molar=0.458 ep_s=54.4 val_s=16.8
2026-05-11 18:24:58  INFO      Fold 0 ep 191: loss=1.0467  epoch=51.6s  data_wait=49.1s  gpu=2.6s
2026-05-11 18:25:49  INFO      Fold 0 ep 192: loss=1.0905  epoch=51.0s  data_wait=48.3s  gpu=2.7s
2026-05-11 18:26:41  INFO      Fold 0 ep 193: loss=1.0539  epoch=52.5s  data_wait=50.1s  gpu=2.4s
2026-05-11 18:27:34  INFO      Fold 0 ep 194: loss=1.0627  epoch=52.6s  data_wait=50.2s  gpu=2.4s
2026-05-11 18:28:27  INFO      Fold 0 ep 195: loss=1.0884  epoch=53.2s  data_wait=50.5s  gpu=2.6s
2026-05-11 18:28:29  INFO        [Cont1_5             ]  imread image   2.0s  shape=(1428, 327, 514)  960 MB
2026-05-11 18:28:41  INFO        [Cont1_5             ]  imread masks   3.2s
2026-05-11 18:28:41  INFO        [Cont1_5             ]  load+combine   14.0s total
2026-05-11 18:28:44  INFO      fold=0 ep=195 loss=1.0884 dice=0.6615 inc=0.825 bone=0.726 molar=0.433 ep_s=53.2 val_s=17.0
2026-05-11 18:29:38  INFO      Fold 0 ep 196: loss=1.0293  epoch=53.4s  data_wait=50.8s  gpu=2.5s
2026-05-11 18:30:31  INFO      Fold 0 ep 197: loss=1.0790  epoch=53.6s  data_wait=50.9s  gpu=2.7s
2026-05-11 18:31:26  INFO      Fold 0 ep 198: loss=1.0795  epoch=54.2s  data_wait=51.6s  gpu=2.6s
2026-05-11 18:32:17  INFO      Fold 0 ep 199: loss=1.0305  epoch=51.6s  data_wait=49.1s  gpu=2.5s
2026-05-11 18:33:08  INFO      Fold 0 ep 200: loss=1.0661  epoch=50.8s  data_wait=48.0s  gpu=2.7s
2026-05-11 18:33:10  INFO        [Cont1_5             ]  imread image   2.0s  shape=(1428, 327, 514)  960 MB
2026-05-11 18:33:22  INFO        [Cont1_5             ]  imread masks   3.3s
2026-05-11 18:33:22  INFO        [Cont1_5             ]  load+combine   14.2s total
2026-05-11 18:33:25  INFO      fold=0 ep=200 loss=1.0661 dice=0.7046 inc=0.842 bone=0.802 molar=0.470 ep_s=50.8 val_s=17.2
2026-05-11 18:34:18  INFO      Fold 0 ep 201: loss=0.9879  epoch=52.6s  data_wait=49.9s  gpu=2.7s
2026-05-11 18:35:11  INFO      Fold 0 ep 202: loss=1.0567  epoch=52.8s  data_wait=50.3s  gpu=2.5s
2026-05-11 18:36:03  INFO      Fold 0 ep 203: loss=1.0354  epoch=52.6s  data_wait=50.3s  gpu=2.3s
2026-05-11 18:36:57  INFO      Fold 0 ep 204: loss=1.0598  epoch=53.2s  data_wait=50.5s  gpu=2.6s
2026-05-11 18:37:51  INFO      Fold 0 ep 205: loss=1.0434  epoch=54.0s  data_wait=51.4s  gpu=2.6s
2026-05-11 18:37:53  INFO        [Cont1_5             ]  imread image   2.0s  shape=(1428, 327, 514)  960 MB
2026-05-11 18:38:04  INFO        [Cont1_5             ]  imread masks   3.4s
2026-05-11 18:38:05  INFO        [Cont1_5             ]  load+combine   14.2s total
2026-05-11 18:38:08  INFO      fold=0 ep=205 loss=1.0434 dice=0.7361 inc=0.795 bone=0.865 molar=0.548 ep_s=54.0 val_s=17.1
2026-05-11 18:39:01  INFO      Fold 0 ep 206: loss=1.0324  epoch=52.7s  data_wait=50.1s  gpu=2.6s
2026-05-11 18:39:51  INFO      Fold 0 ep 207: loss=1.0233  epoch=50.6s  data_wait=48.0s  gpu=2.6s
2026-05-11 18:40:45  INFO      Fold 0 ep 208: loss=1.0282  epoch=53.4s  data_wait=50.8s  gpu=2.6s
2026-05-11 18:41:39  INFO      Fold 0 ep 209: loss=1.0207  epoch=54.1s  data_wait=51.6s  gpu=2.5s
2026-05-11 18:42:35  INFO      Fold 0 ep 210: loss=1.0186  epoch=55.6s  data_wait=52.9s  gpu=2.7s
2026-05-11 18:42:37  INFO        [Cont1_5             ]  imread image   2.0s  shape=(1428, 327, 514)  960 MB
2026-05-11 18:42:48  INFO        [Cont1_5             ]  imread masks   3.2s
2026-05-11 18:42:49  INFO        [Cont1_5             ]  load+combine   14.2s total
2026-05-11 18:42:52  INFO      fold=0 ep=210 loss=1.0186 dice=0.6533 inc=0.752 bone=0.752 molar=0.456 ep_s=55.6 val_s=17.1
2026-05-11 18:43:48  INFO      Fold 0 ep 211: loss=1.0350  epoch=55.7s  data_wait=53.2s  gpu=2.4s
2026-05-11 18:44:39  INFO      Fold 0 ep 212: loss=1.0423  epoch=51.8s  data_wait=48.9s  gpu=2.9s
2026-05-11 18:45:33  INFO      Fold 0 ep 213: loss=1.0686  epoch=53.8s  data_wait=51.0s  gpu=2.7s
2026-05-11 18:46:25  INFO      Fold 0 ep 214: loss=1.0966  epoch=51.6s  data_wait=49.0s  gpu=2.5s
2026-05-11 18:47:17  INFO      Fold 0 ep 215: loss=1.0725  epoch=52.4s  data_wait=49.8s  gpu=2.6s
2026-05-11 18:47:19  INFO        [Cont1_5             ]  imread image   2.0s  shape=(1428, 327, 514)  960 MB
2026-05-11 18:47:31  INFO        [Cont1_5             ]  imread masks   3.2s
2026-05-11 18:47:31  INFO        [Cont1_5             ]  load+combine   14.0s total
2026-05-11 18:47:34  INFO      fold=0 ep=215 loss=1.0725 dice=0.6336 inc=0.722 bone=0.766 molar=0.412 ep_s=52.4 val_s=17.0
2026-05-11 18:48:28  INFO      Fold 0 ep 216: loss=1.0258  epoch=53.9s  data_wait=51.5s  gpu=2.4s
2026-05-11 18:49:21  INFO      Fold 0 ep 217: loss=1.0099  epoch=52.4s  data_wait=49.9s  gpu=2.5s
2026-05-11 18:50:12  INFO      Fold 0 ep 218: loss=1.0070  epoch=51.4s  data_wait=48.9s  gpu=2.5s
2026-05-11 18:51:04  INFO      Fold 0 ep 219: loss=1.0245  epoch=52.0s  data_wait=49.4s  gpu=2.5s
2026-05-11 18:51:54  INFO      Fold 0 ep 220: loss=0.9530  epoch=49.8s  data_wait=47.2s  gpu=2.5s
2026-05-11 18:51:56  INFO        [Cont1_5             ]  imread image   2.0s  shape=(1428, 327, 514)  960 MB
2026-05-11 18:52:07  INFO        [Cont1_5             ]  imread masks   3.2s
2026-05-11 18:52:08  INFO        [Cont1_5             ]  load+combine   14.0s total
2026-05-11 18:52:11  INFO      fold=0 ep=220 loss=0.9530 dice=0.7313 inc=0.811 bone=0.846 molar=0.537 ep_s=49.8 val_s=16.9
2026-05-11 18:53:02  INFO      Fold 0 ep 221: loss=0.9705  epoch=50.9s  data_wait=48.2s  gpu=2.7s
2026-05-11 18:53:54  INFO      Fold 0 ep 222: loss=0.9558  epoch=52.6s  data_wait=49.9s  gpu=2.6s
2026-05-11 18:54:46  INFO      Fold 0 ep 223: loss=0.9951  epoch=51.6s  data_wait=49.2s  gpu=2.4s
2026-05-11 18:55:35  INFO      Fold 0 ep 224: loss=0.9675  epoch=48.8s  data_wait=46.0s  gpu=2.8s
2026-05-11 18:56:26  INFO      Fold 0 ep 225: loss=0.9697  epoch=51.0s  data_wait=48.1s  gpu=2.8s
2026-05-11 18:56:28  INFO        [Cont1_5             ]  imread image   2.0s  shape=(1428, 327, 514)  960 MB
2026-05-11 18:56:39  INFO        [Cont1_5             ]  imread masks   3.2s
2026-05-11 18:56:40  INFO        [Cont1_5             ]  load+combine   14.1s total
2026-05-11 18:56:43  INFO      fold=0 ep=225 loss=0.9697 dice=0.7674 inc=0.812 bone=0.877 molar=0.613 ep_s=51.0 val_s=17.1
2026-05-11 18:57:36  INFO      Fold 0 ep 226: loss=0.9429  epoch=52.5s  data_wait=49.9s  gpu=2.6s
2026-05-11 18:58:28  INFO      Fold 0 ep 227: loss=0.9823  epoch=52.2s  data_wait=49.6s  gpu=2.6s
2026-05-11 18:59:20  INFO      Fold 0 ep 228: loss=0.9409  epoch=52.0s  data_wait=49.5s  gpu=2.4s
2026-05-11 19:00:12  INFO      Fold 0 ep 229: loss=0.9496  epoch=52.0s  data_wait=49.4s  gpu=2.6s
2026-05-11 19:01:03  INFO      Fold 0 ep 230: loss=1.0127  epoch=51.3s  data_wait=48.8s  gpu=2.6s
2026-05-11 19:01:05  INFO        [Cont1_5             ]  imread image   2.0s  shape=(1428, 327, 514)  960 MB
2026-05-11 19:01:17  INFO        [Cont1_5             ]  imread masks   3.3s
2026-05-11 19:01:17  INFO        [Cont1_5             ]  load+combine   14.2s total
2026-05-11 19:01:20  INFO      fold=0 ep=230 loss=1.0127 dice=0.7833 inc=0.920 bone=0.837 molar=0.593 ep_s=51.3 val_s=17.0
2026-05-11 19:02:12  INFO      Fold 0 ep 231: loss=0.9653  epoch=51.8s  data_wait=49.1s  gpu=2.7s
2026-05-11 19:03:07  INFO      Fold 0 ep 232: loss=0.9301  epoch=54.4s  data_wait=51.6s  gpu=2.7s
2026-05-11 19:04:00  INFO      Fold 0 ep 233: loss=0.9990  epoch=52.8s  data_wait=50.0s  gpu=2.7s
2026-05-11 19:04:52  INFO      Fold 0 ep 234: loss=1.1473  epoch=52.2s  data_wait=49.6s  gpu=2.6s
2026-05-11 19:05:48  INFO      Fold 0 ep 235: loss=0.9785  epoch=56.0s  data_wait=53.4s  gpu=2.5s
2026-05-11 19:05:50  INFO        [Cont1_5             ]  imread image   2.0s  shape=(1428, 327, 514)  960 MB
2026-05-11 19:06:01  INFO        [Cont1_5             ]  imread masks   3.2s
2026-05-11 19:06:02  INFO        [Cont1_5             ]  load+combine   13.8s total
2026-05-11 19:06:04  INFO      fold=0 ep=235 loss=0.9785 dice=0.7001 inc=0.890 bone=0.745 molar=0.466 ep_s=56.0 val_s=16.7
2026-05-11 19:07:00  INFO      Fold 0 ep 236: loss=0.9394  epoch=55.5s  data_wait=52.9s  gpu=2.6s
2026-05-11 19:07:55  INFO      Fold 0 ep 237: loss=0.9545  epoch=55.2s  data_wait=52.6s  gpu=2.6s
2026-05-11 19:08:50  INFO      Fold 0 ep 238: loss=0.9354  epoch=54.4s  data_wait=51.6s  gpu=2.8s
2026-05-11 19:09:45  INFO      Fold 0 ep 239: loss=0.9641  epoch=55.8s  data_wait=53.0s  gpu=2.7s
2026-05-11 19:10:40  INFO      Fold 0 ep 240: loss=0.9504  epoch=54.6s  data_wait=52.2s  gpu=2.4s
2026-05-11 19:10:42  INFO        [Cont1_5             ]  imread image   2.0s  shape=(1428, 327, 514)  960 MB
2026-05-11 19:10:54  INFO        [Cont1_5             ]  imread masks   3.1s
2026-05-11 19:10:54  INFO        [Cont1_5             ]  load+combine   13.9s total
2026-05-11 19:10:57  INFO      fold=0 ep=240 loss=0.9504 dice=0.7508 inc=0.922 bone=0.813 molar=0.518 ep_s=54.6 val_s=16.7
2026-05-11 19:11:49  INFO      Fold 0 ep 241: loss=0.9709  epoch=52.3s  data_wait=49.6s  gpu=2.7s
2026-05-11 19:12:43  INFO      Fold 0 ep 242: loss=0.9710  epoch=53.6s  data_wait=50.9s  gpu=2.7s
2026-05-11 19:13:36  INFO      Fold 0 ep 243: loss=0.9735  epoch=53.4s  data_wait=50.6s  gpu=2.7s
2026-05-11 19:14:29  INFO      Fold 0 ep 244: loss=0.9675  epoch=52.2s  data_wait=49.6s  gpu=2.5s
2026-05-11 19:15:20  INFO      Fold 0 ep 245: loss=0.9248  epoch=51.8s  data_wait=49.1s  gpu=2.7s
2026-05-11 19:15:22  INFO        [Cont1_5             ]  imread image   1.9s  shape=(1428, 327, 514)  960 MB
2026-05-11 19:15:34  INFO        [Cont1_5             ]  imread masks   3.1s
2026-05-11 19:15:34  INFO        [Cont1_5             ]  load+combine   13.6s total
2026-05-11 19:15:37  INFO      fold=0 ep=245 loss=0.9248 dice=0.6920 inc=0.818 bone=0.780 molar=0.478 ep_s=51.8 val_s=16.4
2026-05-11 19:16:33  INFO      Fold 0 ep 246: loss=0.9122  epoch=55.5s  data_wait=52.9s  gpu=2.7s
2026-05-11 19:17:26  INFO      Fold 0 ep 247: loss=0.9468  epoch=53.4s  data_wait=50.9s  gpu=2.5s
2026-05-11 19:18:19  INFO      Fold 0 ep 248: loss=0.9592  epoch=52.8s  data_wait=50.4s  gpu=2.4s
2026-05-11 19:19:10  INFO      Fold 0 ep 249: loss=0.8941  epoch=51.4s  data_wait=48.7s  gpu=2.7s
2026-05-11 19:20:02  INFO      Fold 0 ep 250: loss=0.8979  epoch=51.8s  data_wait=49.2s  gpu=2.6s
2026-05-11 19:20:04  INFO        [Cont1_5             ]  imread image   1.9s  shape=(1428, 327, 514)  960 MB
2026-05-11 19:20:15  INFO        [Cont1_5             ]  imread masks   3.1s
2026-05-11 19:20:16  INFO        [Cont1_5             ]  load+combine   13.8s total
2026-05-11 19:20:18  INFO      fold=0 ep=250 loss=0.8979 dice=0.7762 inc=0.905 bone=0.848 molar=0.576 ep_s=51.8 val_s=16.6
2026-05-11 19:21:11  INFO      Fold 0 ep 251: loss=0.9039  epoch=52.7s  data_wait=50.1s  gpu=2.6s
2026-05-11 19:22:01  INFO      Fold 0 ep 252: loss=0.9061  epoch=49.2s  data_wait=46.5s  gpu=2.7s
2026-05-11 19:22:53  INFO      Fold 0 ep 253: loss=0.9436  epoch=52.0s  data_wait=49.2s  gpu=2.8s
2026-05-11 19:23:42  INFO      Fold 0 ep 254: loss=0.9496  epoch=49.8s  data_wait=47.4s  gpu=2.4s
2026-05-11 19:24:33  INFO      Fold 0 ep 255: loss=0.8890  epoch=51.0s  data_wait=48.1s  gpu=2.9s
2026-05-11 19:24:35  INFO        [Cont1_5             ]  imread image   2.0s  shape=(1428, 327, 514)  960 MB
2026-05-11 19:24:47  INFO        [Cont1_5             ]  imread masks   3.1s
2026-05-11 19:24:47  INFO        [Cont1_5             ]  load+combine   13.6s total
2026-05-11 19:24:50  INFO      fold=0 ep=255 loss=0.8890 dice=0.7931 inc=0.902 bone=0.859 molar=0.618 ep_s=51.0 val_s=16.5
2026-05-11 19:25:44  INFO      Fold 0 ep 256: loss=0.9005  epoch=54.0s  data_wait=51.4s  gpu=2.6s
2026-05-11 19:26:40  INFO      Fold 0 ep 257: loss=0.8732  epoch=56.0s  data_wait=53.4s  gpu=2.5s
2026-05-11 19:27:34  INFO      Fold 0 ep 258: loss=0.8925  epoch=54.2s  data_wait=51.6s  gpu=2.6s
2026-05-11 19:28:28  INFO      Fold 0 ep 259: loss=0.9694  epoch=53.6s  data_wait=51.1s  gpu=2.5s
2026-05-11 19:29:22  INFO      Fold 0 ep 260: loss=0.9289  epoch=54.4s  data_wait=51.8s  gpu=2.6s
2026-05-11 19:29:24  INFO        [Cont1_5             ]  imread image   2.1s  shape=(1428, 327, 514)  960 MB
2026-05-11 19:29:36  INFO        [Cont1_5             ]  imread masks   3.0s
2026-05-11 19:29:36  INFO        [Cont1_5             ]  load+combine   14.1s total
2026-05-11 19:29:39  INFO      fold=0 ep=260 loss=0.9289 dice=0.7283 inc=0.833 bone=0.807 molar=0.545 ep_s=54.4 val_s=16.8
2026-05-11 19:30:35  INFO      Fold 0 ep 261: loss=0.8892  epoch=55.6s  data_wait=52.9s  gpu=2.6s
2026-05-11 19:31:30  INFO      Fold 0 ep 262: loss=0.9062  epoch=55.0s  data_wait=52.4s  gpu=2.6s
2026-05-11 19:32:24  INFO      Fold 0 ep 263: loss=0.8951  epoch=54.4s  data_wait=51.7s  gpu=2.7s
2026-05-11 19:33:19  INFO      Fold 0 ep 264: loss=0.8653  epoch=54.5s  data_wait=51.9s  gpu=2.6s
2026-05-11 19:34:14  INFO      Fold 0 ep 265: loss=0.9243  epoch=55.2s  data_wait=52.6s  gpu=2.6s
2026-05-11 19:34:16  INFO        [Cont1_5             ]  imread image   2.1s  shape=(1428, 327, 514)  960 MB
2026-05-11 19:34:27  INFO        [Cont1_5             ]  imread masks   3.1s
2026-05-11 19:34:28  INFO        [Cont1_5             ]  load+combine   13.8s total
2026-05-11 19:34:31  INFO      fold=0 ep=265 loss=0.9243 dice=0.8207 inc=0.884 bone=0.884 molar=0.693 ep_s=55.2 val_s=16.6
2026-05-11 19:35:26  INFO      Fold 0 ep 266: loss=0.8681  epoch=54.6s  data_wait=52.1s  gpu=2.6s
2026-05-11 19:36:20  INFO      Fold 0 ep 267: loss=0.9066  epoch=54.4s  data_wait=51.6s  gpu=2.8s
2026-05-11 19:37:14  INFO      Fold 0 ep 268: loss=0.9013  epoch=54.4s  data_wait=51.8s  gpu=2.6s
2026-05-11 19:38:08  INFO      Fold 0 ep 269: loss=0.9141  epoch=53.8s  data_wait=51.1s  gpu=2.7s
2026-05-11 19:39:00  INFO      Fold 0 ep 270: loss=0.9307  epoch=52.2s  data_wait=49.5s  gpu=2.6s
2026-05-11 19:39:02  INFO        [Cont1_5             ]  imread image   2.2s  shape=(1428, 327, 514)  960 MB
2026-05-11 19:39:14  INFO        [Cont1_5             ]  imread masks   3.0s
2026-05-11 19:39:14  INFO        [Cont1_5             ]  load+combine   14.0s total
2026-05-11 19:39:17  INFO      fold=0 ep=270 loss=0.9307 dice=0.7447 inc=0.841 bone=0.846 molar=0.547 ep_s=52.2 val_s=16.8
2026-05-11 19:40:12  INFO      Fold 0 ep 271: loss=0.9469  epoch=54.9s  data_wait=52.2s  gpu=2.7s
2026-05-11 19:41:04  INFO      Fold 0 ep 272: loss=0.9682  epoch=51.6s  data_wait=49.1s  gpu=2.5s
2026-05-11 19:41:52  INFO      Fold 0 ep 273: loss=0.9675  epoch=48.4s  data_wait=45.9s  gpu=2.5s
2026-05-11 19:42:43  INFO      Fold 0 ep 274: loss=0.9223  epoch=50.6s  data_wait=47.9s  gpu=2.7s
2026-05-11 19:43:36  INFO      Fold 0 ep 275: loss=0.9045  epoch=52.8s  data_wait=50.1s  gpu=2.7s
2026-05-11 19:43:37  INFO        [Cont1_5             ]  imread image   1.7s  shape=(1428, 327, 514)  960 MB
2026-05-11 19:43:48  INFO        [Cont1_5             ]  imread masks   2.5s
2026-05-11 19:43:48  INFO        [Cont1_5             ]  load+combine   12.6s total
2026-05-11 19:43:51  INFO      fold=0 ep=275 loss=0.9045 dice=0.8050 inc=0.898 bone=0.866 molar=0.651 ep_s=52.8 val_s=15.5
2026-05-11 19:44:42  INFO      Fold 0 ep 276: loss=0.8518  epoch=50.5s  data_wait=47.8s  gpu=2.7s
2026-05-11 19:45:31  INFO      Fold 0 ep 277: loss=0.8804  epoch=49.6s  data_wait=46.9s  gpu=2.7s
2026-05-11 19:46:20  INFO      Fold 0 ep 278: loss=0.8708  epoch=48.6s  data_wait=45.9s  gpu=2.7s
2026-05-11 19:47:10  INFO      Fold 0 ep 279: loss=0.8569  epoch=49.8s  data_wait=47.3s  gpu=2.5s
2026-05-11 19:48:03  INFO      Fold 0 ep 280: loss=0.8849  epoch=53.4s  data_wait=50.8s  gpu=2.6s
2026-05-11 19:48:05  INFO        [Cont1_5             ]  imread image   2.0s  shape=(1428, 327, 514)  960 MB
2026-05-11 19:48:17  INFO        [Cont1_5             ]  imread masks   2.9s
2026-05-11 19:48:17  INFO        [Cont1_5             ]  load+combine   13.8s total
2026-05-11 19:48:20  INFO      fold=0 ep=280 loss=0.8849 dice=0.8917 inc=0.933 bone=0.920 molar=0.822 ep_s=53.4 val_s=16.6
2026-05-11 19:49:15  INFO      Fold 0 ep 281: loss=0.9387  epoch=54.6s  data_wait=52.2s  gpu=2.4s
2026-05-11 19:50:10  INFO      Fold 0 ep 282: loss=0.9008  epoch=55.2s  data_wait=52.6s  gpu=2.6s
2026-05-11 19:51:02  INFO      Fold 0 ep 283: loss=0.8758  epoch=51.8s  data_wait=49.2s  gpu=2.6s
2026-05-11 19:51:56  INFO      Fold 0 ep 284: loss=0.8598  epoch=54.4s  data_wait=51.7s  gpu=2.6s
2026-05-11 19:52:50  INFO      Fold 0 ep 285: loss=0.8552  epoch=54.0s  data_wait=51.5s  gpu=2.5s
2026-05-11 19:52:52  INFO        [Cont1_5             ]  imread image   2.0s  shape=(1428, 327, 514)  960 MB
2026-05-11 19:53:03  INFO        [Cont1_5             ]  imread masks   2.9s
2026-05-11 19:53:03  INFO        [Cont1_5             ]  load+combine   13.4s total
2026-05-11 19:53:06  INFO      fold=0 ep=285 loss=0.8552 dice=0.7962 inc=0.930 bone=0.851 molar=0.608 ep_s=54.0 val_s=16.3
2026-05-11 19:54:01  INFO      Fold 0 ep 286: loss=0.8500  epoch=54.4s  data_wait=51.9s  gpu=2.5s
2026-05-11 19:54:54  INFO      Fold 0 ep 287: loss=0.8620  epoch=53.2s  data_wait=50.7s  gpu=2.5s
2026-05-11 19:55:47  INFO      Fold 0 ep 288: loss=0.8384  epoch=53.2s  data_wait=50.4s  gpu=2.8s
2026-05-11 19:56:40  INFO      Fold 0 ep 289: loss=0.8481  epoch=52.5s  data_wait=49.9s  gpu=2.6s
2026-05-11 19:57:35  INFO      Fold 0 ep 290: loss=0.8368  epoch=54.6s  data_wait=52.1s  gpu=2.4s
2026-05-11 19:57:37  INFO        [Cont1_5             ]  imread image   2.0s  shape=(1428, 327, 514)  960 MB
2026-05-11 19:57:48  INFO        [Cont1_5             ]  imread masks   2.9s
2026-05-11 19:57:48  INFO        [Cont1_5             ]  load+combine   13.7s total
2026-05-11 19:57:51  INFO      fold=0 ep=290 loss=0.8368 dice=0.9027 inc=0.938 bone=0.930 molar=0.841 ep_s=54.6 val_s=16.5
2026-05-11 19:58:45  INFO      Fold 0 ep 291: loss=0.8558  epoch=53.3s  data_wait=50.6s  gpu=2.6s
2026-05-11 19:59:39  INFO      Fold 0 ep 292: loss=0.8455  epoch=53.8s  data_wait=51.3s  gpu=2.5s
2026-05-11 20:00:33  INFO      Fold 0 ep 293: loss=0.8639  epoch=54.7s  data_wait=52.0s  gpu=2.7s
2026-05-11 20:01:26  INFO      Fold 0 ep 294: loss=0.8381  epoch=52.6s  data_wait=50.0s  gpu=2.6s
2026-05-11 20:02:19  INFO      Fold 0 ep 295: loss=0.8887  epoch=53.6s  data_wait=51.1s  gpu=2.5s
2026-05-11 20:02:21  INFO        [Cont1_5             ]  imread image   2.0s  shape=(1428, 327, 514)  960 MB
2026-05-11 20:02:33  INFO        [Cont1_5             ]  imread masks   3.5s
2026-05-11 20:02:33  INFO        [Cont1_5             ]  load+combine   13.9s total
2026-05-11 20:02:36  INFO      fold=0 ep=295 loss=0.8887 dice=0.9162 inc=0.948 bone=0.942 molar=0.858 ep_s=53.6 val_s=16.8
2026-05-11 20:03:30  INFO      Fold 0 ep 296: loss=0.8547  epoch=53.0s  data_wait=50.5s  gpu=2.5s
2026-05-11 20:04:21  INFO      Fold 0 ep 297: loss=0.8757  epoch=51.2s  data_wait=48.5s  gpu=2.6s
2026-05-11 20:05:13  INFO      Fold 0 ep 298: loss=0.8225  epoch=52.2s  data_wait=49.6s  gpu=2.6s
2026-05-11 20:06:03  INFO      Fold 0 ep 299: loss=0.8023  epoch=50.0s  data_wait=47.4s  gpu=2.6s
2026-05-11 20:06:55  INFO      Fold 0 ep 300: loss=0.8076  epoch=52.2s  data_wait=49.7s  gpu=2.5s
2026-05-11 20:06:57  INFO        [Cont1_5             ]  imread image   2.0s  shape=(1428, 327, 514)  960 MB
2026-05-11 20:07:08  INFO        [Cont1_5             ]  imread masks   2.8s
2026-05-11 20:07:09  INFO        [Cont1_5             ]  load+combine   13.6s total
2026-05-11 20:07:12  INFO      fold=0 ep=300 loss=0.8076 dice=0.9074 inc=0.939 bone=0.942 molar=0.841 ep_s=52.2 val_s=16.3
2026-05-11 20:08:05  INFO      Fold 0 ep 301: loss=0.8197  epoch=53.5s  data_wait=50.7s  gpu=2.7s
2026-05-11 20:08:59  INFO      Fold 0 ep 302: loss=0.8388  epoch=53.4s  data_wait=50.6s  gpu=2.7s
2026-05-11 20:09:49  INFO      Fold 0 ep 303: loss=0.8550  epoch=50.4s  data_wait=47.8s  gpu=2.6s
2026-05-11 20:10:43  INFO      Fold 0 ep 304: loss=0.8066  epoch=54.6s  data_wait=51.9s  gpu=2.7s
2026-05-11 20:11:35  INFO      Fold 0 ep 305: loss=0.8252  epoch=51.8s  data_wait=49.3s  gpu=2.5s
2026-05-11 20:11:37  INFO        [Cont1_5             ]  imread image   2.0s  shape=(1428, 327, 514)  960 MB
2026-05-11 20:11:48  INFO        [Cont1_5             ]  imread masks   2.9s
2026-05-11 20:11:49  INFO        [Cont1_5             ]  load+combine   13.5s total
2026-05-11 20:11:52  INFO      fold=0 ep=305 loss=0.8252 dice=0.8643 inc=0.924 bone=0.901 molar=0.768 ep_s=51.8 val_s=16.4
2026-05-11 20:12:47  INFO      Fold 0 ep 306: loss=0.7807  epoch=55.5s  data_wait=53.0s  gpu=2.5s
2026-05-11 20:13:41  INFO      Fold 0 ep 307: loss=0.8163  epoch=54.0s  data_wait=51.4s  gpu=2.6s
2026-05-11 20:14:37  INFO      Fold 0 ep 308: loss=0.8399  epoch=55.2s  data_wait=52.5s  gpu=2.6s
2026-05-11 20:15:31  INFO      Fold 0 ep 309: loss=0.8393  epoch=54.6s  data_wait=52.2s  gpu=2.4s
2026-05-11 20:16:23  INFO      Fold 0 ep 310: loss=0.8383  epoch=52.0s  data_wait=49.4s  gpu=2.5s
2026-05-11 20:16:25  INFO        [Cont1_5             ]  imread image   1.9s  shape=(1428, 327, 514)  960 MB
2026-05-11 20:16:36  INFO        [Cont1_5             ]  imread masks   3.0s
2026-05-11 20:16:37  INFO        [Cont1_5             ]  load+combine   13.6s total
2026-05-11 20:16:40  INFO      fold=0 ep=310 loss=0.8383 dice=0.9145 inc=0.927 bone=0.939 molar=0.877 ep_s=52.0 val_s=16.3
2026-05-11 20:17:36  INFO      Fold 0 ep 311: loss=0.8210  epoch=56.0s  data_wait=53.5s  gpu=2.6s
2026-05-11 20:18:29  INFO      Fold 0 ep 312: loss=0.8230  epoch=52.9s  data_wait=50.4s  gpu=2.5s
2026-05-11 20:19:23  INFO      Fold 0 ep 313: loss=0.7755  epoch=53.8s  data_wait=51.1s  gpu=2.6s
2026-05-11 20:20:16  INFO      Fold 0 ep 314: loss=0.8122  epoch=53.6s  data_wait=51.0s  gpu=2.5s
2026-05-11 20:21:10  INFO      Fold 0 ep 315: loss=0.8088  epoch=53.6s  data_wait=51.2s  gpu=2.4s
2026-05-11 20:21:12  INFO        [Cont1_5             ]  imread image   2.0s  shape=(1428, 327, 514)  960 MB
2026-05-11 20:21:23  INFO        [Cont1_5             ]  imread masks   2.8s
2026-05-11 20:21:23  INFO        [Cont1_5             ]  load+combine   13.3s total
2026-05-11 20:21:26  INFO      fold=0 ep=315 loss=0.8088 dice=0.8947 inc=0.929 bone=0.924 molar=0.831 ep_s=53.6 val_s=16.1
2026-05-11 20:22:23  INFO      Fold 0 ep 316: loss=0.8750  epoch=56.9s  data_wait=54.1s  gpu=2.8s
2026-05-11 20:23:17  INFO      Fold 0 ep 317: loss=0.7885  epoch=54.2s  data_wait=51.6s  gpu=2.5s
2026-05-11 20:24:12  INFO      Fold 0 ep 318: loss=0.8617  epoch=54.6s  data_wait=52.1s  gpu=2.5s
2026-05-11 20:25:04  INFO      Fold 0 ep 319: loss=0.7687  epoch=52.2s  data_wait=49.5s  gpu=2.6s
2026-05-11 20:25:59  INFO      Fold 0 ep 320: loss=0.8023  epoch=55.2s  data_wait=52.8s  gpu=2.4s
2026-05-11 20:26:01  INFO        [Cont1_5             ]  imread image   2.0s  shape=(1428, 327, 514)  960 MB
2026-05-11 20:26:12  INFO        [Cont1_5             ]  imread masks   2.9s
2026-05-11 20:26:13  INFO        [Cont1_5             ]  load+combine   13.8s total
2026-05-11 20:26:16  INFO      fold=0 ep=320 loss=0.8023 dice=0.8892 inc=0.943 bone=0.910 molar=0.815 ep_s=55.2 val_s=16.6
2026-05-11 20:27:07  INFO      Fold 0 ep 321: loss=0.7814  epoch=51.4s  data_wait=48.7s  gpu=2.7s
2026-05-11 20:27:58  INFO      Fold 0 ep 322: loss=0.8011  epoch=51.2s  data_wait=48.8s  gpu=2.4s
2026-05-11 20:28:50  INFO      Fold 0 ep 323: loss=0.7928  epoch=51.4s  data_wait=48.9s  gpu=2.5s
2026-05-11 20:29:39  INFO      Fold 0 ep 324: loss=0.7951  epoch=49.4s  data_wait=46.7s  gpu=2.6s
2026-05-11 20:30:30  INFO      Fold 0 ep 325: loss=0.7627  epoch=50.8s  data_wait=48.2s  gpu=2.6s
2026-05-11 20:30:32  INFO        [Cont1_5             ]  imread image   1.9s  shape=(1428, 327, 514)  960 MB
2026-05-11 20:30:44  INFO        [Cont1_5             ]  imread masks   3.5s
2026-05-11 20:30:44  INFO        [Cont1_5             ]  load+combine   13.9s total
2026-05-11 20:30:47  INFO      fold=0 ep=325 loss=0.7627 dice=0.9221 inc=0.949 bone=0.940 molar=0.878 ep_s=50.8 val_s=16.7
2026-05-11 20:31:37  INFO      Fold 0 ep 326: loss=0.7681  epoch=50.4s  data_wait=47.8s  gpu=2.6s
2026-05-11 20:32:27  INFO      Fold 0 ep 327: loss=0.7960  epoch=50.1s  data_wait=47.6s  gpu=2.6s
2026-05-11 20:33:21  INFO      Fold 0 ep 328: loss=0.8229  epoch=53.0s  data_wait=50.5s  gpu=2.5s
2026-05-11 20:34:13  INFO      Fold 0 ep 329: loss=0.7780  epoch=52.8s  data_wait=49.9s  gpu=2.8s
2026-05-11 20:35:06  INFO      Fold 0 ep 330: loss=0.8072  epoch=52.6s  data_wait=49.9s  gpu=2.6s
2026-05-11 20:35:08  INFO        [Cont1_5             ]  imread image   1.9s  shape=(1428, 327, 514)  960 MB
2026-05-11 20:35:19  INFO        [Cont1_5             ]  imread masks   3.0s
2026-05-11 20:35:20  INFO        [Cont1_5             ]  load+combine   13.8s total
2026-05-11 20:35:23  INFO      fold=0 ep=330 loss=0.8072 dice=0.9292 inc=0.951 bone=0.939 molar=0.898 ep_s=52.6 val_s=16.6
2026-05-11 20:36:18  INFO      Fold 0 ep 331: loss=0.7909  epoch=55.3s  data_wait=52.7s  gpu=2.6s
2026-05-11 20:37:12  INFO      Fold 0 ep 332: loss=0.7665  epoch=53.6s  data_wait=51.2s  gpu=2.4s
2026-05-11 20:38:08  INFO      Fold 0 ep 333: loss=0.8013  epoch=55.8s  data_wait=53.0s  gpu=2.7s
2026-05-11 20:39:00  INFO      Fold 0 ep 334: loss=0.7871  epoch=52.8s  data_wait=50.1s  gpu=2.6s
2026-05-11 20:39:56  INFO      Fold 0 ep 335: loss=0.8035  epoch=56.0s  data_wait=53.5s  gpu=2.5s
2026-05-11 20:39:58  INFO        [Cont1_5             ]  imread image   2.0s  shape=(1428, 327, 514)  960 MB
2026-05-11 20:40:10  INFO        [Cont1_5             ]  imread masks   3.3s
2026-05-11 20:40:10  INFO        [Cont1_5             ]  load+combine   13.7s total
2026-05-11 20:40:13  INFO      fold=0 ep=335 loss=0.8035 dice=0.9061 inc=0.949 bone=0.928 molar=0.842 ep_s=56.0 val_s=16.7
2026-05-11 20:41:08  INFO      Fold 0 ep 336: loss=0.7824  epoch=55.1s  data_wait=52.5s  gpu=2.6s
2026-05-11 20:42:06  INFO      Fold 0 ep 337: loss=0.7852  epoch=57.4s  data_wait=54.7s  gpu=2.7s
2026-05-11 20:43:00  INFO      Fold 0 ep 338: loss=0.7926  epoch=53.8s  data_wait=51.0s  gpu=2.8s
2026-05-11 20:43:55  INFO      Fold 0 ep 339: loss=0.7972  epoch=55.4s  data_wait=52.6s  gpu=2.8s
2026-05-11 20:44:48  INFO      Fold 0 ep 340: loss=0.7373  epoch=53.2s  data_wait=50.5s  gpu=2.6s
2026-05-11 20:44:50  INFO        [Cont1_5             ]  imread image   2.0s  shape=(1428, 327, 514)  960 MB
2026-05-11 20:45:02  INFO        [Cont1_5             ]  imread masks   3.0s
2026-05-11 20:45:02  INFO        [Cont1_5             ]  load+combine   13.9s total
2026-05-11 20:45:05  INFO      fold=0 ep=340 loss=0.7373 dice=0.9305 inc=0.956 bone=0.938 molar=0.898 ep_s=53.2 val_s=16.6
2026-05-11 20:45:59  INFO      Fold 0 ep 341: loss=0.7740  epoch=54.0s  data_wait=51.2s  gpu=2.8s
2026-05-11 20:46:52  INFO      Fold 0 ep 342: loss=0.8064  epoch=52.6s  data_wait=50.1s  gpu=2.4s
2026-05-11 20:47:45  INFO      Fold 0 ep 343: loss=0.7801  epoch=53.8s  data_wait=51.2s  gpu=2.6s
2026-05-11 20:48:39  INFO      Fold 0 ep 344: loss=0.7420  epoch=53.6s  data_wait=50.9s  gpu=2.7s
2026-05-11 20:49:30  INFO      Fold 0 ep 345: loss=0.7773  epoch=50.9s  data_wait=48.4s  gpu=2.6s
2026-05-11 20:49:32  INFO        [Cont1_5             ]  imread image   1.9s  shape=(1428, 327, 514)  960 MB
2026-05-11 20:49:44  INFO        [Cont1_5             ]  imread masks   3.4s
2026-05-11 20:49:44  INFO        [Cont1_5             ]  load+combine   13.9s total
2026-05-11 20:49:47  INFO      fold=0 ep=345 loss=0.7773 dice=0.8670 inc=0.934 bone=0.912 molar=0.755 ep_s=50.9 val_s=16.7
2026-05-11 20:50:40  INFO      Fold 0 ep 346: loss=0.7806  epoch=52.7s  data_wait=50.0s  gpu=2.7s
2026-05-11 20:51:32  INFO      Fold 0 ep 347: loss=0.8072  epoch=52.4s  data_wait=49.7s  gpu=2.7s
2026-05-11 20:52:25  INFO      Fold 0 ep 348: loss=0.7538  epoch=52.6s  data_wait=49.9s  gpu=2.7s
2026-05-11 20:53:16  INFO      Fold 0 ep 349: loss=0.7636  epoch=51.4s  data_wait=49.0s  gpu=2.5s
2026-05-11 20:54:09  INFO      Fold 0 ep 350: loss=0.7622  epoch=53.5s  data_wait=51.1s  gpu=2.4s
2026-05-11 20:54:11  INFO        [Cont1_5             ]  imread image   2.0s  shape=(1428, 327, 514)  960 MB
2026-05-11 20:54:23  INFO        [Cont1_5             ]  imread masks   2.9s
2026-05-11 20:54:23  INFO        [Cont1_5             ]  load+combine   13.7s total
2026-05-11 20:54:26  INFO      fold=0 ep=350 loss=0.7622 dice=0.9321 inc=0.956 bone=0.942 molar=0.899 ep_s=53.5 val_s=16.5
2026-05-11 20:55:17  INFO      Fold 0 ep 351: loss=0.7421  epoch=50.2s  data_wait=47.6s  gpu=2.6s
2026-05-11 20:56:11  INFO      Fold 0 ep 352: loss=0.7293  epoch=54.0s  data_wait=51.3s  gpu=2.7s
2026-05-11 20:57:02  INFO      Fold 0 ep 353: loss=0.7404  epoch=51.8s  data_wait=49.2s  gpu=2.5s
2026-05-11 20:57:55  INFO      Fold 0 ep 354: loss=0.7697  epoch=53.0s  data_wait=50.4s  gpu=2.6s
2026-05-11 20:58:50  INFO      Fold 0 ep 355: loss=0.7475  epoch=54.8s  data_wait=52.2s  gpu=2.6s
2026-05-11 20:58:52  INFO        [Cont1_5             ]  imread image   2.0s  shape=(1428, 327, 514)  960 MB
2026-05-11 20:59:04  INFO        [Cont1_5             ]  imread masks   3.4s
2026-05-11 20:59:04  INFO        [Cont1_5             ]  load+combine   13.9s total
2026-05-11 20:59:07  INFO      fold=0 ep=355 loss=0.7475 dice=0.9309 inc=0.961 bone=0.940 molar=0.892 ep_s=54.8 val_s=16.7
2026-05-11 21:00:01  INFO      Fold 0 ep 356: loss=0.7721  epoch=54.1s  data_wait=51.4s  gpu=2.6s
2026-05-11 21:00:56  INFO      Fold 0 ep 357: loss=0.7511  epoch=54.4s  data_wait=51.7s  gpu=2.7s
2026-05-11 21:01:51  INFO      Fold 0 ep 358: loss=0.7442  epoch=55.6s  data_wait=53.0s  gpu=2.6s
2026-05-11 21:02:44  INFO      Fold 0 ep 359: loss=0.7552  epoch=53.0s  data_wait=50.4s  gpu=2.6s
2026-05-11 21:03:38  INFO      Fold 0 ep 360: loss=0.7301  epoch=53.3s  data_wait=50.9s  gpu=2.4s
2026-05-11 21:03:40  INFO        [Cont1_5             ]  imread image   2.0s  shape=(1428, 327, 514)  960 MB
2026-05-11 21:03:51  INFO        [Cont1_5             ]  imread masks   3.0s
2026-05-11 21:03:51  INFO        [Cont1_5             ]  load+combine   13.9s total
2026-05-11 21:03:54  INFO      fold=0 ep=360 loss=0.7301 dice=0.9206 inc=0.947 bone=0.938 molar=0.877 ep_s=53.3 val_s=16.6
2026-05-11 21:04:48  INFO      Fold 0 ep 361: loss=0.7561  epoch=53.2s  data_wait=50.4s  gpu=2.7s
2026-05-11 21:05:40  INFO      Fold 0 ep 362: loss=0.7794  epoch=52.9s  data_wait=50.3s  gpu=2.7s
2026-05-11 21:06:35  INFO      Fold 0 ep 363: loss=0.7630  epoch=54.8s  data_wait=52.0s  gpu=2.8s
2026-05-11 21:07:29  INFO      Fold 0 ep 364: loss=0.7584  epoch=53.6s  data_wait=50.8s  gpu=2.8s
2026-05-11 21:08:22  INFO      Fold 0 ep 365: loss=0.7579  epoch=53.4s  data_wait=50.7s  gpu=2.7s
2026-05-11 21:08:24  INFO        [Cont1_5             ]  imread image   2.0s  shape=(1428, 327, 514)  960 MB
2026-05-11 21:08:36  INFO        [Cont1_5             ]  imread masks   3.5s
2026-05-11 21:08:36  INFO        [Cont1_5             ]  load+combine   14.0s total
2026-05-11 21:08:39  INFO      fold=0 ep=365 loss=0.7579 dice=0.9341 inc=0.951 bone=0.950 molar=0.901 ep_s=53.4 val_s=16.9
2026-05-11 21:09:32  INFO      Fold 0 ep 366: loss=0.7462  epoch=52.5s  data_wait=49.9s  gpu=2.6s
2026-05-11 21:10:26  INFO      Fold 0 ep 367: loss=0.7124  epoch=54.2s  data_wait=51.5s  gpu=2.7s
2026-05-11 21:11:16  INFO      Fold 0 ep 368: loss=0.7725  epoch=50.2s  data_wait=47.4s  gpu=2.7s
2026-05-11 21:12:07  INFO      Fold 0 ep 369: loss=0.7475  epoch=50.2s  data_wait=47.6s  gpu=2.5s
2026-05-11 21:12:57  INFO      Fold 0 ep 370: loss=0.7464  epoch=50.4s  data_wait=47.8s  gpu=2.6s
2026-05-11 21:12:59  INFO        [Cont1_5             ]  imread image   1.9s  shape=(1428, 327, 514)  960 MB
2026-05-11 21:13:10  INFO        [Cont1_5             ]  imread masks   2.9s
2026-05-11 21:13:11  INFO        [Cont1_5             ]  load+combine   13.6s total
2026-05-11 21:13:13  INFO      fold=0 ep=370 loss=0.7464 dice=0.9295 inc=0.957 bone=0.941 molar=0.890 ep_s=50.4 val_s=16.3
2026-05-11 21:14:04  INFO      Fold 0 ep 371: loss=0.7469  epoch=50.6s  data_wait=48.1s  gpu=2.5s
2026-05-11 21:14:55  INFO      Fold 0 ep 372: loss=0.7482  epoch=50.6s  data_wait=48.0s  gpu=2.6s
2026-05-11 21:15:42  INFO      Fold 0 ep 373: loss=0.7436  epoch=47.7s  data_wait=45.3s  gpu=2.4s
2026-05-11 21:16:33  INFO      Fold 0 ep 374: loss=0.7422  epoch=50.6s  data_wait=48.0s  gpu=2.6s
2026-05-11 21:17:23  INFO      Fold 0 ep 375: loss=0.7435  epoch=49.8s  data_wait=47.1s  gpu=2.6s
2026-05-11 21:17:25  INFO        [Cont1_5             ]  imread image   2.0s  shape=(1428, 327, 514)  960 MB
2026-05-11 21:17:36  INFO        [Cont1_5             ]  imread masks   2.8s
2026-05-11 21:17:36  INFO        [Cont1_5             ]  load+combine   13.3s total
2026-05-11 21:17:39  INFO      fold=0 ep=375 loss=0.7435 dice=0.9241 inc=0.946 bone=0.934 molar=0.892 ep_s=49.8 val_s=16.1
2026-05-11 21:18:31  INFO      Fold 0 ep 376: loss=0.7149  epoch=51.8s  data_wait=49.3s  gpu=2.5s
2026-05-11 21:19:23  INFO      Fold 0 ep 377: loss=0.7323  epoch=52.0s  data_wait=49.5s  gpu=2.5s
2026-05-11 21:20:16  INFO      Fold 0 ep 378: loss=0.7171  epoch=52.8s  data_wait=50.0s  gpu=2.8s
2026-05-11 21:21:08  INFO      Fold 0 ep 379: loss=0.7480  epoch=52.4s  data_wait=49.9s  gpu=2.5s
2026-05-11 21:22:06  INFO      Fold 0 ep 380: loss=0.7425  epoch=57.4s  data_wait=54.8s  gpu=2.6s
2026-05-11 21:22:08  INFO        [Cont1_5             ]  imread image   2.0s  shape=(1428, 327, 514)  960 MB
2026-05-11 21:22:19  INFO        [Cont1_5             ]  imread masks   3.0s
2026-05-11 21:22:19  INFO        [Cont1_5             ]  load+combine   13.9s total
2026-05-11 21:22:22  INFO      fold=0 ep=380 loss=0.7425 dice=0.9329 inc=0.962 bone=0.945 molar=0.891 ep_s=57.4 val_s=16.7
2026-05-11 21:23:16  INFO      Fold 0 ep 381: loss=0.7351  epoch=53.3s  data_wait=50.7s  gpu=2.6s
2026-05-11 21:24:10  INFO      Fold 0 ep 382: loss=0.7812  epoch=54.5s  data_wait=52.2s  gpu=2.3s
2026-05-11 21:25:07  INFO      Fold 0 ep 383: loss=0.7061  epoch=56.6s  data_wait=53.9s  gpu=2.7s
2026-05-11 21:26:02  INFO      Fold 0 ep 384: loss=0.7504  epoch=55.2s  data_wait=52.4s  gpu=2.8s
2026-05-11 21:26:57  INFO      Fold 0 ep 385: loss=0.7445  epoch=54.8s  data_wait=52.0s  gpu=2.8s
2026-05-11 21:26:59  INFO        [Cont1_5             ]  imread image   2.0s  shape=(1428, 327, 514)  960 MB
2026-05-11 21:27:10  INFO        [Cont1_5             ]  imread masks   3.2s
2026-05-11 21:27:10  INFO        [Cont1_5             ]  load+combine   13.5s total
2026-05-11 21:27:13  INFO      fold=0 ep=385 loss=0.7445 dice=0.9373 inc=0.955 bone=0.948 molar=0.909 ep_s=54.8 val_s=16.3
2026-05-11 21:28:07  INFO      Fold 0 ep 386: loss=0.6739  epoch=53.9s  data_wait=51.2s  gpu=2.7s
2026-05-11 21:29:02  INFO      Fold 0 ep 387: loss=0.7812  epoch=54.6s  data_wait=52.0s  gpu=2.6s
2026-05-11 21:29:57  INFO      Fold 0 ep 388: loss=0.7216  epoch=54.8s  data_wait=52.1s  gpu=2.6s
2026-05-11 21:30:51  INFO      Fold 0 ep 389: loss=0.7318  epoch=54.1s  data_wait=51.5s  gpu=2.7s
2026-05-11 21:31:43  INFO      Fold 0 ep 390: loss=0.7246  epoch=52.2s  data_wait=49.7s  gpu=2.5s
2026-05-11 21:31:45  INFO        [Cont1_5             ]  imread image   2.0s  shape=(1428, 327, 514)  960 MB
2026-05-11 21:31:57  INFO        [Cont1_5             ]  imread masks   3.0s
2026-05-11 21:31:57  INFO        [Cont1_5             ]  load+combine   13.9s total
2026-05-11 21:32:00  INFO      fold=0 ep=390 loss=0.7246 dice=0.9362 inc=0.958 bone=0.941 molar=0.910 ep_s=52.2 val_s=16.7
2026-05-11 21:32:54  INFO      Fold 0 ep 391: loss=0.7306  epoch=54.0s  data_wait=51.5s  gpu=2.5s
2026-05-11 21:33:44  INFO      Fold 0 ep 392: loss=0.7508  epoch=49.3s  data_wait=46.7s  gpu=2.7s
2026-05-11 21:34:31  INFO      Fold 0 ep 393: loss=0.7288  epoch=47.6s  data_wait=45.0s  gpu=2.6s
2026-05-11 21:35:22  INFO      Fold 0 ep 394: loss=0.7173  epoch=50.6s  data_wait=48.1s  gpu=2.5s
2026-05-11 21:36:12  INFO      Fold 0 ep 395: loss=0.7365  epoch=50.0s  data_wait=47.3s  gpu=2.7s
2026-05-11 21:36:14  INFO        [Cont1_5             ]  imread image   2.0s  shape=(1428, 327, 514)  960 MB
2026-05-11 21:36:25  INFO        [Cont1_5             ]  imread masks   3.5s
2026-05-11 21:36:26  INFO        [Cont1_5             ]  load+combine   14.0s total
2026-05-11 21:36:29  INFO      fold=0 ep=395 loss=0.7365 dice=0.9414 inc=0.962 bone=0.950 molar=0.913 ep_s=50.0 val_s=16.7
2026-05-11 21:37:21  INFO      Fold 0 ep 396: loss=0.7150  epoch=52.5s  data_wait=49.9s  gpu=2.6s
2026-05-11 21:38:09  INFO      Fold 0 ep 397: loss=0.7435  epoch=48.2s  data_wait=45.5s  gpu=2.6s
2026-05-11 21:38:59  INFO      Fold 0 ep 398: loss=0.7182  epoch=49.8s  data_wait=47.3s  gpu=2.5s
2026-05-11 21:39:49  INFO      Fold 0 ep 399: loss=0.7409  epoch=50.0s  data_wait=47.5s  gpu=2.5s
2026-05-11 21:40:42  INFO      Fold 0 ep 400: loss=0.7381  epoch=52.6s  data_wait=50.0s  gpu=2.6s
2026-05-11 21:40:44  INFO        [Cont1_5             ]  imread image   2.2s  shape=(1428, 327, 514)  960 MB
2026-05-11 21:40:55  INFO        [Cont1_5             ]  imread masks   2.8s
2026-05-11 21:40:56  INFO        [Cont1_5             ]  load+combine   13.8s total
2026-05-11 21:40:58  INFO      fold=0 ep=400 loss=0.7381 dice=0.9412 inc=0.965 bone=0.943 molar=0.915 ep_s=52.6 val_s=16.5
2026-05-11 21:41:52  INFO      Fold 0 ep 401: loss=0.7137  epoch=53.4s  data_wait=50.8s  gpu=2.6s
2026-05-11 21:42:43  INFO      Fold 0 ep 402: loss=0.6888  epoch=51.3s  data_wait=48.7s  gpu=2.6s
2026-05-11 21:43:35  INFO      Fold 0 ep 403: loss=0.7361  epoch=51.2s  data_wait=48.6s  gpu=2.6s
2026-05-11 21:44:27  INFO      Fold 0 ep 404: loss=0.7699  epoch=52.8s  data_wait=50.0s  gpu=2.7s
2026-05-11 21:45:19  INFO      Fold 0 ep 405: loss=0.7077  epoch=51.8s  data_wait=49.1s  gpu=2.6s
2026-05-11 21:45:21  INFO        [Cont1_5             ]  imread image   2.2s  shape=(1428, 327, 514)  960 MB
2026-05-11 21:45:32  INFO        [Cont1_5             ]  imread masks   2.7s
2026-05-11 21:45:32  INFO        [Cont1_5             ]  load+combine   13.3s total
2026-05-11 21:45:35  INFO      fold=0 ep=405 loss=0.7077 dice=0.9420 inc=0.963 bone=0.944 molar=0.919 ep_s=51.8 val_s=16.1
2026-05-11 21:46:29  INFO      Fold 0 ep 406: loss=0.7142  epoch=52.9s  data_wait=50.2s  gpu=2.8s
2026-05-11 21:47:22  INFO      Fold 0 ep 407: loss=0.7147  epoch=54.0s  data_wait=51.2s  gpu=2.7s
2026-05-11 21:48:18  INFO      Fold 0 ep 408: loss=0.7320  epoch=55.2s  data_wait=52.4s  gpu=2.8s
2026-05-11 21:49:13  INFO      Fold 0 ep 409: loss=0.7480  epoch=55.3s  data_wait=52.9s  gpu=2.4s
2026-05-11 21:50:11  INFO      Fold 0 ep 410: loss=0.7375  epoch=57.6s  data_wait=55.0s  gpu=2.6s
2026-05-11 21:50:13  INFO        [Cont1_5             ]  imread image   2.2s  shape=(1428, 327, 514)  960 MB
2026-05-11 21:50:24  INFO        [Cont1_5             ]  imread masks   2.9s
2026-05-11 21:50:25  INFO        [Cont1_5             ]  load+combine   13.9s total
2026-05-11 21:50:28  INFO      fold=0 ep=410 loss=0.7375 dice=0.9446 inc=0.964 bone=0.947 molar=0.922 ep_s=57.6 val_s=16.7
2026-05-11 21:51:23  INFO      Fold 0 ep 411: loss=0.7247  epoch=55.5s  data_wait=53.1s  gpu=2.5s
2026-05-11 21:52:18  INFO      Fold 0 ep 412: loss=0.7208  epoch=54.8s  data_wait=52.2s  gpu=2.5s
2026-05-11 21:53:11  INFO      Fold 0 ep 413: loss=0.7063  epoch=53.0s  data_wait=50.5s  gpu=2.5s
2026-05-11 21:54:05  INFO      Fold 0 ep 414: loss=0.7361  epoch=54.2s  data_wait=51.6s  gpu=2.6s
2026-05-11 21:55:00  INFO      Fold 0 ep 415: loss=0.7165  epoch=54.6s  data_wait=51.8s  gpu=2.8s
2026-05-11 21:55:02  INFO        [Cont1_5             ]  imread image   2.1s  shape=(1428, 327, 514)  960 MB
2026-05-11 21:55:13  INFO        [Cont1_5             ]  imread masks   3.1s
2026-05-11 21:55:13  INFO        [Cont1_5             ]  load+combine   13.5s total
2026-05-11 21:55:16  INFO      fold=0 ep=415 loss=0.7165 dice=0.9315 inc=0.950 bone=0.942 molar=0.902 ep_s=54.6 val_s=16.4
2026-05-11 21:56:10  INFO      Fold 0 ep 416: loss=0.7506  epoch=54.0s  data_wait=51.3s  gpu=2.6s
2026-05-11 21:57:03  INFO      Fold 0 ep 417: loss=0.6860  epoch=53.0s  data_wait=50.2s  gpu=2.7s
2026-05-11 21:57:56  INFO      Fold 0 ep 418: loss=0.7301  epoch=52.2s  data_wait=49.7s  gpu=2.5s
2026-05-11 21:58:48  INFO      Fold 0 ep 419: loss=0.7100  epoch=52.6s  data_wait=49.9s  gpu=2.7s
2026-05-11 21:59:39  INFO      Fold 0 ep 420: loss=0.7354  epoch=51.2s  data_wait=48.4s  gpu=2.8s
2026-05-11 21:59:41  INFO        [Cont1_5             ]  imread image   2.1s  shape=(1428, 327, 514)  960 MB
2026-05-11 21:59:53  INFO        [Cont1_5             ]  imread masks   2.8s
2026-05-11 21:59:53  INFO        [Cont1_5             ]  load+combine   13.8s total
2026-05-11 21:59:56  INFO      fold=0 ep=420 loss=0.7354 dice=0.9438 inc=0.964 bone=0.946 molar=0.922 ep_s=51.2 val_s=16.6
2026-05-11 22:00:49  INFO      Fold 0 ep 421: loss=0.7300  epoch=53.1s  data_wait=50.5s  gpu=2.7s
2026-05-11 22:01:41  INFO      Fold 0 ep 422: loss=0.6932  epoch=51.6s  data_wait=48.9s  gpu=2.6s
2026-05-11 22:02:30  INFO      Fold 0 ep 423: loss=0.6827  epoch=49.4s  data_wait=46.7s  gpu=2.7s
2026-05-11 22:03:25  INFO      Fold 0 ep 424: loss=0.7296  epoch=54.8s  data_wait=52.0s  gpu=2.8s
2026-05-11 22:04:16  INFO      Fold 0 ep 425: loss=0.7053  epoch=51.4s  data_wait=49.0s  gpu=2.4s
2026-05-11 22:04:18  INFO        [Cont1_5             ]  imread image   1.9s  shape=(1428, 327, 514)  960 MB
2026-05-11 22:04:29  INFO        [Cont1_5             ]  imread masks   2.8s
2026-05-11 22:04:30  INFO        [Cont1_5             ]  load+combine   13.2s total
2026-05-11 22:04:33  INFO      fold=0 ep=425 loss=0.7053 dice=0.9454 inc=0.964 bone=0.945 molar=0.927 ep_s=51.4 val_s=16.1
2026-05-11 22:05:28  INFO      Fold 0 ep 426: loss=0.7181  epoch=55.1s  data_wait=52.6s  gpu=2.5s
2026-05-11 22:06:21  INFO      Fold 0 ep 427: loss=0.7320  epoch=53.4s  data_wait=50.8s  gpu=2.6s
2026-05-11 22:07:14  INFO      Fold 0 ep 428: loss=0.7047  epoch=52.4s  data_wait=49.8s  gpu=2.5s
2026-05-11 22:08:03  INFO      Fold 0 ep 429: loss=0.7079  epoch=49.6s  data_wait=47.1s  gpu=2.5s
2026-05-11 22:08:58  INFO      Fold 0 ep 430: loss=0.6852  epoch=55.0s  data_wait=52.4s  gpu=2.5s
2026-05-11 22:09:00  INFO        [Cont1_5             ]  imread image   1.9s  shape=(1428, 327, 514)  960 MB
2026-05-11 22:09:11  INFO        [Cont1_5             ]  imread masks   2.9s
2026-05-11 22:09:12  INFO        [Cont1_5             ]  load+combine   13.4s total
2026-05-11 22:09:15  INFO      fold=0 ep=430 loss=0.6852 dice=0.9469 inc=0.967 bone=0.946 molar=0.927 ep_s=55.0 val_s=16.2
2026-05-11 22:10:10  INFO      Fold 0 ep 431: loss=0.6727  epoch=55.6s  data_wait=53.2s  gpu=2.5s
2026-05-11 22:11:06  INFO      Fold 0 ep 432: loss=0.7473  epoch=55.6s  data_wait=52.9s  gpu=2.6s
2026-05-11 22:12:00  INFO      Fold 0 ep 433: loss=0.7200  epoch=54.4s  data_wait=51.6s  gpu=2.8s
2026-05-11 22:12:54  INFO      Fold 0 ep 434: loss=0.7003  epoch=53.6s  data_wait=51.0s  gpu=2.6s
2026-05-11 22:13:49  INFO      Fold 0 ep 435: loss=0.7138  epoch=54.8s  data_wait=52.1s  gpu=2.6s
2026-05-11 22:13:51  INFO        [Cont1_5             ]  imread image   2.2s  shape=(1428, 327, 514)  960 MB
2026-05-11 22:14:02  INFO        [Cont1_5             ]  imread masks   3.1s
2026-05-11 22:14:03  INFO        [Cont1_5             ]  load+combine   13.9s total
2026-05-11 22:14:06  INFO      fold=0 ep=435 loss=0.7138 dice=0.9443 inc=0.963 bone=0.949 molar=0.921 ep_s=54.8 val_s=16.7
2026-05-11 22:15:03  INFO      Fold 0 ep 436: loss=0.6947  epoch=56.8s  data_wait=54.3s  gpu=2.6s
2026-05-11 22:15:56  INFO      Fold 0 ep 437: loss=0.6952  epoch=53.8s  data_wait=51.2s  gpu=2.6s
2026-05-11 22:16:53  INFO      Fold 0 ep 438: loss=0.7038  epoch=56.4s  data_wait=53.7s  gpu=2.7s
2026-05-11 22:17:48  INFO      Fold 0 ep 439: loss=0.7127  epoch=54.8s  data_wait=52.1s  gpu=2.7s
2026-05-11 22:18:37  INFO      Fold 0 ep 440: loss=0.7126  epoch=49.8s  data_wait=47.3s  gpu=2.5s
2026-05-11 22:18:39  INFO        [Cont1_5             ]  imread image   1.8s  shape=(1428, 327, 514)  960 MB
2026-05-11 22:18:50  INFO        [Cont1_5             ]  imread masks   2.9s
2026-05-11 22:18:51  INFO        [Cont1_5             ]  load+combine   13.2s total
2026-05-11 22:18:54  INFO      fold=0 ep=440 loss=0.7126 dice=0.9488 inc=0.966 bone=0.948 molar=0.932 ep_s=49.8 val_s=16.0
2026-05-11 22:19:44  INFO      Fold 0 ep 441: loss=0.7014  epoch=50.6s  data_wait=48.0s  gpu=2.6s
2026-05-11 22:20:34  INFO      Fold 0 ep 442: loss=0.7185  epoch=49.7s  data_wait=47.1s  gpu=2.6s
2026-05-11 22:21:25  INFO      Fold 0 ep 443: loss=0.7034  epoch=50.8s  data_wait=48.3s  gpu=2.5s
2026-05-11 22:22:14  INFO      Fold 0 ep 444: loss=0.7235  epoch=49.4s  data_wait=47.0s  gpu=2.4s
2026-05-11 22:23:05  INFO      Fold 0 ep 445: loss=0.7234  epoch=51.2s  data_wait=48.7s  gpu=2.4s
2026-05-11 22:23:07  INFO        [Cont1_5             ]  imread image   1.7s  shape=(1428, 327, 514)  960 MB
2026-05-11 22:23:17  INFO        [Cont1_5             ]  imread masks   2.3s
2026-05-11 22:23:18  INFO        [Cont1_5             ]  load+combine   12.1s total
2026-05-11 22:23:20  INFO      fold=0 ep=445 loss=0.7234 dice=0.9468 inc=0.963 bone=0.950 molar=0.927 ep_s=51.2 val_s=14.9
2026-05-11 22:24:11  INFO      Fold 0 ep 446: loss=0.7123  epoch=50.7s  data_wait=48.2s  gpu=2.5s
2026-05-11 22:25:00  INFO      Fold 0 ep 447: loss=0.7154  epoch=48.8s  data_wait=46.3s  gpu=2.5s
2026-05-11 22:25:54  INFO      Fold 0 ep 448: loss=0.7125  epoch=53.6s  data_wait=51.0s  gpu=2.6s
2026-05-11 22:26:47  INFO      Fold 0 ep 449: loss=0.7112  epoch=53.7s  data_wait=51.1s  gpu=2.6s
2026-05-11 22:27:43  INFO      Fold 0 ep 450: loss=0.7039  epoch=55.4s  data_wait=52.7s  gpu=2.7s
2026-05-11 22:27:45  INFO        [Cont1_5             ]  imread image   2.2s  shape=(1428, 327, 514)  960 MB
2026-05-11 22:27:57  INFO        [Cont1_5             ]  imread masks   3.3s
2026-05-11 22:27:57  INFO        [Cont1_5             ]  load+combine   14.4s total
2026-05-11 22:28:00  INFO      fold=0 ep=450 loss=0.7039 dice=0.9494 inc=0.968 bone=0.947 molar=0.934 ep_s=55.4 val_s=17.1
2026-05-11 22:28:54  INFO      Fold 0 ep 451: loss=0.7168  epoch=53.9s  data_wait=51.5s  gpu=2.4s
2026-05-11 22:29:48  INFO      Fold 0 ep 452: loss=0.7042  epoch=53.8s  data_wait=51.1s  gpu=2.7s
2026-05-11 22:30:41  INFO      Fold 0 ep 453: loss=0.7051  epoch=53.2s  data_wait=50.5s  gpu=2.7s
2026-05-11 22:31:35  INFO      Fold 0 ep 454: loss=0.7128  epoch=54.4s  data_wait=51.9s  gpu=2.4s
2026-05-11 22:32:30  INFO      Fold 0 ep 455: loss=0.7212  epoch=54.8s  data_wait=52.0s  gpu=2.7s
2026-05-11 22:32:32  INFO        [Cont1_5             ]  imread image   2.0s  shape=(1428, 327, 514)  960 MB
2026-05-11 22:32:44  INFO        [Cont1_5             ]  imread masks   3.3s
2026-05-11 22:32:44  INFO        [Cont1_5             ]  load+combine   13.9s total
2026-05-11 22:32:47  INFO      fold=0 ep=455 loss=0.7212 dice=0.9492 inc=0.967 bone=0.949 molar=0.932 ep_s=54.8 val_s=16.5
2026-05-11 22:33:40  INFO      Fold 0 ep 456: loss=0.7051  epoch=53.3s  data_wait=50.5s  gpu=2.7s
2026-05-11 22:34:35  INFO      Fold 0 ep 457: loss=0.7063  epoch=54.6s  data_wait=52.0s  gpu=2.6s
2026-05-11 22:35:29  INFO      Fold 0 ep 458: loss=0.7306  epoch=54.0s  data_wait=51.4s  gpu=2.6s
2026-05-11 22:36:22  INFO      Fold 0 ep 459: loss=0.6833  epoch=53.4s  data_wait=50.6s  gpu=2.8s
2026-05-11 22:37:19  INFO      Fold 0 ep 460: loss=0.6915  epoch=56.8s  data_wait=54.2s  gpu=2.6s
2026-05-11 22:37:21  INFO        [Cont1_5             ]  imread image   2.0s  shape=(1428, 327, 514)  960 MB
2026-05-11 22:37:33  INFO        [Cont1_5             ]  imread masks   3.1s
2026-05-11 22:37:33  INFO        [Cont1_5             ]  load+combine   13.9s total
2026-05-11 22:37:36  INFO      fold=0 ep=460 loss=0.6915 dice=0.9504 inc=0.968 bone=0.949 molar=0.934 ep_s=56.8 val_s=16.6
2026-05-11 22:38:31  INFO      Fold 0 ep 461: loss=0.6792  epoch=54.6s  data_wait=52.0s  gpu=2.6s
2026-05-11 22:39:25  INFO      Fold 0 ep 462: loss=0.6871  epoch=54.1s  data_wait=51.6s  gpu=2.5s
2026-05-11 22:40:20  INFO      Fold 0 ep 463: loss=0.7021  epoch=55.6s  data_wait=53.0s  gpu=2.6s
2026-05-11 22:41:16  INFO      Fold 0 ep 464: loss=0.7053  epoch=56.2s  data_wait=53.4s  gpu=2.8s
2026-05-11 22:42:08  INFO      Fold 0 ep 465: loss=0.7031  epoch=51.8s  data_wait=49.2s  gpu=2.6s
2026-05-11 22:42:10  INFO        [Cont1_5             ]  imread image   2.0s  shape=(1428, 327, 514)  960 MB
2026-05-11 22:42:22  INFO        [Cont1_5             ]  imread masks   3.4s
2026-05-11 22:42:22  INFO        [Cont1_5             ]  load+combine   14.1s total
2026-05-11 22:42:25  INFO      fold=0 ep=465 loss=0.7031 dice=0.9470 inc=0.965 bone=0.949 molar=0.928 ep_s=51.8 val_s=16.9
2026-05-11 22:43:19  INFO      Fold 0 ep 466: loss=0.7186  epoch=54.1s  data_wait=51.4s  gpu=2.7s
2026-05-11 22:44:10  INFO      Fold 0 ep 467: loss=0.7055  epoch=50.8s  data_wait=48.1s  gpu=2.7s
2026-05-11 22:45:02  INFO      Fold 0 ep 468: loss=0.6927  epoch=51.9s  data_wait=49.4s  gpu=2.5s
2026-05-11 22:45:54  INFO      Fold 0 ep 469: loss=0.7053  epoch=51.8s  data_wait=49.1s  gpu=2.6s
2026-05-11 22:46:46  INFO      Fold 0 ep 470: loss=0.6938  epoch=52.0s  data_wait=49.4s  gpu=2.6s
2026-05-11 22:46:48  INFO        [Cont1_5             ]  imread image   2.0s  shape=(1428, 327, 514)  960 MB
2026-05-11 22:47:00  INFO        [Cont1_5             ]  imread masks   3.2s
2026-05-11 22:47:00  INFO        [Cont1_5             ]  load+combine   14.1s total
2026-05-11 22:47:03  INFO      fold=0 ep=470 loss=0.6938 dice=0.9498 inc=0.968 bone=0.948 molar=0.934 ep_s=52.0 val_s=16.9
2026-05-11 22:47:54  INFO      Fold 0 ep 471: loss=0.6929  epoch=50.7s  data_wait=48.2s  gpu=2.5s
2026-05-11 22:48:45  INFO      Fold 0 ep 472: loss=0.7158  epoch=51.2s  data_wait=48.4s  gpu=2.8s
2026-05-11 22:49:38  INFO      Fold 0 ep 473: loss=0.7054  epoch=53.0s  data_wait=50.2s  gpu=2.8s
2026-05-11 22:50:31  INFO      Fold 0 ep 474: loss=0.7075  epoch=53.6s  data_wait=51.0s  gpu=2.6s
2026-05-11 22:51:24  INFO      Fold 0 ep 475: loss=0.7087  epoch=52.8s  data_wait=50.2s  gpu=2.6s
2026-05-11 22:51:26  INFO        [Cont1_5             ]  imread image   2.0s  shape=(1428, 327, 514)  960 MB
2026-05-11 22:51:38  INFO        [Cont1_5             ]  imread masks   3.4s
2026-05-11 22:51:39  INFO        [Cont1_5             ]  load+combine   14.2s total
2026-05-11 22:51:41  INFO      fold=0 ep=475 loss=0.7087 dice=0.9493 inc=0.968 bone=0.947 molar=0.932 ep_s=52.8 val_s=17.0
2026-05-11 22:52:37  INFO      Fold 0 ep 476: loss=0.7259  epoch=55.5s  data_wait=52.6s  gpu=2.9s
2026-05-11 22:53:30  INFO      Fold 0 ep 477: loss=0.7310  epoch=53.4s  data_wait=50.8s  gpu=2.6s
2026-05-11 22:54:24  INFO      Fold 0 ep 478: loss=0.7192  epoch=53.4s  data_wait=50.9s  gpu=2.5s
2026-05-11 22:55:16  INFO      Fold 0 ep 479: loss=0.6897  epoch=52.6s  data_wait=50.1s  gpu=2.5s
2026-05-11 22:56:10  INFO      Fold 0 ep 480: loss=0.6966  epoch=53.7s  data_wait=51.2s  gpu=2.5s
2026-05-11 22:56:12  INFO        [Cont1_5             ]  imread image   2.0s  shape=(1428, 327, 514)  960 MB
2026-05-11 22:56:24  INFO        [Cont1_5             ]  imread masks   3.4s
2026-05-11 22:56:25  INFO        [Cont1_5             ]  load+combine   14.3s total
2026-05-11 22:56:27  INFO      fold=0 ep=480 loss=0.6966 dice=0.9489 inc=0.968 bone=0.947 molar=0.932 ep_s=53.7 val_s=17.1
2026-05-11 22:57:22  INFO      Fold 0 ep 481: loss=0.7406  epoch=54.3s  data_wait=51.5s  gpu=2.7s
2026-05-11 22:58:19  INFO      Fold 0 ep 482: loss=0.7409  epoch=57.0s  data_wait=54.4s  gpu=2.6s
2026-05-11 22:59:14  INFO      Fold 0 ep 483: loss=0.7290  epoch=55.0s  data_wait=52.3s  gpu=2.7s
2026-05-11 23:00:07  INFO      Fold 0 ep 484: loss=0.6684  epoch=53.7s  data_wait=51.1s  gpu=2.7s
2026-05-11 23:01:02  INFO      Fold 0 ep 485: loss=0.7091  epoch=54.8s  data_wait=52.2s  gpu=2.6s
2026-05-11 23:01:04  INFO        [Cont1_5             ]  imread image   1.9s  shape=(1428, 327, 514)  960 MB
2026-05-11 23:01:16  INFO        [Cont1_5             ]  imread masks   3.5s
2026-05-11 23:01:16  INFO        [Cont1_5             ]  load+combine   14.1s total
2026-05-11 23:01:19  INFO      fold=0 ep=485 loss=0.7091 dice=0.9485 inc=0.967 bone=0.947 molar=0.931 ep_s=54.8 val_s=16.9
2026-05-11 23:02:15  INFO      Fold 0 ep 486: loss=0.7144  epoch=56.1s  data_wait=53.4s  gpu=2.6s
2026-05-11 23:03:09  INFO      Fold 0 ep 487: loss=0.7182  epoch=53.4s  data_wait=50.9s  gpu=2.5s
2026-05-11 23:03:59  INFO      Fold 0 ep 488: loss=0.6936  epoch=49.8s  data_wait=47.2s  gpu=2.6s
2026-05-11 23:04:51  INFO      Fold 0 ep 489: loss=0.7169  epoch=52.2s  data_wait=49.7s  gpu=2.5s
2026-05-11 23:05:42  INFO      Fold 0 ep 490: loss=0.7163  epoch=50.7s  data_wait=48.3s  gpu=2.5s
2026-05-11 23:05:44  INFO        [Cont1_5             ]  imread image   2.0s  shape=(1428, 327, 514)  960 MB
2026-05-11 23:05:56  INFO        [Cont1_5             ]  imread masks   3.5s
2026-05-11 23:05:56  INFO        [Cont1_5             ]  load+combine   14.5s total
2026-05-11 23:05:59  INFO      fold=0 ep=490 loss=0.7163 dice=0.9486 inc=0.967 bone=0.947 molar=0.931 ep_s=50.7 val_s=17.3
2026-05-11 23:06:48  INFO      Fold 0 ep 491: loss=0.7127  epoch=49.1s  data_wait=46.6s  gpu=2.5s
2026-05-11 23:07:42  INFO      Fold 0 ep 492: loss=0.6934  epoch=54.2s  data_wait=51.8s  gpu=2.4s
2026-05-11 23:08:36  INFO      Fold 0 ep 493: loss=0.6991  epoch=54.0s  data_wait=51.6s  gpu=2.4s
2026-05-11 23:09:31  INFO      Fold 0 ep 494: loss=0.6897  epoch=55.0s  data_wait=52.4s  gpu=2.6s
2026-05-11 23:10:24  INFO      Fold 0 ep 495: loss=0.7257  epoch=52.8s  data_wait=50.2s  gpu=2.6s
2026-05-11 23:10:26  INFO        [Cont1_5             ]  imread image   2.0s  shape=(1428, 327, 514)  960 MB
2026-05-11 23:10:38  INFO        [Cont1_5             ]  imread masks   3.7s
2026-05-11 23:10:39  INFO        [Cont1_5             ]  load+combine   14.6s total
2026-05-11 23:10:41  INFO      fold=0 ep=495 loss=0.7257 dice=0.9486 inc=0.967 bone=0.947 molar=0.931 ep_s=52.8 val_s=17.3
2026-05-11 23:11:34  INFO      Fold 0 ep 496: loss=0.7098  epoch=52.8s  data_wait=50.4s  gpu=2.4s
2026-05-11 23:12:30  INFO      Fold 0 ep 497: loss=0.6928  epoch=55.2s  data_wait=52.8s  gpu=2.4s
2026-05-11 23:13:24  INFO      Fold 0 ep 498: loss=0.6962  epoch=54.6s  data_wait=52.1s  gpu=2.5s
2026-05-11 23:14:17  INFO      Fold 0 ep 499: loss=0.6766  epoch=52.8s  data_wait=50.1s  gpu=2.6s
2026-05-11 23:15:09  INFO      Fold 0 ep 500: loss=0.7258  epoch=51.8s  data_wait=49.4s  gpu=2.4s
2026-05-11 23:15:10  INFO        [Cont1_5             ]  imread image   1.6s  shape=(1428, 327, 514)  960 MB
2026-05-11 23:15:22  INFO        [Cont1_5             ]  imread masks   3.4s
2026-05-11 23:15:23  INFO        [Cont1_5             ]  load+combine   13.8s total
2026-05-11 23:15:26  INFO      fold=0 ep=500 loss=0.7258 dice=0.9486 inc=0.967 bone=0.947 molar=0.931 ep_s=51.8 val_s=16.7
2026-05-11 23:15:31  INFO      Fold 1: loading 8 training samples into RAM...
2026-05-11 23:15:34  INFO        Loaded Cont1_5               shape=(1, 1444, 343, 530)  2363 MB  2.5s
2026-05-11 23:15:39  INFO        Loaded Odam-CRE-A            shape=(1, 1421, 495, 855)  5413 MB  5.3s
2026-05-11 23:15:44  INFO        Loaded Odam-CRE-B            shape=(1, 1571, 464, 821)  5386 MB  4.8s
2026-05-11 23:15:48  INFO        Loaded Odam-CRE-C            shape=(1, 1353, 406, 820)  4054 MB  3.8s
2026-05-11 23:15:53  INFO        Loaded Odam-CRE-Hifla-A      shape=(1, 1469, 472, 846)  5279 MB  5.6s
2026-05-11 23:16:01  INFO        Loaded Odam-CRE-Hifla-B      shape=(1, 1471, 486, 818)  5263 MB  7.4s
2026-05-11 23:16:08  INFO        Loaded Odam-CRE-Hifla-C      shape=(1, 1630, 434, 752)  4788 MB  6.9s
2026-05-11 23:16:11  INFO        Loaded P27RKO_8um_2K__reoriented  shape=(1, 1550, 245, 672)  2297 MB  3.5s
2026-05-11 23:16:11  INFO      All 8 samples in RAM  total=34842 MB  39.9s
2026-05-11 23:16:11  INFO      Fold 1: dataset ready  items=8  load=39.9s
2026-05-11 23:16:11  INFO      Fold 1: starting fresh | val=Frag_4 | params=4,743,653
2026-05-11 23:16:11  INFO      Fold 1: entering training loop  start_epoch=0
2026-05-11 23:16:24  INFO      Fold 1 ep 1: first batch  wait=12.4s  shape=[48, 1, 96, 96, 96]
2026-05-11 23:17:04  INFO      Fold 1 ep 1: loss=2.3329  epoch=52.3s  data_wait=49.8s  gpu=2.6s
2026-05-11 23:17:58  INFO      Fold 1 ep 2: loss=2.0918  epoch=54.0s  data_wait=51.5s  gpu=2.5s
2026-05-11 23:18:51  INFO      Fold 1 ep 3: loss=2.0177  epoch=53.6s  data_wait=50.8s  gpu=2.8s
2026-05-11 23:19:44  INFO      Fold 1 ep 4: loss=1.9300  epoch=52.4s  data_wait=49.8s  gpu=2.6s
2026-05-11 23:20:36  INFO      Fold 1 ep 5: loss=1.8886  epoch=52.4s  data_wait=49.7s  gpu=2.7s
2026-05-11 23:20:40  INFO        [Frag_4              ]  imread image   3.5s  shape=(1468, 425, 474)  1183 MB
2026-05-11 23:20:55  INFO        [Frag_4              ]  imread masks   3.6s
2026-05-11 23:20:55  INFO        [Frag_4              ]  load+combine   19.0s total
2026-05-11 23:21:09  INFO      fold=1 ep=5 loss=1.8886 dice=0.0179 inc=0.011 bone=0.002 molar=0.041 ep_s=52.4 val_s=32.7
2026-05-11 23:22:04  INFO      Fold 1 ep 6: loss=1.8509  epoch=54.6s  data_wait=52.2s  gpu=2.4s
2026-05-11 23:22:58  INFO      Fold 1 ep 7: loss=1.8710  epoch=53.9s  data_wait=51.4s  gpu=2.6s
2026-05-11 23:23:53  INFO      Fold 1 ep 8: loss=1.8095  epoch=55.4s  data_wait=52.8s  gpu=2.6s
2026-05-11 23:24:48  INFO      Fold 1 ep 9: loss=1.7567  epoch=55.0s  data_wait=52.5s  gpu=2.5s
2026-05-11 23:25:43  INFO      Fold 1 ep 10: loss=1.7339  epoch=55.4s  data_wait=52.7s  gpu=2.7s
2026-05-11 23:25:46  INFO        [Frag_4              ]  imread image   2.2s  shape=(1468, 425, 474)  1183 MB
2026-05-11 23:26:00  INFO        [Frag_4              ]  imread masks   3.7s
2026-05-11 23:26:01  INFO        [Frag_4              ]  load+combine   17.3s total
2026-05-11 23:26:05  INFO      fold=1 ep=10 loss=1.7339 dice=0.0195 inc=0.005 bone=0.002 molar=0.051 ep_s=55.4 val_s=21.0
2026-05-11 23:26:57  INFO      Fold 1 ep 11: loss=1.7323  epoch=52.4s  data_wait=49.8s  gpu=2.6s
2026-05-11 23:27:51  INFO      Fold 1 ep 12: loss=1.7090  epoch=53.6s  data_wait=51.0s  gpu=2.6s
2026-05-11 23:28:44  INFO      Fold 1 ep 13: loss=1.6932  epoch=53.6s  data_wait=50.9s  gpu=2.7s
2026-05-11 23:29:36  INFO      Fold 1 ep 14: loss=1.6576  epoch=51.6s  data_wait=48.9s  gpu=2.6s
2026-05-11 23:30:29  INFO      Fold 1 ep 15: loss=1.6243  epoch=52.6s  data_wait=50.0s  gpu=2.6s
2026-05-11 23:30:31  INFO        [Frag_4              ]  imread image   2.3s  shape=(1468, 425, 474)  1183 MB
2026-05-11 23:30:45  INFO        [Frag_4              ]  imread masks   3.9s
2026-05-11 23:30:46  INFO        [Frag_4              ]  load+combine   17.3s total
2026-05-11 23:30:50  INFO      fold=1 ep=15 loss=1.6243 dice=0.0248 inc=0.004 bone=0.000 molar=0.070 ep_s=52.6 val_s=20.9
2026-05-11 23:31:43  INFO      Fold 1 ep 16: loss=1.6294  epoch=52.7s  data_wait=50.2s  gpu=2.6s
2026-05-11 23:32:35  INFO      Fold 1 ep 17: loss=1.6438  epoch=52.8s  data_wait=50.0s  gpu=2.8s
2026-05-11 23:33:28  INFO      Fold 1 ep 18: loss=1.6253  epoch=53.0s  data_wait=50.3s  gpu=2.7s
2026-05-11 23:34:20  INFO      Fold 1 ep 19: loss=1.6056  epoch=52.2s  data_wait=49.4s  gpu=2.8s
2026-05-11 23:35:14  INFO      Fold 1 ep 20: loss=1.5927  epoch=54.0s  data_wait=51.1s  gpu=2.9s
2026-05-11 23:35:17  INFO        [Frag_4              ]  imread image   2.2s  shape=(1468, 425, 474)  1183 MB
2026-05-11 23:35:31  INFO        [Frag_4              ]  imread masks   3.8s
2026-05-11 23:35:31  INFO        [Frag_4              ]  load+combine   16.6s total
2026-05-11 23:35:35  INFO      fold=1 ep=20 loss=1.5927 dice=0.0378 inc=0.004 bone=0.000 molar=0.109 ep_s=54.0 val_s=20.2
2026-05-11 23:36:27  INFO      Fold 1 ep 21: loss=1.5761  epoch=52.4s  data_wait=49.6s  gpu=2.7s
2026-05-11 23:37:20  INFO      Fold 1 ep 22: loss=1.5615  epoch=52.4s  data_wait=49.8s  gpu=2.5s
2026-05-11 23:38:14  INFO      Fold 1 ep 23: loss=1.5900  epoch=54.0s  data_wait=51.4s  gpu=2.6s
2026-05-11 23:39:08  INFO      Fold 1 ep 24: loss=1.5559  epoch=54.0s  data_wait=51.5s  gpu=2.5s
2026-05-11 23:40:02  INFO      Fold 1 ep 25: loss=1.5695  epoch=53.8s  data_wait=51.3s  gpu=2.5s
2026-05-11 23:40:04  INFO        [Frag_4              ]  imread image   2.2s  shape=(1468, 425, 474)  1183 MB
2026-05-11 23:40:17  INFO        [Frag_4              ]  imread masks   3.6s
2026-05-11 23:40:18  INFO        [Frag_4              ]  load+combine   16.2s total
2026-05-11 23:40:22  INFO      fold=1 ep=25 loss=1.5695 dice=0.0459 inc=0.005 bone=0.004 molar=0.129 ep_s=53.8 val_s=19.9
2026-05-11 23:41:15  INFO      Fold 1 ep 26: loss=1.5642  epoch=53.2s  data_wait=50.5s  gpu=2.7s
2026-05-11 23:42:06  INFO      Fold 1 ep 27: loss=1.5503  epoch=51.4s  data_wait=48.8s  gpu=2.6s
2026-05-11 23:42:57  INFO      Fold 1 ep 28: loss=1.5460  epoch=50.8s  data_wait=48.3s  gpu=2.5s
2026-05-11 23:43:47  INFO      Fold 1 ep 29: loss=1.5351  epoch=50.4s  data_wait=47.7s  gpu=2.7s
2026-05-11 23:44:41  INFO      Fold 1 ep 30: loss=1.5352  epoch=53.6s  data_wait=51.0s  gpu=2.6s
2026-05-11 23:44:43  INFO        [Frag_4              ]  imread image   2.2s  shape=(1468, 425, 474)  1183 MB
2026-05-11 23:44:57  INFO        [Frag_4              ]  imread masks   3.7s
2026-05-11 23:44:57  INFO        [Frag_4              ]  load+combine   16.4s total
2026-05-11 23:45:01  INFO      fold=1 ep=30 loss=1.5352 dice=0.0864 inc=0.046 bone=0.052 molar=0.162 ep_s=53.6 val_s=20.1
2026-05-11 23:45:53  INFO      Fold 1 ep 31: loss=1.5076  epoch=51.8s  data_wait=49.0s  gpu=2.7s
2026-05-11 23:46:45  INFO      Fold 1 ep 32: loss=1.5220  epoch=52.2s  data_wait=49.3s  gpu=2.9s
2026-05-11 23:47:37  INFO      Fold 1 ep 33: loss=1.4991  epoch=51.2s  data_wait=48.5s  gpu=2.6s
2026-05-11 23:48:29  INFO      Fold 1 ep 34: loss=1.5047  epoch=52.8s  data_wait=50.3s  gpu=2.5s
2026-05-11 23:49:21  INFO      Fold 1 ep 35: loss=1.4880  epoch=51.2s  data_wait=48.6s  gpu=2.5s
2026-05-11 23:49:22  INFO        [Frag_4              ]  imread image   1.9s  shape=(1468, 425, 474)  1183 MB
2026-05-11 23:49:36  INFO        [Frag_4              ]  imread masks   3.6s
2026-05-11 23:49:36  INFO        [Frag_4              ]  load+combine   15.6s total
2026-05-11 23:49:40  INFO      fold=1 ep=35 loss=1.4880 dice=0.1979 inc=0.071 bone=0.341 molar=0.183 ep_s=51.2 val_s=19.1
2026-05-11 23:50:32  INFO      Fold 1 ep 36: loss=1.4928  epoch=51.8s  data_wait=49.0s  gpu=2.7s
2026-05-11 23:51:25  INFO      Fold 1 ep 37: loss=1.4840  epoch=52.9s  data_wait=50.1s  gpu=2.8s
2026-05-11 23:52:19  INFO      Fold 1 ep 38: loss=1.4607  epoch=53.8s  data_wait=51.2s  gpu=2.6s
2026-05-11 23:53:13  INFO      Fold 1 ep 39: loss=1.4628  epoch=54.6s  data_wait=52.3s  gpu=2.3s
2026-05-11 23:54:03  INFO      Fold 1 ep 40: loss=1.4873  epoch=50.3s  data_wait=47.7s  gpu=2.6s
2026-05-11 23:54:06  INFO        [Frag_4              ]  imread image   2.2s  shape=(1468, 425, 474)  1183 MB
2026-05-11 23:54:19  INFO        [Frag_4              ]  imread masks   3.5s
2026-05-11 23:54:20  INFO        [Frag_4              ]  load+combine   16.3s total
2026-05-11 23:54:24  INFO      fold=1 ep=40 loss=1.4873 dice=0.2510 inc=0.238 bone=0.337 molar=0.178 ep_s=50.3 val_s=19.9
2026-05-11 23:55:17  INFO      Fold 1 ep 41: loss=1.4791  epoch=53.4s  data_wait=50.6s  gpu=2.8s
2026-05-11 23:56:09  INFO      Fold 1 ep 42: loss=1.4587  epoch=51.8s  data_wait=49.2s  gpu=2.5s
2026-05-11 23:57:05  INFO      Fold 1 ep 43: loss=1.4715  epoch=56.0s  data_wait=53.4s  gpu=2.6s
2026-05-11 23:57:59  INFO      Fold 1 ep 44: loss=1.4799  epoch=54.4s  data_wait=51.5s  gpu=2.9s
2026-05-11 23:58:54  INFO      Fold 1 ep 45: loss=1.4604  epoch=54.5s  data_wait=51.9s  gpu=2.6s
2026-05-11 23:58:56  INFO        [Frag_4              ]  imread image   2.3s  shape=(1468, 425, 474)  1183 MB
2026-05-11 23:59:10  INFO        [Frag_4              ]  imread masks   3.5s
2026-05-11 23:59:10  INFO        [Frag_4              ]  load+combine   16.2s total
2026-05-11 23:59:14  INFO      fold=1 ep=45 loss=1.4604 dice=0.2958 inc=0.245 bone=0.460 molar=0.183 ep_s=54.5 val_s=19.9
2026-05-12 00:00:08  INFO      Fold 1 ep 46: loss=1.4503  epoch=53.6s  data_wait=51.1s  gpu=2.5s
2026-05-12 00:01:01  INFO      Fold 1 ep 47: loss=1.4410  epoch=53.8s  data_wait=51.0s  gpu=2.8s
2026-05-12 00:01:56  INFO      Fold 1 ep 48: loss=1.4601  epoch=55.0s  data_wait=52.4s  gpu=2.6s
2026-05-12 00:02:50  INFO      Fold 1 ep 49: loss=1.4521  epoch=54.0s  data_wait=51.5s  gpu=2.5s
2026-05-12 00:03:44  INFO      Fold 1 ep 50: loss=1.4403  epoch=54.0s  data_wait=51.4s  gpu=2.6s
2026-05-12 00:03:47  INFO        [Frag_4              ]  imread image   2.2s  shape=(1468, 425, 474)  1183 MB
2026-05-12 00:04:00  INFO        [Frag_4              ]  imread masks   3.4s
2026-05-12 00:04:00  INFO        [Frag_4              ]  load+combine   16.1s total
2026-05-12 00:04:04  INFO      fold=1 ep=50 loss=1.4403 dice=0.3366 inc=0.387 bone=0.448 molar=0.175 ep_s=54.0 val_s=19.8
2026-05-12 00:04:58  INFO      Fold 1 ep 51: loss=1.4466  epoch=53.6s  data_wait=50.9s  gpu=2.7s
2026-05-12 00:05:53  INFO      Fold 1 ep 52: loss=1.4098  epoch=55.0s  data_wait=52.4s  gpu=2.5s
2026-05-12 00:06:47  INFO      Fold 1 ep 53: loss=1.4390  epoch=54.4s  data_wait=51.8s  gpu=2.6s
2026-05-12 00:07:41  INFO      Fold 1 ep 54: loss=1.4672  epoch=53.8s  data_wait=51.2s  gpu=2.6s
2026-05-12 00:08:35  INFO      Fold 1 ep 55: loss=1.3923  epoch=54.2s  data_wait=51.5s  gpu=2.7s
2026-05-12 00:08:38  INFO        [Frag_4              ]  imread image   2.2s  shape=(1468, 425, 474)  1183 MB
2026-05-12 00:08:51  INFO        [Frag_4              ]  imread masks   3.5s
2026-05-12 00:08:52  INFO        [Frag_4              ]  load+combine   16.2s total
2026-05-12 00:08:55  INFO      fold=1 ep=55 loss=1.3923 dice=0.2641 inc=0.322 bone=0.288 molar=0.183 ep_s=54.2 val_s=19.8
2026-05-12 00:09:49  INFO      Fold 1 ep 56: loss=1.4249  epoch=53.4s  data_wait=50.9s  gpu=2.4s
2026-05-12 00:10:44  INFO      Fold 1 ep 57: loss=1.4082  epoch=55.2s  data_wait=52.5s  gpu=2.6s
2026-05-12 00:11:38  INFO      Fold 1 ep 58: loss=1.4384  epoch=53.6s  data_wait=50.9s  gpu=2.7s
2026-05-12 00:12:27  INFO      Fold 1 ep 59: loss=1.4549  epoch=49.8s  data_wait=47.1s  gpu=2.6s
2026-05-12 00:13:21  INFO      Fold 1 ep 60: loss=1.4361  epoch=54.0s  data_wait=51.7s  gpu=2.3s
2026-05-12 00:13:24  INFO        [Frag_4              ]  imread image   2.2s  shape=(1468, 425, 474)  1183 MB
2026-05-12 00:13:37  INFO        [Frag_4              ]  imread masks   3.5s
2026-05-12 00:13:38  INFO        [Frag_4              ]  load+combine   16.2s total
2026-05-12 00:13:41  INFO      fold=1 ep=60 loss=1.4361 dice=0.2760 inc=0.322 bone=0.318 molar=0.188 ep_s=54.0 val_s=19.8
2026-05-12 00:14:34  INFO      Fold 1 ep 61: loss=1.4241  epoch=52.8s  data_wait=50.2s  gpu=2.6s
2026-05-12 00:15:27  INFO      Fold 1 ep 62: loss=1.4370  epoch=52.7s  data_wait=50.2s  gpu=2.6s
2026-05-12 00:16:21  INFO      Fold 1 ep 63: loss=1.4254  epoch=53.8s  data_wait=51.3s  gpu=2.5s
2026-05-12 00:17:14  INFO      Fold 1 ep 64: loss=1.4286  epoch=53.6s  data_wait=50.9s  gpu=2.7s
2026-05-12 00:18:07  INFO      Fold 1 ep 65: loss=1.4342  epoch=53.2s  data_wait=50.6s  gpu=2.6s
2026-05-12 00:18:10  INFO        [Frag_4              ]  imread image   2.2s  shape=(1468, 425, 474)  1183 MB
2026-05-12 00:18:23  INFO        [Frag_4              ]  imread masks   3.4s
2026-05-12 00:18:24  INFO        [Frag_4              ]  load+combine   16.1s total
2026-05-12 00:18:27  INFO      fold=1 ep=65 loss=1.4342 dice=0.3470 inc=0.420 bone=0.454 molar=0.167 ep_s=53.2 val_s=19.7
2026-05-12 00:19:18  INFO      Fold 1 ep 66: loss=1.3977  epoch=50.6s  data_wait=47.8s  gpu=2.8s
2026-05-12 00:20:12  INFO      Fold 1 ep 67: loss=1.3937  epoch=54.2s  data_wait=51.7s  gpu=2.5s
2026-05-12 00:21:07  INFO      Fold 1 ep 68: loss=1.3770  epoch=55.2s  data_wait=52.4s  gpu=2.7s
2026-05-12 00:22:02  INFO      Fold 1 ep 69: loss=1.3994  epoch=54.6s  data_wait=52.1s  gpu=2.5s
2026-05-12 00:22:55  INFO      Fold 1 ep 70: loss=1.3893  epoch=53.4s  data_wait=50.8s  gpu=2.6s
2026-05-12 00:22:58  INFO        [Frag_4              ]  imread image   2.3s  shape=(1468, 425, 474)  1183 MB
2026-05-12 00:23:11  INFO        [Frag_4              ]  imread masks   3.4s
2026-05-12 00:23:12  INFO        [Frag_4              ]  load+combine   16.1s total
2026-05-12 00:23:15  INFO      fold=1 ep=70 loss=1.3893 dice=0.3564 inc=0.426 bone=0.480 molar=0.163 ep_s=53.4 val_s=19.7
2026-05-12 00:24:08  INFO      Fold 1 ep 71: loss=1.4104  epoch=52.9s  data_wait=50.1s  gpu=2.8s
2026-05-12 00:25:03  INFO      Fold 1 ep 72: loss=1.3752  epoch=54.4s  data_wait=51.6s  gpu=2.8s
2026-05-12 00:25:55  INFO      Fold 1 ep 73: loss=1.4068  epoch=52.2s  data_wait=49.6s  gpu=2.6s
2026-05-12 00:26:48  INFO      Fold 1 ep 74: loss=1.3976  epoch=52.8s  data_wait=50.4s  gpu=2.4s
2026-05-12 00:27:42  INFO      Fold 1 ep 75: loss=1.3921  epoch=54.0s  data_wait=51.4s  gpu=2.7s
2026-05-12 00:27:44  INFO        [Frag_4              ]  imread image   2.4s  shape=(1468, 425, 474)  1183 MB
2026-05-12 00:27:58  INFO        [Frag_4              ]  imread masks   3.4s
2026-05-12 00:27:58  INFO        [Frag_4              ]  load+combine   16.3s total
2026-05-12 00:28:02  INFO      fold=1 ep=75 loss=1.3921 dice=0.2439 inc=0.283 bone=0.261 molar=0.188 ep_s=54.0 val_s=19.8
2026-05-12 00:28:53  INFO      Fold 1 ep 76: loss=1.3828  epoch=51.3s  data_wait=48.6s  gpu=2.7s
2026-05-12 00:29:44  INFO      Fold 1 ep 77: loss=1.3804  epoch=50.6s  data_wait=47.8s  gpu=2.7s
2026-05-12 00:30:38  INFO      Fold 1 ep 78: loss=1.3814  epoch=54.8s  data_wait=52.2s  gpu=2.6s
2026-05-12 00:31:34  INFO      Fold 1 ep 79: loss=1.3818  epoch=55.6s  data_wait=52.9s  gpu=2.7s
2026-05-12 00:32:28  INFO      Fold 1 ep 80: loss=1.3731  epoch=54.2s  data_wait=51.6s  gpu=2.6s
2026-05-12 00:32:31  INFO        [Frag_4              ]  imread image   2.3s  shape=(1468, 425, 474)  1183 MB
2026-05-12 00:32:44  INFO        [Frag_4              ]  imread masks   3.4s
2026-05-12 00:32:45  INFO        [Frag_4              ]  load+combine   16.3s total
2026-05-12 00:32:48  INFO      fold=1 ep=80 loss=1.3731 dice=0.3410 inc=0.388 bone=0.452 molar=0.182 ep_s=54.2 val_s=19.8
2026-05-12 00:33:42  INFO      Fold 1 ep 81: loss=1.3420  epoch=53.5s  data_wait=50.9s  gpu=2.6s
2026-05-12 00:34:35  INFO      Fold 1 ep 82: loss=1.3536  epoch=53.0s  data_wait=50.4s  gpu=2.6s
2026-05-12 00:35:27  INFO      Fold 1 ep 83: loss=1.3385  epoch=52.2s  data_wait=49.5s  gpu=2.7s
2026-05-12 00:36:18  INFO      Fold 1 ep 84: loss=1.3903  epoch=50.8s  data_wait=48.1s  gpu=2.7s
2026-05-12 00:37:09  INFO      Fold 1 ep 85: loss=1.3908  epoch=51.2s  data_wait=48.5s  gpu=2.7s
2026-05-12 00:37:11  INFO        [Frag_4              ]  imread image   2.4s  shape=(1468, 425, 474)  1183 MB
2026-05-12 00:37:25  INFO        [Frag_4              ]  imread masks   3.5s
2026-05-12 00:37:25  INFO        [Frag_4              ]  load+combine   16.5s total
2026-05-12 00:37:29  INFO      fold=1 ep=85 loss=1.3908 dice=0.2548 inc=0.316 bone=0.257 molar=0.192 ep_s=51.2 val_s=20.1
2026-05-12 00:38:19  INFO      Fold 1 ep 86: loss=1.3752  epoch=50.3s  data_wait=47.7s  gpu=2.6s
2026-05-12 00:39:10  INFO      Fold 1 ep 87: loss=1.3682  epoch=50.6s  data_wait=48.1s  gpu=2.5s
2026-05-12 00:40:04  INFO      Fold 1 ep 88: loss=1.2895  epoch=53.6s  data_wait=51.1s  gpu=2.5s
2026-05-12 00:40:57  INFO      Fold 1 ep 89: loss=1.3352  epoch=53.6s  data_wait=50.9s  gpu=2.7s
2026-05-12 00:41:48  INFO      Fold 1 ep 90: loss=1.3388  epoch=50.8s  data_wait=48.2s  gpu=2.6s
2026-05-12 00:41:50  INFO        [Frag_4              ]  imread image   2.4s  shape=(1468, 425, 474)  1183 MB
2026-05-12 00:42:04  INFO        [Frag_4              ]  imread masks   3.2s
2026-05-12 00:42:04  INFO        [Frag_4              ]  load+combine   16.2s total
2026-05-12 00:42:08  INFO      fold=1 ep=90 loss=1.3388 dice=0.4142 inc=0.368 bone=0.647 molar=0.228 ep_s=50.8 val_s=19.7
2026-05-12 00:43:01  INFO      Fold 1 ep 91: loss=1.3568  epoch=53.0s  data_wait=50.3s  gpu=2.6s
2026-05-12 00:43:55  INFO      Fold 1 ep 92: loss=1.3761  epoch=53.8s  data_wait=51.2s  gpu=2.5s
2026-05-12 00:44:49  INFO      Fold 1 ep 93: loss=1.3456  epoch=54.0s  data_wait=51.4s  gpu=2.6s
2026-05-12 00:45:42  INFO      Fold 1 ep 94: loss=1.3421  epoch=53.0s  data_wait=50.4s  gpu=2.6s
2026-05-12 00:46:36  INFO      Fold 1 ep 95: loss=1.3390  epoch=54.4s  data_wait=51.7s  gpu=2.6s
2026-05-12 00:46:39  INFO        [Frag_4              ]  imread image   2.4s  shape=(1468, 425, 474)  1183 MB
2026-05-12 00:46:52  INFO        [Frag_4              ]  imread masks   3.3s
2026-05-12 00:46:52  INFO        [Frag_4              ]  load+combine   16.3s total
2026-05-12 00:46:56  INFO      fold=1 ep=95 loss=1.3390 dice=0.4020 inc=0.505 bone=0.497 molar=0.204 ep_s=54.4 val_s=19.9
2026-05-12 00:47:51  INFO      Fold 1 ep 96: loss=1.3138  epoch=54.9s  data_wait=52.6s  gpu=2.3s
2026-05-12 00:48:44  INFO      Fold 1 ep 97: loss=1.3517  epoch=53.0s  data_wait=50.3s  gpu=2.7s
2026-05-12 00:49:36  INFO      Fold 1 ep 98: loss=1.3370  epoch=52.4s  data_wait=49.7s  gpu=2.6s
2026-05-12 00:50:30  INFO      Fold 1 ep 99: loss=1.2878  epoch=53.4s  data_wait=50.6s  gpu=2.8s
2026-05-12 00:51:24  INFO      Fold 1 ep 100: loss=1.2766  epoch=54.5s  data_wait=51.9s  gpu=2.6s
2026-05-12 00:51:27  INFO        [Frag_4              ]  imread image   2.4s  shape=(1468, 425, 474)  1183 MB
2026-05-12 00:51:40  INFO        [Frag_4              ]  imread masks   3.4s
2026-05-12 00:51:41  INFO        [Frag_4              ]  load+combine   16.2s total
2026-05-12 00:51:44  INFO      fold=1 ep=100 loss=1.2766 dice=0.3372 inc=0.395 bone=0.425 molar=0.192 ep_s=54.5 val_s=19.9
2026-05-12 00:52:40  INFO      Fold 1 ep 101: loss=1.3190  epoch=55.4s  data_wait=52.9s  gpu=2.5s
2026-05-12 00:53:35  INFO      Fold 1 ep 102: loss=1.2968  epoch=54.6s  data_wait=52.0s  gpu=2.6s
2026-05-12 00:54:27  INFO      Fold 1 ep 103: loss=1.2590  epoch=52.6s  data_wait=49.8s  gpu=2.7s
2026-05-12 00:55:19  INFO      Fold 1 ep 104: loss=1.2673  epoch=52.2s  data_wait=49.7s  gpu=2.5s
2026-05-12 00:56:10  INFO      Fold 1 ep 105: loss=1.3611  epoch=50.6s  data_wait=48.1s  gpu=2.4s
2026-05-12 00:56:12  INFO        [Frag_4              ]  imread image   2.2s  shape=(1468, 425, 474)  1183 MB
2026-05-12 00:56:25  INFO        [Frag_4              ]  imread masks   3.2s
2026-05-12 00:56:26  INFO        [Frag_4              ]  load+combine   15.8s total
2026-05-12 00:56:29  INFO      fold=1 ep=105 loss=1.3611 dice=0.3454 inc=0.445 bone=0.403 molar=0.188 ep_s=50.6 val_s=19.5
2026-05-12 00:57:24  INFO      Fold 1 ep 106: loss=1.3251  epoch=54.5s  data_wait=52.0s  gpu=2.5s
2026-05-12 00:58:16  INFO      Fold 1 ep 107: loss=1.3119  epoch=51.6s  data_wait=48.8s  gpu=2.8s
2026-05-12 00:59:08  INFO      Fold 1 ep 108: loss=1.2952  epoch=52.7s  data_wait=50.0s  gpu=2.7s
2026-05-12 01:00:00  INFO      Fold 1 ep 109: loss=1.3589  epoch=51.8s  data_wait=49.3s  gpu=2.5s
2026-05-12 01:00:52  INFO      Fold 1 ep 110: loss=1.3091  epoch=51.8s  data_wait=49.1s  gpu=2.7s
2026-05-12 01:00:54  INFO        [Frag_4              ]  imread image   2.2s  shape=(1468, 425, 474)  1183 MB
2026-05-12 01:01:07  INFO        [Frag_4              ]  imread masks   3.1s
2026-05-12 01:01:08  INFO        [Frag_4              ]  load+combine   15.9s total
2026-05-12 01:01:12  INFO      fold=1 ep=110 loss=1.3091 dice=0.4292 inc=0.579 bone=0.494 molar=0.215 ep_s=51.8 val_s=19.5
2026-05-12 01:02:05  INFO      Fold 1 ep 111: loss=1.2943  epoch=53.4s  data_wait=50.7s  gpu=2.6s
2026-05-12 01:02:56  INFO      Fold 1 ep 112: loss=1.2753  epoch=51.2s  data_wait=48.5s  gpu=2.7s
2026-05-12 01:03:48  INFO      Fold 1 ep 113: loss=1.2868  epoch=52.0s  data_wait=49.4s  gpu=2.5s
2026-05-12 01:04:39  INFO      Fold 1 ep 114: loss=1.2865  epoch=50.8s  data_wait=48.1s  gpu=2.7s
2026-05-12 01:05:33  INFO      Fold 1 ep 115: loss=1.2950  epoch=53.9s  data_wait=51.4s  gpu=2.6s
2026-05-12 01:05:35  INFO        [Frag_4              ]  imread image   2.1s  shape=(1468, 425, 474)  1183 MB
2026-05-12 01:05:49  INFO        [Frag_4              ]  imread masks   3.5s
2026-05-12 01:05:49  INFO        [Frag_4              ]  load+combine   16.1s total
2026-05-12 01:05:53  INFO      fold=1 ep=115 loss=1.2950 dice=0.3351 inc=0.419 bone=0.363 molar=0.223 ep_s=53.9 val_s=19.5
2026-05-12 01:06:47  INFO      Fold 1 ep 116: loss=1.3069  epoch=53.7s  data_wait=51.0s  gpu=2.7s
2026-05-12 01:07:44  INFO      Fold 1 ep 117: loss=1.2781  epoch=57.0s  data_wait=54.3s  gpu=2.7s
2026-05-12 01:08:39  INFO      Fold 1 ep 118: loss=1.3274  epoch=55.1s  data_wait=52.5s  gpu=2.6s
2026-05-12 01:09:34  INFO      Fold 1 ep 119: loss=1.3126  epoch=55.4s  data_wait=52.6s  gpu=2.8s
2026-05-12 01:10:28  INFO      Fold 1 ep 120: loss=1.4220  epoch=53.8s  data_wait=51.1s  gpu=2.7s
2026-05-12 01:10:30  INFO        [Frag_4              ]  imread image   2.2s  shape=(1468, 425, 474)  1183 MB
2026-05-12 01:10:44  INFO        [Frag_4              ]  imread masks   3.5s
2026-05-12 01:10:44  INFO        [Frag_4              ]  load+combine   16.1s total
2026-05-12 01:10:48  INFO      fold=1 ep=120 loss=1.4220 dice=0.3932 inc=0.529 bone=0.492 molar=0.158 ep_s=53.8 val_s=19.7
2026-05-12 01:11:41  INFO      Fold 1 ep 121: loss=1.4018  epoch=53.7s  data_wait=51.0s  gpu=2.7s
2026-05-12 01:12:36  INFO      Fold 1 ep 122: loss=1.3305  epoch=55.0s  data_wait=52.6s  gpu=2.4s
2026-05-12 01:13:30  INFO      Fold 1 ep 123: loss=1.3036  epoch=53.1s  data_wait=50.5s  gpu=2.7s
2026-05-12 01:14:24  INFO      Fold 1 ep 124: loss=1.3096  epoch=54.4s  data_wait=51.7s  gpu=2.7s
2026-05-12 01:15:17  INFO      Fold 1 ep 125: loss=1.2553  epoch=52.7s  data_wait=49.9s  gpu=2.8s
2026-05-12 01:15:19  INFO        [Frag_4              ]  imread image   2.2s  shape=(1468, 425, 474)  1183 MB
2026-05-12 01:15:32  INFO        [Frag_4              ]  imread masks   3.3s
2026-05-12 01:15:33  INFO        [Frag_4              ]  load+combine   16.1s total
2026-05-12 01:15:36  INFO      fold=1 ep=125 loss=1.2553 dice=0.3118 inc=0.519 bone=0.269 molar=0.147 ep_s=52.7 val_s=19.7
2026-05-12 01:16:29  INFO      Fold 1 ep 126: loss=1.3850  epoch=52.5s  data_wait=50.0s  gpu=2.5s
2026-05-12 01:17:22  INFO      Fold 1 ep 127: loss=1.3781  epoch=53.4s  data_wait=50.9s  gpu=2.5s
2026-05-12 01:18:18  INFO      Fold 1 ep 128: loss=1.3323  epoch=55.2s  data_wait=52.8s  gpu=2.4s
2026-05-12 01:19:11  INFO      Fold 1 ep 129: loss=1.2810  epoch=53.2s  data_wait=50.6s  gpu=2.6s
2026-05-12 01:20:02  INFO      Fold 1 ep 130: loss=1.2772  epoch=51.1s  data_wait=48.4s  gpu=2.7s
2026-05-12 01:20:04  INFO        [Frag_4              ]  imread image   2.1s  shape=(1468, 425, 474)  1183 MB
2026-05-12 01:20:18  INFO        [Frag_4              ]  imread masks   3.4s
2026-05-12 01:20:18  INFO        [Frag_4              ]  load+combine   16.1s total
2026-05-12 01:20:22  INFO      fold=1 ep=130 loss=1.2772 dice=0.4563 inc=0.535 bone=0.574 molar=0.260 ep_s=51.1 val_s=19.7
2026-05-12 01:21:14  INFO      Fold 1 ep 131: loss=1.2759  epoch=52.4s  data_wait=49.8s  gpu=2.5s
2026-05-12 01:22:06  INFO      Fold 1 ep 132: loss=1.2650  epoch=51.6s  data_wait=48.8s  gpu=2.8s
2026-05-12 01:23:00  INFO      Fold 1 ep 133: loss=1.2449  epoch=53.6s  data_wait=51.0s  gpu=2.5s
2026-05-12 01:23:53  INFO      Fold 1 ep 134: loss=1.2606  epoch=53.0s  data_wait=50.2s  gpu=2.7s
2026-05-12 01:24:45  INFO      Fold 1 ep 135: loss=1.3011  epoch=52.8s  data_wait=50.0s  gpu=2.8s
2026-05-12 01:24:48  INFO        [Frag_4              ]  imread image   2.2s  shape=(1468, 425, 474)  1183 MB
2026-05-12 01:25:01  INFO        [Frag_4              ]  imread masks   3.5s
2026-05-12 01:25:02  INFO        [Frag_4              ]  load+combine   16.2s total
2026-05-12 01:25:05  INFO      fold=1 ep=135 loss=1.3011 dice=0.4268 inc=0.422 bone=0.594 molar=0.265 ep_s=52.8 val_s=19.9
2026-05-12 01:25:58  INFO      Fold 1 ep 136: loss=1.2701  epoch=52.3s  data_wait=49.6s  gpu=2.7s
2026-05-12 01:26:50  INFO      Fold 1 ep 137: loss=1.2411  epoch=52.1s  data_wait=49.5s  gpu=2.7s
2026-05-12 01:27:40  INFO      Fold 1 ep 138: loss=1.1784  epoch=50.2s  data_wait=47.6s  gpu=2.6s
2026-05-12 01:28:34  INFO      Fold 1 ep 139: loss=1.2353  epoch=53.6s  data_wait=51.0s  gpu=2.6s
2026-05-12 01:29:29  INFO      Fold 1 ep 140: loss=1.2532  epoch=55.1s  data_wait=52.3s  gpu=2.8s
2026-05-12 01:29:31  INFO        [Frag_4              ]  imread image   2.3s  shape=(1468, 425, 474)  1183 MB
2026-05-12 01:29:45  INFO        [Frag_4              ]  imread masks   3.5s
2026-05-12 01:29:45  INFO        [Frag_4              ]  load+combine   16.2s total
2026-05-12 01:29:49  INFO      fold=1 ep=140 loss=1.2532 dice=0.4562 inc=0.635 bone=0.491 molar=0.243 ep_s=55.1 val_s=19.9
2026-05-12 01:30:44  INFO      Fold 1 ep 141: loss=1.1873  epoch=54.7s  data_wait=52.0s  gpu=2.7s
2026-05-12 01:31:38  INFO      Fold 1 ep 142: loss=1.2186  epoch=54.0s  data_wait=51.3s  gpu=2.6s
2026-05-12 01:32:35  INFO      Fold 1 ep 143: loss=1.2443  epoch=57.0s  data_wait=54.1s  gpu=2.9s
2026-05-12 01:33:29  INFO      Fold 1 ep 144: loss=1.2084  epoch=54.2s  data_wait=51.7s  gpu=2.5s
2026-05-12 01:34:21  INFO      Fold 1 ep 145: loss=1.2175  epoch=52.6s  data_wait=50.1s  gpu=2.4s
2026-05-12 01:34:24  INFO        [Frag_4              ]  imread image   2.3s  shape=(1468, 425, 474)  1183 MB
2026-05-12 01:34:37  INFO        [Frag_4              ]  imread masks   3.4s
2026-05-12 01:34:37  INFO        [Frag_4              ]  load+combine   16.1s total
2026-05-12 01:34:41  INFO      fold=1 ep=145 loss=1.2175 dice=0.5339 inc=0.674 bone=0.642 molar=0.286 ep_s=52.6 val_s=19.7
2026-05-12 01:35:35  INFO      Fold 1 ep 146: loss=1.2294  epoch=53.9s  data_wait=51.4s  gpu=2.6s
2026-05-12 01:36:29  INFO      Fold 1 ep 147: loss=1.2551  epoch=53.8s  data_wait=51.0s  gpu=2.8s
2026-05-12 01:37:23  INFO      Fold 1 ep 148: loss=1.2147  epoch=53.6s  data_wait=51.0s  gpu=2.6s
2026-05-12 01:38:17  INFO      Fold 1 ep 149: loss=1.2406  epoch=54.6s  data_wait=51.9s  gpu=2.7s
2026-05-12 01:39:09  INFO      Fold 1 ep 150: loss=1.2074  epoch=51.9s  data_wait=49.1s  gpu=2.8s
2026-05-12 01:39:12  INFO        [Frag_4              ]  imread image   2.2s  shape=(1468, 425, 474)  1183 MB
2026-05-12 01:39:25  INFO        [Frag_4              ]  imread masks   3.3s
2026-05-12 01:39:26  INFO        [Frag_4              ]  load+combine   16.2s total
2026-05-12 01:39:29  INFO      fold=1 ep=150 loss=1.2074 dice=0.3831 inc=0.527 bone=0.512 molar=0.110 ep_s=51.9 val_s=19.9
2026-05-12 01:40:22  INFO      Fold 1 ep 151: loss=1.2049  epoch=52.5s  data_wait=49.8s  gpu=2.7s
2026-05-12 01:41:16  INFO      Fold 1 ep 152: loss=1.2241  epoch=54.0s  data_wait=51.2s  gpu=2.7s
2026-05-12 01:42:12  INFO      Fold 1 ep 153: loss=1.1767  epoch=56.4s  data_wait=53.9s  gpu=2.5s
2026-05-12 01:43:06  INFO      Fold 1 ep 154: loss=1.3410  epoch=54.0s  data_wait=51.2s  gpu=2.7s
2026-05-12 01:43:58  INFO      Fold 1 ep 155: loss=1.3011  epoch=52.0s  data_wait=49.5s  gpu=2.5s
2026-05-12 01:44:01  INFO        [Frag_4              ]  imread image   2.4s  shape=(1468, 425, 474)  1183 MB
2026-05-12 01:44:14  INFO        [Frag_4              ]  imread masks   3.2s
2026-05-12 01:44:14  INFO        [Frag_4              ]  load+combine   15.9s total
2026-05-12 01:44:18  INFO      fold=1 ep=155 loss=1.3011 dice=0.4648 inc=0.603 bone=0.601 molar=0.190 ep_s=52.0 val_s=19.5
2026-05-12 01:45:09  INFO      Fold 1 ep 156: loss=1.2801  epoch=51.1s  data_wait=48.6s  gpu=2.5s
2026-05-12 01:46:02  INFO      Fold 1 ep 157: loss=1.2061  epoch=53.4s  data_wait=50.6s  gpu=2.8s
2026-05-12 01:46:53  INFO      Fold 1 ep 158: loss=1.2009  epoch=51.0s  data_wait=48.1s  gpu=2.9s
2026-05-12 01:47:46  INFO      Fold 1 ep 159: loss=1.2244  epoch=52.6s  data_wait=50.0s  gpu=2.6s
2026-05-12 01:48:37  INFO      Fold 1 ep 160: loss=1.1907  epoch=51.2s  data_wait=48.5s  gpu=2.7s
2026-05-12 01:48:39  INFO        [Frag_4              ]  imread image   2.2s  shape=(1468, 425, 474)  1183 MB
2026-05-12 01:48:53  INFO        [Frag_4              ]  imread masks   3.1s
2026-05-12 01:48:53  INFO        [Frag_4              ]  load+combine   15.9s total
2026-05-12 01:48:57  INFO      fold=1 ep=160 loss=1.1907 dice=0.4785 inc=0.643 bone=0.538 molar=0.254 ep_s=51.2 val_s=19.6
2026-05-12 01:49:49  INFO      Fold 1 ep 161: loss=1.1167  epoch=52.1s  data_wait=49.5s  gpu=2.7s
2026-05-12 01:50:39  INFO      Fold 1 ep 162: loss=1.1945  epoch=50.0s  data_wait=47.4s  gpu=2.6s
2026-05-12 01:51:33  INFO      Fold 1 ep 163: loss=1.2009  epoch=54.0s  data_wait=51.4s  gpu=2.6s
2026-05-12 01:52:27  INFO      Fold 1 ep 164: loss=1.1603  epoch=54.1s  data_wait=51.6s  gpu=2.5s
2026-05-12 01:53:24  INFO      Fold 1 ep 165: loss=1.1524  epoch=56.4s  data_wait=53.8s  gpu=2.6s
2026-05-12 01:53:26  INFO        [Frag_4              ]  imread image   2.2s  shape=(1468, 425, 474)  1183 MB
2026-05-12 01:53:39  INFO        [Frag_4              ]  imread masks   3.4s
2026-05-12 01:53:40  INFO        [Frag_4              ]  load+combine   15.9s total
2026-05-12 01:53:43  INFO      fold=1 ep=165 loss=1.1524 dice=0.6318 inc=0.694 bone=0.806 molar=0.396 ep_s=56.4 val_s=19.5
2026-05-12 01:54:37  INFO      Fold 1 ep 166: loss=1.1807  epoch=53.5s  data_wait=51.0s  gpu=2.6s
2026-05-12 01:55:31  INFO      Fold 1 ep 167: loss=1.1322  epoch=54.1s  data_wait=51.6s  gpu=2.5s
2026-05-12 01:56:25  INFO      Fold 1 ep 168: loss=1.1391  epoch=53.6s  data_wait=51.0s  gpu=2.5s
2026-05-12 01:57:21  INFO      Fold 1 ep 169: loss=1.1483  epoch=55.8s  data_wait=53.1s  gpu=2.7s
2026-05-12 01:58:14  INFO      Fold 1 ep 170: loss=1.1192  epoch=53.5s  data_wait=51.0s  gpu=2.5s
2026-05-12 01:58:16  INFO        [Frag_4              ]  imread image   2.2s  shape=(1468, 425, 474)  1183 MB
2026-05-12 01:58:30  INFO        [Frag_4              ]  imread masks   3.2s
2026-05-12 01:58:30  INFO        [Frag_4              ]  load+combine   16.1s total
2026-05-12 01:58:34  INFO      fold=1 ep=170 loss=1.1192 dice=0.6319 inc=0.838 bone=0.694 molar=0.364 ep_s=53.5 val_s=19.9
2026-05-12 01:59:29  INFO      Fold 1 ep 171: loss=1.1516  epoch=54.1s  data_wait=51.7s  gpu=2.5s
2026-05-12 02:00:21  INFO      Fold 1 ep 172: loss=1.1009  epoch=52.3s  data_wait=49.7s  gpu=2.6s
2026-05-12 02:01:15  INFO      Fold 1 ep 173: loss=1.1744  epoch=53.6s  data_wait=51.2s  gpu=2.4s
2026-05-12 02:02:07  INFO      Fold 1 ep 174: loss=1.1067  epoch=52.2s  data_wait=49.6s  gpu=2.6s
2026-05-12 02:03:00  INFO      Fold 1 ep 175: loss=1.0848  epoch=53.8s  data_wait=51.3s  gpu=2.5s
2026-05-12 02:03:03  INFO        [Frag_4              ]  imread image   2.2s  shape=(1468, 425, 474)  1183 MB
2026-05-12 02:03:16  INFO        [Frag_4              ]  imread masks   3.7s
2026-05-12 02:03:17  INFO        [Frag_4              ]  load+combine   16.1s total
2026-05-12 02:03:20  INFO      fold=1 ep=175 loss=1.0848 dice=0.5560 inc=0.780 bone=0.556 molar=0.331 ep_s=53.8 val_s=19.7
2026-05-12 02:04:14  INFO      Fold 1 ep 176: loss=1.0526  epoch=53.5s  data_wait=50.8s  gpu=2.6s
2026-05-12 02:05:08  INFO      Fold 1 ep 177: loss=1.1991  epoch=54.2s  data_wait=51.4s  gpu=2.8s
2026-05-12 02:06:02  INFO      Fold 1 ep 178: loss=1.1467  epoch=53.8s  data_wait=51.1s  gpu=2.7s
2026-05-12 02:06:54  INFO      Fold 1 ep 179: loss=1.1783  epoch=51.9s  data_wait=49.3s  gpu=2.6s
2026-05-12 02:07:46  INFO      Fold 1 ep 180: loss=1.0923  epoch=52.6s  data_wait=49.9s  gpu=2.7s
2026-05-12 02:07:49  INFO        [Frag_4              ]  imread image   2.3s  shape=(1468, 425, 474)  1183 MB
2026-05-12 02:08:02  INFO        [Frag_4              ]  imread masks   3.3s
2026-05-12 02:08:02  INFO        [Frag_4              ]  load+combine   15.9s total
2026-05-12 02:08:06  INFO      fold=1 ep=180 loss=1.0923 dice=0.5553 inc=0.716 bone=0.608 molar=0.342 ep_s=52.6 val_s=19.6
2026-05-12 02:08:59  INFO      Fold 1 ep 181: loss=1.1481  epoch=53.0s  data_wait=50.4s  gpu=2.6s
2026-05-12 02:09:55  INFO      Fold 1 ep 182: loss=1.1513  epoch=55.3s  data_wait=52.7s  gpu=2.7s
2026-05-12 02:10:47  INFO      Fold 1 ep 183: loss=1.1256  epoch=52.8s  data_wait=50.0s  gpu=2.8s
2026-05-12 02:11:41  INFO      Fold 1 ep 184: loss=1.0652  epoch=53.6s  data_wait=51.0s  gpu=2.6s
2026-05-12 02:12:31  INFO      Fold 1 ep 185: loss=1.0626  epoch=50.0s  data_wait=47.3s  gpu=2.6s
2026-05-12 02:12:33  INFO        [Frag_4              ]  imread image   2.2s  shape=(1468, 425, 474)  1183 MB
2026-05-12 02:12:47  INFO        [Frag_4              ]  imread masks   3.7s
2026-05-12 02:12:47  INFO        [Frag_4              ]  load+combine   16.1s total
2026-05-12 02:12:51  INFO      fold=1 ep=185 loss=1.0626 dice=0.6377 inc=0.820 bone=0.713 molar=0.381 ep_s=50.0 val_s=19.7
2026-05-12 02:13:41  INFO      Fold 1 ep 186: loss=1.0484  epoch=50.2s  data_wait=47.6s  gpu=2.6s
2026-05-12 02:14:36  INFO      Fold 1 ep 187: loss=1.0295  epoch=54.8s  data_wait=52.4s  gpu=2.4s
2026-05-12 02:15:29  INFO      Fold 1 ep 188: loss=1.0375  epoch=53.4s  data_wait=50.8s  gpu=2.6s
2026-05-12 02:16:22  INFO      Fold 1 ep 189: loss=1.0574  epoch=52.6s  data_wait=50.1s  gpu=2.5s
2026-05-12 02:17:18  INFO      Fold 1 ep 190: loss=1.0308  epoch=55.8s  data_wait=53.2s  gpu=2.6s
2026-05-12 02:17:20  INFO        [Frag_4              ]  imread image   2.2s  shape=(1468, 425, 474)  1183 MB
2026-05-12 02:17:33  INFO        [Frag_4              ]  imread masks   3.3s
2026-05-12 02:17:34  INFO        [Frag_4              ]  load+combine   16.1s total
2026-05-12 02:17:38  INFO      fold=1 ep=190 loss=1.0308 dice=0.6440 inc=0.838 bone=0.709 molar=0.385 ep_s=55.8 val_s=19.8
2026-05-12 02:18:30  INFO      Fold 1 ep 191: loss=1.0660  epoch=52.4s  data_wait=49.6s  gpu=2.9s
2026-05-12 02:19:22  INFO      Fold 1 ep 192: loss=1.0101  epoch=51.8s  data_wait=49.3s  gpu=2.5s
2026-05-12 02:20:16  INFO      Fold 1 ep 193: loss=0.9821  epoch=54.2s  data_wait=51.6s  gpu=2.5s
2026-05-12 02:21:11  INFO      Fold 1 ep 194: loss=1.0470  epoch=55.0s  data_wait=52.4s  gpu=2.5s
2026-05-12 02:22:04  INFO      Fold 1 ep 195: loss=1.0672  epoch=53.0s  data_wait=50.5s  gpu=2.5s
2026-05-12 02:22:06  INFO        [Frag_4              ]  imread image   2.2s  shape=(1468, 425, 474)  1183 MB
2026-05-12 02:22:20  INFO        [Frag_4              ]  imread masks   3.5s
2026-05-12 02:22:20  INFO        [Frag_4              ]  load+combine   16.0s total
2026-05-12 02:22:24  INFO      fold=1 ep=195 loss=1.0672 dice=0.6899 inc=0.854 bone=0.779 molar=0.436 ep_s=53.0 val_s=19.6
2026-05-12 02:23:19  INFO      Fold 1 ep 196: loss=1.0112  epoch=54.6s  data_wait=52.0s  gpu=2.6s
2026-05-12 02:24:13  INFO      Fold 1 ep 197: loss=0.9546  epoch=54.8s  data_wait=52.2s  gpu=2.6s
2026-05-12 02:25:07  INFO      Fold 1 ep 198: loss=1.0841  epoch=53.2s  data_wait=50.6s  gpu=2.6s
2026-05-12 02:26:01  INFO      Fold 1 ep 199: loss=1.0571  epoch=54.8s  data_wait=52.0s  gpu=2.7s
2026-05-12 02:26:56  INFO      Fold 1 ep 200: loss=0.9705  epoch=54.2s  data_wait=51.4s  gpu=2.8s
2026-05-12 02:26:58  INFO        [Frag_4              ]  imread image   2.3s  shape=(1468, 425, 474)  1183 MB
2026-05-12 02:27:11  INFO        [Frag_4              ]  imread masks   3.2s
2026-05-12 02:27:11  INFO        [Frag_4              ]  load+combine   15.5s total
2026-05-12 02:27:15  INFO      fold=1 ep=200 loss=0.9705 dice=0.6106 inc=0.732 bone=0.772 molar=0.328 ep_s=54.2 val_s=19.2
2026-05-12 02:28:10  INFO      Fold 1 ep 201: loss=1.1087  epoch=55.2s  data_wait=52.5s  gpu=2.7s
2026-05-12 02:29:05  INFO      Fold 1 ep 202: loss=1.0950  epoch=55.0s  data_wait=52.4s  gpu=2.6s
2026-05-12 02:29:57  INFO      Fold 1 ep 203: loss=1.0538  epoch=51.5s  data_wait=49.0s  gpu=2.5s
2026-05-12 02:30:50  INFO      Fold 1 ep 204: loss=1.0228  epoch=53.2s  data_wait=50.5s  gpu=2.6s
2026-05-12 02:31:42  INFO      Fold 1 ep 205: loss=1.0105  epoch=52.4s  data_wait=49.6s  gpu=2.8s
2026-05-12 02:31:45  INFO        [Frag_4              ]  imread image   2.4s  shape=(1468, 425, 474)  1183 MB
2026-05-12 02:31:58  INFO        [Frag_4              ]  imread masks   3.5s
2026-05-12 02:31:58  INFO        [Frag_4              ]  load+combine   16.1s total
2026-05-12 02:32:02  INFO      fold=1 ep=205 loss=1.0105 dice=0.6186 inc=0.856 bone=0.640 molar=0.359 ep_s=52.4 val_s=19.7
2026-05-12 02:32:55  INFO      Fold 1 ep 206: loss=1.1166  epoch=52.5s  data_wait=50.0s  gpu=2.5s
2026-05-12 02:33:49  INFO      Fold 1 ep 207: loss=1.1208  epoch=54.2s  data_wait=51.6s  gpu=2.6s
2026-05-12 02:34:39  INFO      Fold 1 ep 208: loss=1.0420  epoch=50.6s  data_wait=48.1s  gpu=2.5s
2026-05-12 02:35:31  INFO      Fold 1 ep 209: loss=1.0588  epoch=51.6s  data_wait=49.1s  gpu=2.4s
2026-05-12 02:36:23  INFO      Fold 1 ep 210: loss=0.9830  epoch=52.1s  data_wait=49.5s  gpu=2.6s
2026-05-12 02:36:26  INFO        [Frag_4              ]  imread image   2.4s  shape=(1468, 425, 474)  1183 MB
2026-05-12 02:36:39  INFO        [Frag_4              ]  imread masks   3.2s
2026-05-12 02:36:39  INFO        [Frag_4              ]  load+combine   16.1s total
2026-05-12 02:36:43  INFO      fold=1 ep=210 loss=0.9830 dice=0.5924 inc=0.832 bone=0.593 molar=0.352 ep_s=52.1 val_s=19.7
2026-05-12 02:37:38  INFO      Fold 1 ep 211: loss=0.9768  epoch=54.7s  data_wait=52.1s  gpu=2.6s
2026-05-12 02:38:33  INFO      Fold 1 ep 212: loss=0.9667  epoch=55.3s  data_wait=52.7s  gpu=2.6s
2026-05-12 02:39:25  INFO      Fold 1 ep 213: loss=1.0481  epoch=51.8s  data_wait=49.0s  gpu=2.8s
2026-05-12 02:40:18  INFO      Fold 1 ep 214: loss=1.0707  epoch=53.0s  data_wait=50.4s  gpu=2.6s
2026-05-12 02:41:12  INFO      Fold 1 ep 215: loss=1.0686  epoch=54.0s  data_wait=51.3s  gpu=2.6s
2026-05-12 02:41:14  INFO        [Frag_4              ]  imread image   2.2s  shape=(1468, 425, 474)  1183 MB
2026-05-12 02:41:28  INFO        [Frag_4              ]  imread masks   3.6s
2026-05-12 02:41:28  INFO        [Frag_4              ]  load+combine   16.0s total
2026-05-12 02:41:32  INFO      fold=1 ep=215 loss=1.0686 dice=0.6820 inc=0.864 bone=0.759 molar=0.424 ep_s=54.0 val_s=19.8
2026-05-12 02:42:27  INFO      Fold 1 ep 216: loss=1.0070  epoch=54.8s  data_wait=52.2s  gpu=2.5s
2026-05-12 02:43:22  INFO      Fold 1 ep 217: loss=1.0012  epoch=55.2s  data_wait=52.4s  gpu=2.7s
2026-05-12 02:44:14  INFO      Fold 1 ep 218: loss=1.0368  epoch=52.0s  data_wait=49.5s  gpu=2.5s
2026-05-12 02:45:06  INFO      Fold 1 ep 219: loss=1.0255  epoch=51.8s  data_wait=49.1s  gpu=2.7s
2026-05-12 02:45:57  INFO      Fold 1 ep 220: loss=1.0009  epoch=51.4s  data_wait=48.7s  gpu=2.7s
2026-05-12 02:45:59  INFO        [Frag_4              ]  imread image   2.2s  shape=(1468, 425, 474)  1183 MB
2026-05-12 02:46:13  INFO        [Frag_4              ]  imread masks   3.4s
2026-05-12 02:46:13  INFO        [Frag_4              ]  load+combine   16.1s total
2026-05-12 02:46:17  INFO      fold=1 ep=220 loss=1.0009 dice=0.7164 inc=0.837 bone=0.832 molar=0.480 ep_s=51.4 val_s=19.8
2026-05-12 02:47:10  INFO      Fold 1 ep 221: loss=0.9730  epoch=52.8s  data_wait=50.2s  gpu=2.6s
2026-05-12 02:48:02  INFO      Fold 1 ep 222: loss=1.0973  epoch=52.0s  data_wait=49.4s  gpu=2.6s
2026-05-12 02:48:53  INFO      Fold 1 ep 223: loss=1.0041  epoch=51.4s  data_wait=48.8s  gpu=2.5s
2026-05-12 02:49:47  INFO      Fold 1 ep 224: loss=0.9561  epoch=53.2s  data_wait=50.7s  gpu=2.5s
2026-05-12 02:50:40  INFO      Fold 1 ep 225: loss=0.9804  epoch=53.8s  data_wait=51.3s  gpu=2.4s
2026-05-12 02:50:43  INFO        [Frag_4              ]  imread image   2.2s  shape=(1468, 425, 474)  1183 MB
2026-05-12 02:50:56  INFO        [Frag_4              ]  imread masks   3.7s
2026-05-12 02:50:57  INFO        [Frag_4              ]  load+combine   16.1s total
2026-05-12 02:51:00  INFO      fold=1 ep=225 loss=0.9804 dice=0.7044 inc=0.801 bone=0.780 molar=0.532 ep_s=53.8 val_s=19.7
2026-05-12 02:51:56  INFO      Fold 1 ep 226: loss=0.9900  epoch=55.5s  data_wait=52.7s  gpu=2.7s
2026-05-12 02:52:48  INFO      Fold 1 ep 227: loss=0.9558  epoch=52.4s  data_wait=49.7s  gpu=2.6s
2026-05-12 02:53:40  INFO      Fold 1 ep 228: loss=1.0342  epoch=51.8s  data_wait=49.1s  gpu=2.7s
2026-05-12 02:54:31  INFO      Fold 1 ep 229: loss=0.9867  epoch=50.8s  data_wait=48.3s  gpu=2.5s
2026-05-12 02:55:23  INFO      Fold 1 ep 230: loss=0.9886  epoch=52.2s  data_wait=49.6s  gpu=2.5s
2026-05-12 02:55:25  INFO        [Frag_4              ]  imread image   2.2s  shape=(1468, 425, 474)  1183 MB
2026-05-12 02:55:39  INFO        [Frag_4              ]  imread masks   3.3s
2026-05-12 02:55:39  INFO        [Frag_4              ]  load+combine   16.2s total
2026-05-12 02:55:43  INFO      fold=1 ep=230 loss=0.9886 dice=0.7711 inc=0.804 bone=0.919 molar=0.591 ep_s=52.2 val_s=19.8
2026-05-12 02:56:35  INFO      Fold 1 ep 231: loss=1.0959  epoch=51.8s  data_wait=49.1s  gpu=2.7s
2026-05-12 02:57:28  INFO      Fold 1 ep 232: loss=1.0360  epoch=53.6s  data_wait=51.1s  gpu=2.5s
2026-05-12 02:58:22  INFO      Fold 1 ep 233: loss=0.9747  epoch=53.6s  data_wait=51.1s  gpu=2.5s
2026-05-12 02:59:12  INFO      Fold 1 ep 234: loss=0.9473  epoch=49.6s  data_wait=47.1s  gpu=2.5s
2026-05-12 03:00:06  INFO      Fold 1 ep 235: loss=0.9608  epoch=54.6s  data_wait=52.1s  gpu=2.5s
2026-05-12 03:00:08  INFO        [Frag_4              ]  imread image   2.2s  shape=(1468, 425, 474)  1183 MB
2026-05-12 03:00:22  INFO        [Frag_4              ]  imread masks   3.5s
2026-05-12 03:00:22  INFO        [Frag_4              ]  load+combine   15.9s total
2026-05-12 03:00:26  INFO      fold=1 ep=235 loss=0.9608 dice=0.7710 inc=0.896 bone=0.850 molar=0.567 ep_s=54.6 val_s=19.5
2026-05-12 03:01:22  INFO      Fold 1 ep 236: loss=0.9449  epoch=56.1s  data_wait=53.4s  gpu=2.6s
2026-05-12 03:02:16  INFO      Fold 1 ep 237: loss=0.9655  epoch=54.4s  data_wait=52.0s  gpu=2.4s
2026-05-12 03:03:13  INFO      Fold 1 ep 238: loss=1.0193  epoch=56.9s  data_wait=54.4s  gpu=2.6s
2026-05-12 03:04:06  INFO      Fold 1 ep 239: loss=0.9849  epoch=53.2s  data_wait=50.5s  gpu=2.6s
2026-05-12 03:05:01  INFO      Fold 1 ep 240: loss=0.9531  epoch=54.6s  data_wait=51.6s  gpu=3.0s
2026-05-12 03:05:03  INFO        [Frag_4              ]  imread image   2.2s  shape=(1468, 425, 474)  1183 MB
2026-05-12 03:05:17  INFO        [Frag_4              ]  imread masks   3.3s
2026-05-12 03:05:17  INFO        [Frag_4              ]  load+combine   16.1s total
2026-05-12 03:05:21  INFO      fold=1 ep=240 loss=0.9531 dice=0.6372 inc=0.822 bone=0.701 molar=0.389 ep_s=54.6 val_s=19.8
2026-05-12 03:06:16  INFO      Fold 1 ep 241: loss=0.9207  epoch=54.8s  data_wait=52.3s  gpu=2.5s
2026-05-12 03:07:13  INFO      Fold 1 ep 242: loss=0.9268  epoch=56.8s  data_wait=54.1s  gpu=2.7s
2026-05-12 03:08:08  INFO      Fold 1 ep 243: loss=0.8855  epoch=55.4s  data_wait=53.0s  gpu=2.3s
2026-05-12 03:09:05  INFO      Fold 1 ep 244: loss=0.8675  epoch=57.0s  data_wait=54.4s  gpu=2.6s
2026-05-12 03:09:59  INFO      Fold 1 ep 245: loss=0.9425  epoch=53.8s  data_wait=51.1s  gpu=2.7s
2026-05-12 03:10:01  INFO        [Frag_4              ]  imread image   2.2s  shape=(1468, 425, 474)  1183 MB
2026-05-12 03:10:14  INFO        [Frag_4              ]  imread masks   3.5s
2026-05-12 03:10:15  INFO        [Frag_4              ]  load+combine   15.9s total
2026-05-12 03:10:19  INFO      fold=1 ep=245 loss=0.9425 dice=0.7770 inc=0.885 bone=0.858 molar=0.587 ep_s=53.8 val_s=19.5
2026-05-12 03:11:14  INFO      Fold 1 ep 246: loss=0.8988  epoch=55.5s  data_wait=52.9s  gpu=2.6s
2026-05-12 03:12:07  INFO      Fold 1 ep 247: loss=0.8875  epoch=53.2s  data_wait=50.6s  gpu=2.6s
2026-05-12 03:13:02  INFO      Fold 1 ep 248: loss=0.9034  epoch=54.6s  data_wait=52.1s  gpu=2.5s
2026-05-12 03:13:55  INFO      Fold 1 ep 249: loss=0.9609  epoch=53.0s  data_wait=50.4s  gpu=2.6s
2026-05-12 03:14:49  INFO      Fold 1 ep 250: loss=0.9005  epoch=53.8s  data_wait=51.0s  gpu=2.8s
2026-05-12 03:14:51  INFO        [Frag_4              ]  imread image   2.2s  shape=(1468, 425, 474)  1183 MB
2026-05-12 03:15:04  INFO        [Frag_4              ]  imread masks   3.3s
2026-05-12 03:15:05  INFO        [Frag_4              ]  load+combine   16.0s total
2026-05-12 03:15:08  INFO      fold=1 ep=250 loss=0.9005 dice=0.6882 inc=0.879 bone=0.742 molar=0.443 ep_s=53.8 val_s=19.7
2026-05-12 03:16:02  INFO      Fold 1 ep 251: loss=0.8817  epoch=53.6s  data_wait=51.1s  gpu=2.5s
2026-05-12 03:16:54  INFO      Fold 1 ep 252: loss=0.8336  epoch=51.4s  data_wait=48.7s  gpu=2.7s
2026-05-12 03:17:42  INFO      Fold 1 ep 253: loss=0.8607  epoch=48.2s  data_wait=45.4s  gpu=2.7s
2026-05-12 03:18:29  INFO      Fold 1 ep 254: loss=0.8933  epoch=47.4s  data_wait=44.7s  gpu=2.6s
2026-05-12 03:19:20  INFO      Fold 1 ep 255: loss=0.8944  epoch=50.4s  data_wait=47.7s  gpu=2.7s
2026-05-12 03:19:22  INFO        [Frag_4              ]  imread image   2.3s  shape=(1468, 425, 474)  1183 MB
2026-05-12 03:19:35  INFO        [Frag_4              ]  imread masks   3.6s
2026-05-12 03:19:36  INFO        [Frag_4              ]  load+combine   16.0s total
2026-05-12 03:19:39  INFO      fold=1 ep=255 loss=0.8944 dice=0.7942 inc=0.876 bone=0.878 molar=0.629 ep_s=50.4 val_s=19.7
2026-05-12 03:20:32  INFO      Fold 1 ep 256: loss=0.8812  epoch=52.4s  data_wait=49.7s  gpu=2.7s
2026-05-12 03:21:22  INFO      Fold 1 ep 257: loss=0.9140  epoch=50.4s  data_wait=48.0s  gpu=2.3s
2026-05-12 03:22:14  INFO      Fold 1 ep 258: loss=0.8930  epoch=51.2s  data_wait=48.5s  gpu=2.7s
2026-05-12 03:23:05  INFO      Fold 1 ep 259: loss=0.8760  epoch=51.8s  data_wait=49.3s  gpu=2.5s
2026-05-12 03:23:59  INFO      Fold 1 ep 260: loss=0.8700  epoch=53.4s  data_wait=50.7s  gpu=2.6s
2026-05-12 03:24:01  INFO        [Frag_4              ]  imread image   2.2s  shape=(1468, 425, 474)  1183 MB
2026-05-12 03:24:14  INFO        [Frag_4              ]  imread masks   3.3s
2026-05-12 03:24:15  INFO        [Frag_4              ]  load+combine   16.1s total
2026-05-12 03:24:18  INFO      fold=1 ep=260 loss=0.8700 dice=0.7245 inc=0.848 bone=0.815 molar=0.511 ep_s=53.4 val_s=19.8
2026-05-12 03:25:12  INFO      Fold 1 ep 261: loss=0.8761  epoch=53.2s  data_wait=50.7s  gpu=2.5s
2026-05-12 03:26:07  INFO      Fold 1 ep 262: loss=0.8957  epoch=55.2s  data_wait=52.7s  gpu=2.5s
2026-05-12 03:27:00  INFO      Fold 1 ep 263: loss=0.8183  epoch=53.0s  data_wait=50.4s  gpu=2.6s
2026-05-12 03:27:54  INFO      Fold 1 ep 264: loss=0.8619  epoch=53.6s  data_wait=51.0s  gpu=2.6s
2026-05-12 03:28:48  INFO      Fold 1 ep 265: loss=0.8832  epoch=54.8s  data_wait=52.3s  gpu=2.5s
2026-05-12 03:28:51  INFO        [Frag_4              ]  imread image   2.2s  shape=(1468, 425, 474)  1183 MB
2026-05-12 03:29:04  INFO        [Frag_4              ]  imread masks   3.7s
2026-05-12 03:29:05  INFO        [Frag_4              ]  load+combine   16.1s total
2026-05-12 03:29:08  INFO      fold=1 ep=265 loss=0.8832 dice=0.6637 inc=0.822 bone=0.734 molar=0.434 ep_s=54.8 val_s=19.7
2026-05-12 03:30:02  INFO      Fold 1 ep 266: loss=0.9000  epoch=53.7s  data_wait=51.2s  gpu=2.5s
2026-05-12 03:30:54  INFO      Fold 1 ep 267: loss=0.9074  epoch=51.5s  data_wait=49.1s  gpu=2.4s
2026-05-12 03:31:45  INFO      Fold 1 ep 268: loss=0.8328  epoch=51.8s  data_wait=49.2s  gpu=2.6s
2026-05-12 03:32:40  INFO      Fold 1 ep 269: loss=0.8488  epoch=54.8s  data_wait=52.3s  gpu=2.6s
2026-05-12 03:33:35  INFO      Fold 1 ep 270: loss=0.8527  epoch=54.6s  data_wait=52.0s  gpu=2.6s
2026-05-12 03:33:37  INFO        [Frag_4              ]  imread image   2.2s  shape=(1468, 425, 474)  1183 MB
2026-05-12 03:33:50  INFO        [Frag_4              ]  imread masks   3.4s
2026-05-12 03:33:51  INFO        [Frag_4              ]  load+combine   16.2s total
2026-05-12 03:33:55  INFO      fold=1 ep=270 loss=0.8527 dice=0.8045 inc=0.885 bone=0.910 molar=0.619 ep_s=54.6 val_s=19.8
2026-05-12 03:34:49  INFO      Fold 1 ep 271: loss=0.8367  epoch=54.3s  data_wait=51.9s  gpu=2.4s
2026-05-12 03:35:43  INFO      Fold 1 ep 272: loss=0.8703  epoch=53.6s  data_wait=50.9s  gpu=2.7s
2026-05-12 03:36:38  INFO      Fold 1 ep 273: loss=0.9165  epoch=55.1s  data_wait=52.6s  gpu=2.6s
2026-05-12 03:37:32  INFO      Fold 1 ep 274: loss=0.8688  epoch=54.0s  data_wait=51.2s  gpu=2.7s
2026-05-12 03:38:22  INFO      Fold 1 ep 275: loss=0.8569  epoch=50.6s  data_wait=48.0s  gpu=2.6s
2026-05-12 03:38:25  INFO        [Frag_4              ]  imread image   2.3s  shape=(1468, 425, 474)  1183 MB
2026-05-12 03:38:38  INFO        [Frag_4              ]  imread masks   3.7s
2026-05-12 03:38:39  INFO        [Frag_4              ]  load+combine   16.2s total
2026-05-12 03:38:42  INFO      fold=1 ep=275 loss=0.8569 dice=0.8012 inc=0.892 bone=0.899 molar=0.613 ep_s=50.6 val_s=19.8
2026-05-12 03:39:33  INFO      Fold 1 ep 276: loss=0.8250  epoch=50.8s  data_wait=48.1s  gpu=2.6s
2026-05-12 03:40:26  INFO      Fold 1 ep 277: loss=0.8518  epoch=52.8s  data_wait=49.9s  gpu=2.9s
2026-05-12 03:41:17  INFO      Fold 1 ep 278: loss=0.8313  epoch=51.2s  data_wait=48.6s  gpu=2.6s
2026-05-12 03:42:09  INFO      Fold 1 ep 279: loss=0.8433  epoch=51.3s  data_wait=48.7s  gpu=2.7s
2026-05-12 03:43:01  INFO      Fold 1 ep 280: loss=0.7815  epoch=52.8s  data_wait=50.1s  gpu=2.7s
2026-05-12 03:43:04  INFO        [Frag_4              ]  imread image   2.2s  shape=(1468, 425, 474)  1183 MB
2026-05-12 03:43:17  INFO        [Frag_4              ]  imread masks   3.2s
2026-05-12 03:43:17  INFO        [Frag_4              ]  load+combine   16.0s total
2026-05-12 03:43:21  INFO      fold=1 ep=280 loss=0.7815 dice=0.8406 inc=0.925 bone=0.912 molar=0.685 ep_s=52.8 val_s=19.6
2026-05-12 03:44:12  INFO      Fold 1 ep 281: loss=0.8355  epoch=50.4s  data_wait=47.7s  gpu=2.7s
2026-05-12 03:45:02  INFO      Fold 1 ep 282: loss=0.8107  epoch=50.2s  data_wait=47.8s  gpu=2.4s
2026-05-12 03:45:55  INFO      Fold 1 ep 283: loss=0.8153  epoch=53.0s  data_wait=50.2s  gpu=2.7s
2026-05-12 03:46:48  INFO      Fold 1 ep 284: loss=0.8724  epoch=52.6s  data_wait=50.0s  gpu=2.6s
2026-05-12 03:47:41  INFO      Fold 1 ep 285: loss=0.8492  epoch=53.2s  data_wait=50.5s  gpu=2.7s
2026-05-12 03:47:43  INFO        [Frag_4              ]  imread image   2.2s  shape=(1468, 425, 474)  1183 MB
2026-05-12 03:47:56  INFO        [Frag_4              ]  imread masks   3.7s
2026-05-12 03:47:57  INFO        [Frag_4              ]  load+combine   16.2s total
2026-05-12 03:48:01  INFO      fold=1 ep=285 loss=0.8492 dice=0.8451 inc=0.927 bone=0.919 molar=0.689 ep_s=53.2 val_s=19.9
2026-05-12 03:48:55  INFO      Fold 1 ep 286: loss=0.7977  epoch=53.9s  data_wait=51.3s  gpu=2.6s
2026-05-12 03:49:46  INFO      Fold 1 ep 287: loss=0.8271  epoch=51.3s  data_wait=48.5s  gpu=2.8s
2026-05-12 03:50:42  INFO      Fold 1 ep 288: loss=0.8561  epoch=55.4s  data_wait=52.7s  gpu=2.7s
2026-05-12 03:51:35  INFO      Fold 1 ep 289: loss=0.8059  epoch=53.8s  data_wait=51.3s  gpu=2.5s
2026-05-12 03:52:29  INFO      Fold 1 ep 290: loss=0.8464  epoch=53.6s  data_wait=51.1s  gpu=2.5s
2026-05-12 03:52:31  INFO        [Frag_4              ]  imread image   2.4s  shape=(1468, 425, 474)  1183 MB
2026-05-12 03:52:44  INFO        [Frag_4              ]  imread masks   3.0s
2026-05-12 03:52:45  INFO        [Frag_4              ]  load+combine   15.9s total
2026-05-12 03:52:49  INFO      fold=1 ep=290 loss=0.8464 dice=0.8005 inc=0.897 bone=0.895 molar=0.610 ep_s=53.6 val_s=19.8
2026-05-12 03:53:42  INFO      Fold 1 ep 291: loss=0.8131  epoch=53.0s  data_wait=50.5s  gpu=2.5s
2026-05-12 03:54:35  INFO      Fold 1 ep 292: loss=0.8501  epoch=52.8s  data_wait=50.1s  gpu=2.7s
2026-05-12 03:55:30  INFO      Fold 1 ep 293: loss=0.8092  epoch=54.9s  data_wait=52.4s  gpu=2.6s
2026-05-12 03:56:24  INFO      Fold 1 ep 294: loss=0.8046  epoch=53.8s  data_wait=51.1s  gpu=2.7s
2026-05-12 03:57:17  INFO      Fold 1 ep 295: loss=0.8064  epoch=53.4s  data_wait=50.7s  gpu=2.6s
2026-05-12 03:57:19  INFO        [Frag_4              ]  imread image   2.4s  shape=(1468, 425, 474)  1183 MB
2026-05-12 03:57:33  INFO        [Frag_4              ]  imread masks   3.5s
2026-05-12 03:57:33  INFO        [Frag_4              ]  load+combine   16.1s total
2026-05-12 03:57:37  INFO      fold=1 ep=295 loss=0.8064 dice=0.8395 inc=0.913 bone=0.917 molar=0.689 ep_s=53.4 val_s=19.9
2026-05-12 03:58:31  INFO      Fold 1 ep 296: loss=0.8351  epoch=54.1s  data_wait=51.5s  gpu=2.6s
2026-05-12 03:59:25  INFO      Fold 1 ep 297: loss=0.8209  epoch=54.1s  data_wait=51.3s  gpu=2.9s
2026-05-12 04:00:20  INFO      Fold 1 ep 298: loss=0.8265  epoch=55.0s  data_wait=52.3s  gpu=2.6s
2026-05-12 04:01:12  INFO      Fold 1 ep 299: loss=0.8432  epoch=52.0s  data_wait=49.2s  gpu=2.8s
2026-05-12 04:02:04  INFO      Fold 1 ep 300: loss=0.8122  epoch=51.9s  data_wait=49.2s  gpu=2.7s
2026-05-12 04:02:06  INFO        [Frag_4              ]  imread image   2.2s  shape=(1468, 425, 474)  1183 MB
2026-05-12 04:02:20  INFO        [Frag_4              ]  imread masks   3.1s
2026-05-12 04:02:20  INFO        [Frag_4              ]  load+combine   15.9s total
2026-05-12 04:02:24  INFO      fold=1 ep=300 loss=0.8122 dice=0.8542 inc=0.933 bone=0.927 molar=0.702 ep_s=51.9 val_s=19.6
2026-05-12 04:03:15  INFO      Fold 1 ep 301: loss=0.8187  epoch=51.3s  data_wait=48.6s  gpu=2.7s
2026-05-12 04:04:06  INFO      Fold 1 ep 302: loss=0.7911  epoch=50.8s  data_wait=48.3s  gpu=2.5s
2026-05-12 04:05:02  INFO      Fold 1 ep 303: loss=0.8203  epoch=55.4s  data_wait=52.7s  gpu=2.7s
2026-05-12 04:05:54  INFO      Fold 1 ep 304: loss=0.8035  epoch=52.4s  data_wait=49.7s  gpu=2.7s
2026-05-12 04:06:46  INFO      Fold 1 ep 305: loss=0.8012  epoch=52.4s  data_wait=49.7s  gpu=2.7s
2026-05-12 04:06:49  INFO        [Frag_4              ]  imread image   2.2s  shape=(1468, 425, 474)  1183 MB
2026-05-12 04:07:02  INFO        [Frag_4              ]  imread masks   3.4s
2026-05-12 04:07:02  INFO        [Frag_4              ]  load+combine   15.8s total
2026-05-12 04:07:06  INFO      fold=1 ep=305 loss=0.8012 dice=0.7921 inc=0.930 bone=0.867 molar=0.579 ep_s=52.4 val_s=19.4
2026-05-12 04:07:57  INFO      Fold 1 ep 306: loss=0.8052  epoch=51.2s  data_wait=48.7s  gpu=2.4s
2026-05-12 04:08:53  INFO      Fold 1 ep 307: loss=0.7429  epoch=55.4s  data_wait=52.7s  gpu=2.7s
2026-05-12 04:09:46  INFO      Fold 1 ep 308: loss=0.7967  epoch=54.0s  data_wait=51.4s  gpu=2.6s
2026-05-12 04:10:38  INFO      Fold 1 ep 309: loss=0.8118  epoch=51.6s  data_wait=49.1s  gpu=2.5s
2026-05-12 04:11:31  INFO      Fold 1 ep 310: loss=0.8252  epoch=52.8s  data_wait=50.3s  gpu=2.5s
2026-05-12 04:11:33  INFO        [Frag_4              ]  imread image   2.3s  shape=(1468, 425, 474)  1183 MB
2026-05-12 04:11:46  INFO        [Frag_4              ]  imread masks   3.0s
2026-05-12 04:11:47  INFO        [Frag_4              ]  load+combine   15.8s total
2026-05-12 04:11:50  INFO      fold=1 ep=310 loss=0.8252 dice=0.7704 inc=0.914 bone=0.852 molar=0.546 ep_s=52.8 val_s=19.5
2026-05-12 04:12:44  INFO      Fold 1 ep 311: loss=0.8576  epoch=53.8s  data_wait=51.2s  gpu=2.6s
2026-05-12 04:13:39  INFO      Fold 1 ep 312: loss=0.8071  epoch=54.8s  data_wait=52.2s  gpu=2.5s
2026-05-12 04:14:31  INFO      Fold 1 ep 313: loss=0.7746  epoch=51.4s  data_wait=48.7s  gpu=2.6s
2026-05-12 04:15:25  INFO      Fold 1 ep 314: loss=0.8000  epoch=54.8s  data_wait=52.2s  gpu=2.6s
2026-05-12 04:16:21  INFO      Fold 1 ep 315: loss=0.7553  epoch=55.2s  data_wait=52.6s  gpu=2.6s
2026-05-12 04:16:23  INFO        [Frag_4              ]  imread image   2.2s  shape=(1468, 425, 474)  1183 MB
2026-05-12 04:16:36  INFO        [Frag_4              ]  imread masks   3.7s
2026-05-12 04:16:37  INFO        [Frag_4              ]  load+combine   16.0s total
2026-05-12 04:16:40  INFO      fold=1 ep=315 loss=0.7553 dice=0.8716 inc=0.935 bone=0.929 molar=0.751 ep_s=55.2 val_s=19.6
2026-05-12 04:17:34  INFO      Fold 1 ep 316: loss=0.7654  epoch=52.9s  data_wait=50.4s  gpu=2.6s
2026-05-12 04:18:25  INFO      Fold 1 ep 317: loss=0.7897  epoch=51.4s  data_wait=48.7s  gpu=2.6s
2026-05-12 04:19:17  INFO      Fold 1 ep 318: loss=0.7860  epoch=52.4s  data_wait=49.8s  gpu=2.7s
2026-05-12 04:20:09  INFO      Fold 1 ep 319: loss=0.7997  epoch=51.7s  data_wait=49.3s  gpu=2.5s
2026-05-12 04:21:03  INFO      Fold 1 ep 320: loss=0.8211  epoch=53.8s  data_wait=51.2s  gpu=2.6s
2026-05-12 04:21:05  INFO        [Frag_4              ]  imread image   2.2s  shape=(1468, 425, 474)  1183 MB
2026-05-12 04:21:18  INFO        [Frag_4              ]  imread masks   3.3s
2026-05-12 04:21:19  INFO        [Frag_4              ]  load+combine   15.9s total
2026-05-12 04:21:22  INFO      fold=1 ep=320 loss=0.8211 dice=0.8628 inc=0.919 bone=0.922 molar=0.747 ep_s=53.8 val_s=19.6
2026-05-12 04:22:15  INFO      Fold 1 ep 321: loss=0.7883  epoch=51.9s  data_wait=49.5s  gpu=2.5s
2026-05-12 04:23:07  INFO      Fold 1 ep 322: loss=0.7723  epoch=52.8s  data_wait=50.1s  gpu=2.7s
2026-05-12 04:24:01  INFO      Fold 1 ep 323: loss=0.7740  epoch=53.8s  data_wait=51.1s  gpu=2.7s
2026-05-12 04:24:54  INFO      Fold 1 ep 324: loss=0.7859  epoch=52.8s  data_wait=50.3s  gpu=2.5s
2026-05-12 04:25:46  INFO      Fold 1 ep 325: loss=0.7764  epoch=51.8s  data_wait=49.2s  gpu=2.6s
2026-05-12 04:25:48  INFO        [Frag_4              ]  imread image   1.8s  shape=(1468, 425, 474)  1183 MB
2026-05-12 04:26:01  INFO        [Frag_4              ]  imread masks   3.7s
2026-05-12 04:26:01  INFO        [Frag_4              ]  load+combine   15.5s total
2026-05-12 04:26:05  INFO      fold=1 ep=325 loss=0.7764 dice=0.8414 inc=0.910 bone=0.901 molar=0.713 ep_s=51.8 val_s=19.2
2026-05-12 04:26:57  INFO      Fold 1 ep 326: loss=0.7660  epoch=51.5s  data_wait=49.0s  gpu=2.5s
2026-05-12 04:27:50  INFO      Fold 1 ep 327: loss=0.7795  epoch=53.0s  data_wait=50.3s  gpu=2.7s
2026-05-12 04:28:43  INFO      Fold 1 ep 328: loss=0.8598  epoch=53.6s  data_wait=50.9s  gpu=2.7s
2026-05-12 04:29:36  INFO      Fold 1 ep 329: loss=0.7876  epoch=52.8s  data_wait=50.2s  gpu=2.6s
2026-05-12 04:30:29  INFO      Fold 1 ep 330: loss=0.7874  epoch=53.2s  data_wait=50.6s  gpu=2.6s
2026-05-12 04:30:31  INFO        [Frag_4              ]  imread image   2.2s  shape=(1468, 425, 474)  1183 MB
2026-05-12 04:30:45  INFO        [Frag_4              ]  imread masks   3.3s
2026-05-12 04:30:45  INFO        [Frag_4              ]  load+combine   16.1s total
2026-05-12 04:30:49  INFO      fold=1 ep=330 loss=0.7874 dice=0.8747 inc=0.884 bone=0.942 molar=0.798 ep_s=53.2 val_s=19.8
2026-05-12 04:31:44  INFO      Fold 1 ep 331: loss=0.7554  epoch=54.8s  data_wait=52.1s  gpu=2.8s
2026-05-12 04:32:39  INFO      Fold 1 ep 332: loss=0.7507  epoch=54.4s  data_wait=51.8s  gpu=2.6s
2026-05-12 04:33:31  INFO      Fold 1 ep 333: loss=0.7705  epoch=52.0s  data_wait=49.5s  gpu=2.5s
2026-05-12 04:34:27  INFO      Fold 1 ep 334: loss=0.8105  epoch=56.6s  data_wait=54.0s  gpu=2.5s
2026-05-12 04:35:21  INFO      Fold 1 ep 335: loss=0.7640  epoch=53.6s  data_wait=51.0s  gpu=2.5s
2026-05-12 04:35:23  INFO        [Frag_4              ]  imread image   2.2s  shape=(1468, 425, 474)  1183 MB
2026-05-12 04:35:37  INFO        [Frag_4              ]  imread masks   3.7s
2026-05-12 04:35:37  INFO        [Frag_4              ]  load+combine   16.2s total
2026-05-12 04:35:41  INFO      fold=1 ep=335 loss=0.7640 dice=0.8525 inc=0.919 bone=0.918 molar=0.721 ep_s=53.6 val_s=19.9
2026-05-12 04:36:35  INFO      Fold 1 ep 336: loss=0.7513  epoch=53.7s  data_wait=51.2s  gpu=2.5s
2026-05-12 04:37:28  INFO      Fold 1 ep 337: loss=0.7574  epoch=53.8s  data_wait=51.3s  gpu=2.5s
2026-05-12 04:38:21  INFO      Fold 1 ep 338: loss=0.7797  epoch=52.6s  data_wait=50.0s  gpu=2.6s
2026-05-12 04:39:12  INFO      Fold 1 ep 339: loss=0.7375  epoch=51.4s  data_wait=48.8s  gpu=2.5s
2026-05-12 04:40:04  INFO      Fold 1 ep 340: loss=0.7580  epoch=52.0s  data_wait=49.4s  gpu=2.5s
2026-05-12 04:40:06  INFO        [Frag_4              ]  imread image   2.0s  shape=(1468, 425, 474)  1183 MB
2026-05-12 04:40:20  INFO        [Frag_4              ]  imread masks   3.2s
2026-05-12 04:40:20  INFO        [Frag_4              ]  load+combine   15.8s total
2026-05-12 04:40:24  INFO      fold=1 ep=340 loss=0.7580 dice=0.9087 inc=0.937 bone=0.951 molar=0.837 ep_s=52.0 val_s=19.4
2026-05-12 04:41:17  INFO      Fold 1 ep 341: loss=0.7658  epoch=53.2s  data_wait=50.6s  gpu=2.5s
2026-05-12 04:42:11  INFO      Fold 1 ep 342: loss=0.7315  epoch=53.4s  data_wait=50.9s  gpu=2.4s
2026-05-12 04:43:06  INFO      Fold 1 ep 343: loss=0.7590  epoch=55.0s  data_wait=52.4s  gpu=2.6s
2026-05-12 04:44:00  INFO      Fold 1 ep 344: loss=0.7267  epoch=54.6s  data_wait=52.1s  gpu=2.5s
2026-05-12 04:44:54  INFO      Fold 1 ep 345: loss=0.7330  epoch=53.8s  data_wait=51.1s  gpu=2.7s
2026-05-12 04:44:56  INFO        [Frag_4              ]  imread image   2.2s  shape=(1468, 425, 474)  1183 MB
2026-05-12 04:45:10  INFO        [Frag_4              ]  imread masks   3.7s
2026-05-12 04:45:10  INFO        [Frag_4              ]  load+combine   16.0s total
2026-05-12 04:45:14  INFO      fold=1 ep=345 loss=0.7330 dice=0.8929 inc=0.922 bone=0.950 molar=0.807 ep_s=53.8 val_s=19.7
2026-05-12 04:46:09  INFO      Fold 1 ep 346: loss=0.7600  epoch=55.3s  data_wait=52.8s  gpu=2.5s
2026-05-12 04:47:02  INFO      Fold 1 ep 347: loss=0.7385  epoch=52.6s  data_wait=49.8s  gpu=2.8s
2026-05-12 04:47:53  INFO      Fold 1 ep 348: loss=0.7714  epoch=51.4s  data_wait=48.9s  gpu=2.4s
2026-05-12 04:48:46  INFO      Fold 1 ep 349: loss=0.7498  epoch=53.0s  data_wait=50.5s  gpu=2.5s
2026-05-12 04:49:39  INFO      Fold 1 ep 350: loss=0.7563  epoch=53.1s  data_wait=50.5s  gpu=2.6s
2026-05-12 04:49:42  INFO        [Frag_4              ]  imread image   2.2s  shape=(1468, 425, 474)  1183 MB
2026-05-12 04:49:55  INFO        [Frag_4              ]  imread masks   3.2s
2026-05-12 04:49:55  INFO        [Frag_4              ]  load+combine   15.9s total
2026-05-12 04:49:59  INFO      fold=1 ep=350 loss=0.7563 dice=0.8688 inc=0.934 bone=0.926 molar=0.746 ep_s=53.1 val_s=19.6
2026-05-12 04:50:52  INFO      Fold 1 ep 351: loss=0.7628  epoch=52.6s  data_wait=49.9s  gpu=2.6s
2026-05-12 04:51:43  INFO      Fold 1 ep 352: loss=0.7002  epoch=51.0s  data_wait=48.5s  gpu=2.5s
2026-05-12 04:52:35  INFO      Fold 1 ep 353: loss=0.7586  epoch=52.0s  data_wait=49.3s  gpu=2.7s
2026-05-12 04:53:27  INFO      Fold 1 ep 354: loss=0.7528  epoch=52.8s  data_wait=50.3s  gpu=2.5s
2026-05-12 04:54:19  INFO      Fold 1 ep 355: loss=0.7282  epoch=51.6s  data_wait=48.8s  gpu=2.8s
2026-05-12 04:54:21  INFO        [Frag_4              ]  imread image   2.4s  shape=(1468, 425, 474)  1183 MB
2026-05-12 04:54:35  INFO        [Frag_4              ]  imread masks   3.5s
2026-05-12 04:54:35  INFO        [Frag_4              ]  load+combine   16.1s total
2026-05-12 04:54:39  INFO      fold=1 ep=355 loss=0.7282 dice=0.9065 inc=0.933 bone=0.947 molar=0.840 ep_s=51.6 val_s=19.8
2026-05-12 04:55:34  INFO      Fold 1 ep 356: loss=0.7205  epoch=54.5s  data_wait=51.8s  gpu=2.7s
2026-05-12 04:56:25  INFO      Fold 1 ep 357: loss=0.7354  epoch=51.2s  data_wait=48.5s  gpu=2.7s
2026-05-12 04:57:18  INFO      Fold 1 ep 358: loss=0.7581  epoch=53.4s  data_wait=50.7s  gpu=2.7s
2026-05-12 04:58:13  INFO      Fold 1 ep 359: loss=0.7549  epoch=54.4s  data_wait=51.8s  gpu=2.5s
2026-05-12 04:59:07  INFO      Fold 1 ep 360: loss=0.7490  epoch=54.0s  data_wait=51.4s  gpu=2.6s
2026-05-12 04:59:09  INFO        [Frag_4              ]  imread image   2.4s  shape=(1468, 425, 474)  1183 MB
2026-05-12 04:59:22  INFO        [Frag_4              ]  imread masks   3.1s
2026-05-12 04:59:23  INFO        [Frag_4              ]  load+combine   16.2s total
2026-05-12 04:59:26  INFO      fold=1 ep=360 loss=0.7490 dice=0.8878 inc=0.926 bone=0.937 molar=0.801 ep_s=54.0 val_s=19.7
2026-05-12 05:00:20  INFO      Fold 1 ep 361: loss=0.7344  epoch=53.8s  data_wait=51.4s  gpu=2.5s
2026-05-12 05:01:15  INFO      Fold 1 ep 362: loss=0.7268  epoch=54.4s  data_wait=51.6s  gpu=2.7s
2026-05-12 05:02:09  INFO      Fold 1 ep 363: loss=0.7639  epoch=54.4s  data_wait=51.6s  gpu=2.7s
2026-05-12 05:03:03  INFO      Fold 1 ep 364: loss=0.7175  epoch=53.6s  data_wait=51.0s  gpu=2.6s
2026-05-12 05:03:57  INFO      Fold 1 ep 365: loss=0.7023  epoch=54.0s  data_wait=51.3s  gpu=2.7s
2026-05-12 05:03:59  INFO        [Frag_4              ]  imread image   2.3s  shape=(1468, 425, 474)  1183 MB
2026-05-12 05:04:12  INFO        [Frag_4              ]  imread masks   3.5s
2026-05-12 05:04:13  INFO        [Frag_4              ]  load+combine   16.0s total
2026-05-12 05:04:16  INFO      fold=1 ep=365 loss=0.7023 dice=0.8661 inc=0.898 bone=0.921 molar=0.780 ep_s=54.0 val_s=19.7
2026-05-12 05:05:10  INFO      Fold 1 ep 366: loss=0.7649  epoch=53.9s  data_wait=51.3s  gpu=2.6s
2026-05-12 05:06:05  INFO      Fold 1 ep 367: loss=0.7366  epoch=54.2s  data_wait=51.7s  gpu=2.5s
2026-05-12 05:06:58  INFO      Fold 1 ep 368: loss=0.7541  epoch=53.0s  data_wait=50.6s  gpu=2.4s
2026-05-12 05:07:52  INFO      Fold 1 ep 369: loss=0.7218  epoch=54.2s  data_wait=51.6s  gpu=2.6s
2026-05-12 05:08:46  INFO      Fold 1 ep 370: loss=0.7641  epoch=53.8s  data_wait=51.2s  gpu=2.5s
2026-05-12 05:08:48  INFO        [Frag_4              ]  imread image   2.2s  shape=(1468, 425, 474)  1183 MB
2026-05-12 05:09:01  INFO        [Frag_4              ]  imread masks   2.8s
2026-05-12 05:09:01  INFO        [Frag_4              ]  load+combine   15.5s total
2026-05-12 05:09:05  INFO      fold=1 ep=370 loss=0.7641 dice=0.8622 inc=0.936 bone=0.913 molar=0.737 ep_s=53.8 val_s=19.2
2026-05-12 05:09:59  INFO      Fold 1 ep 371: loss=0.7520  epoch=53.5s  data_wait=50.8s  gpu=2.7s
2026-05-12 05:10:50  INFO      Fold 1 ep 372: loss=0.7555  epoch=51.6s  data_wait=49.0s  gpu=2.6s
2026-05-12 05:11:41  INFO      Fold 1 ep 373: loss=0.7069  epoch=51.2s  data_wait=48.5s  gpu=2.7s
2026-05-12 05:12:33  INFO      Fold 1 ep 374: loss=0.7420  epoch=51.6s  data_wait=49.0s  gpu=2.6s
2026-05-12 05:13:26  INFO      Fold 1 ep 375: loss=0.7419  epoch=53.6s  data_wait=50.9s  gpu=2.7s
2026-05-12 05:13:29  INFO        [Frag_4              ]  imread image   2.2s  shape=(1468, 425, 474)  1183 MB
2026-05-12 05:13:42  INFO        [Frag_4              ]  imread masks   3.7s
2026-05-12 05:13:43  INFO        [Frag_4              ]  load+combine   16.2s total
2026-05-12 05:13:46  INFO      fold=1 ep=375 loss=0.7419 dice=0.8670 inc=0.871 bone=0.928 molar=0.802 ep_s=53.6 val_s=19.7
2026-05-12 05:14:38  INFO      Fold 1 ep 376: loss=0.7250  epoch=51.7s  data_wait=48.9s  gpu=2.8s
2026-05-12 05:15:31  INFO      Fold 1 ep 377: loss=0.7237  epoch=52.7s  data_wait=49.9s  gpu=2.9s
2026-05-12 05:16:21  INFO      Fold 1 ep 378: loss=0.7501  epoch=49.8s  data_wait=47.3s  gpu=2.5s
2026-05-12 05:17:11  INFO      Fold 1 ep 379: loss=0.7459  epoch=50.6s  data_wait=48.0s  gpu=2.5s
2026-05-12 05:18:06  INFO      Fold 1 ep 380: loss=0.7338  epoch=54.6s  data_wait=52.1s  gpu=2.5s
2026-05-12 05:18:08  INFO        [Frag_4              ]  imread image   2.2s  shape=(1468, 425, 474)  1183 MB
2026-05-12 05:18:21  INFO        [Frag_4              ]  imread masks   3.3s
2026-05-12 05:18:22  INFO        [Frag_4              ]  load+combine   16.2s total
2026-05-12 05:18:26  INFO      fold=1 ep=380 loss=0.7338 dice=0.8921 inc=0.934 bone=0.940 molar=0.802 ep_s=54.6 val_s=19.8
2026-05-12 05:19:21  INFO      Fold 1 ep 381: loss=0.7345  epoch=55.1s  data_wait=52.5s  gpu=2.6s
2026-05-12 05:20:15  INFO      Fold 1 ep 382: loss=0.7396  epoch=54.4s  data_wait=51.8s  gpu=2.6s
2026-05-12 05:21:09  INFO      Fold 1 ep 383: loss=0.7395  epoch=53.4s  data_wait=51.0s  gpu=2.4s
2026-05-12 05:22:01  INFO      Fold 1 ep 384: loss=0.7086  epoch=52.1s  data_wait=49.4s  gpu=2.7s
2026-05-12 05:22:54  INFO      Fold 1 ep 385: loss=0.7183  epoch=53.0s  data_wait=50.4s  gpu=2.6s
2026-05-12 05:22:56  INFO        [Frag_4              ]  imread image   2.3s  shape=(1468, 425, 474)  1183 MB
2026-05-12 05:23:09  INFO        [Frag_4              ]  imread masks   3.3s
2026-05-12 05:23:10  INFO        [Frag_4              ]  load+combine   15.7s total
2026-05-12 05:23:13  INFO      fold=1 ep=385 loss=0.7183 dice=0.8940 inc=0.929 bone=0.948 molar=0.805 ep_s=53.0 val_s=19.4
2026-05-12 05:24:07  INFO      Fold 1 ep 386: loss=0.7078  epoch=53.8s  data_wait=51.0s  gpu=2.7s
2026-05-12 05:25:00  INFO      Fold 1 ep 387: loss=0.7432  epoch=52.8s  data_wait=50.2s  gpu=2.5s
2026-05-12 05:25:52  INFO      Fold 1 ep 388: loss=0.7299  epoch=51.8s  data_wait=48.9s  gpu=2.8s
2026-05-12 05:26:45  INFO      Fold 1 ep 389: loss=0.7197  epoch=52.8s  data_wait=50.1s  gpu=2.6s
2026-05-12 05:27:35  INFO      Fold 1 ep 390: loss=0.7412  epoch=50.6s  data_wait=48.0s  gpu=2.6s
2026-05-12 05:27:37  INFO        [Frag_4              ]  imread image   2.3s  shape=(1468, 425, 474)  1183 MB
2026-05-12 05:27:51  INFO        [Frag_4              ]  imread masks   3.2s
2026-05-12 05:27:51  INFO        [Frag_4              ]  load+combine   15.9s total
2026-05-12 05:27:55  INFO      fold=1 ep=390 loss=0.7412 dice=0.8775 inc=0.895 bone=0.940 molar=0.797 ep_s=50.6 val_s=19.6
2026-05-12 05:27:55  INFO      Fold 1: early stop at ep 390  best=0.9087
2026-05-12 05:28:01  INFO      Fold 2: loading 8 training samples into RAM...
2026-05-12 05:28:03  INFO        Loaded Cont1_5               shape=(1, 1444, 343, 530)  2363 MB  2.3s
2026-05-12 05:28:06  INFO        Loaded Frag_4                shape=(1, 1484, 441, 490)  2886 MB  2.6s
2026-05-12 05:28:10  INFO        Loaded Odam-CRE-B            shape=(1, 1571, 464, 821)  5386 MB  4.8s
2026-05-12 05:28:14  INFO        Loaded Odam-CRE-C            shape=(1, 1353, 406, 820)  4054 MB  3.7s
2026-05-12 05:28:19  INFO        Loaded Odam-CRE-Hifla-A      shape=(1, 1469, 472, 846)  5279 MB  5.0s
2026-05-12 05:28:26  INFO        Loaded Odam-CRE-Hifla-B      shape=(1, 1471, 486, 818)  5263 MB  6.5s
2026-05-12 05:28:33  INFO        Loaded Odam-CRE-Hifla-C      shape=(1, 1630, 434, 752)  4788 MB  6.9s
2026-05-12 05:28:36  INFO        Loaded P27RKO_8um_2K__reoriented  shape=(1, 1550, 245, 672)  2297 MB  3.5s
2026-05-12 05:28:36  INFO      All 8 samples in RAM  total=32316 MB  35.4s
2026-05-12 05:28:36  INFO      Fold 2: dataset ready  items=8  load=35.4s
2026-05-12 05:28:36  INFO      Fold 2: starting fresh | val=Odam-CRE-A | params=4,743,653
2026-05-12 05:28:36  INFO      Fold 2: entering training loop  start_epoch=0
2026-05-12 05:28:50  INFO      Fold 2 ep 1: first batch  wait=13.4s  shape=[48, 1, 96, 96, 96]
2026-05-12 05:29:31  INFO      Fold 2 ep 1: loss=2.3262  epoch=54.3s  data_wait=51.5s  gpu=2.8s
2026-05-12 05:30:22  INFO      Fold 2 ep 2: loss=2.0835  epoch=51.8s  data_wait=49.0s  gpu=2.7s
2026-05-12 05:31:11  INFO      Fold 2 ep 3: loss=1.9944  epoch=48.6s  data_wait=46.0s  gpu=2.6s
2026-05-12 05:32:02  INFO      Fold 2 ep 4: loss=1.9496  epoch=51.0s  data_wait=48.5s  gpu=2.5s
2026-05-12 05:32:54  INFO      Fold 2 ep 5: loss=1.9276  epoch=52.0s  data_wait=49.2s  gpu=2.8s
2026-05-12 05:32:59  INFO        [Odam-CRE-A          ]  imread image   4.7s  shape=(1405, 479, 839)  2259 MB
2026-05-12 05:33:19  INFO        [Odam-CRE-A          ]  imread masks   5.3s
2026-05-12 05:33:20  INFO        [Odam-CRE-A          ]  load+combine   26.2s total
2026-05-12 05:34:12  INFO      fold=2 ep=5 loss=1.9276 dice=0.0178 inc=0.021 bone=0.001 molar=0.031 ep_s=52.0 val_s=77.9
2026-05-12 05:35:29  INFO      Fold 2 ep 6: loss=1.8852  epoch=76.8s  data_wait=13.7s  gpu=63.1s
2026-05-12 05:36:42  INFO      Fold 2 ep 7: loss=1.8337  epoch=73.2s  data_wait=12.9s  gpu=60.3s
2026-05-12 05:37:56  INFO      Fold 2 ep 8: loss=1.8208  epoch=73.5s  data_wait=13.4s  gpu=60.2s
2026-05-12 05:39:09  INFO      Fold 2 ep 9: loss=1.7959  epoch=73.7s  data_wait=13.4s  gpu=60.3s
2026-05-12 05:40:22  INFO      Fold 2 ep 10: loss=1.7478  epoch=72.6s  data_wait=12.4s  gpu=60.2s
2026-05-12 05:40:29  INFO        [Odam-CRE-A          ]  imread image   6.8s  shape=(1405, 479, 839)  2259 MB
2026-05-12 05:40:59  INFO        [Odam-CRE-A          ]  imread masks   5.0s
2026-05-12 05:41:00  INFO        [Odam-CRE-A          ]  load+combine   37.9s total
2026-05-12 05:42:40  INFO      fold=2 ep=10 loss=1.7478 dice=0.0169 inc=0.015 bone=0.001 molar=0.035 ep_s=72.6 val_s=137.6
2026-05-12 05:43:35  INFO      Fold 2 ep 11: loss=1.7541  epoch=55.5s  data_wait=48.9s  gpu=6.6s
2026-05-12 05:44:29  INFO      Fold 2 ep 12: loss=1.7478  epoch=54.2s  data_wait=48.3s  gpu=5.9s
2026-05-12 05:45:25  INFO      Fold 2 ep 13: loss=1.7341  epoch=55.9s  data_wait=50.1s  gpu=5.8s
2026-05-12 05:46:20  INFO      Fold 2 ep 14: loss=1.7040  epoch=54.3s  data_wait=48.6s  gpu=5.6s
2026-05-12 05:47:14  INFO      Fold 2 ep 15: loss=1.6988  epoch=54.8s  data_wait=48.9s  gpu=5.9s
2026-05-12 05:47:19  INFO        [Odam-CRE-A          ]  imread image   4.8s  shape=(1405, 479, 839)  2259 MB
2026-05-12 05:47:41  INFO        [Odam-CRE-A          ]  imread masks   4.5s
2026-05-12 05:47:42  INFO        [Odam-CRE-A          ]  load+combine   27.4s total
2026-05-12 05:48:12  INFO      fold=2 ep=15 loss=1.6988 dice=0.0393 inc=0.082 bone=0.000 molar=0.035 ep_s=54.8 val_s=56.9
2026-05-12 05:49:45  INFO      Fold 2 ep 16: loss=1.6724  epoch=93.6s  data_wait=12.9s  gpu=80.8s
2026-05-12 05:51:22  INFO      Fold 2 ep 17: loss=1.6917  epoch=96.9s  data_wait=13.3s  gpu=83.6s
2026-05-12 05:52:59  INFO      Fold 2 ep 18: loss=1.6400  epoch=96.5s  data_wait=12.8s  gpu=83.7s
2026-05-12 05:54:36  INFO      Fold 2 ep 19: loss=1.6796  epoch=96.9s  data_wait=13.5s  gpu=83.4s
2026-05-12 05:56:12  INFO      Fold 2 ep 20: loss=1.6242  epoch=96.3s  data_wait=13.5s  gpu=82.9s
2026-05-12 05:56:16  INFO        [Odam-CRE-A          ]  imread image   4.4s  shape=(1405, 479, 839)  2259 MB
2026-05-12 05:56:39  INFO        [Odam-CRE-A          ]  imread masks   4.8s
2026-05-12 05:56:39  INFO        [Odam-CRE-A          ]  load+combine   27.5s total
2026-05-12 05:58:02  INFO      fold=2 ep=20 loss=1.6242 dice=0.0353 inc=0.003 bone=0.000 molar=0.103 ep_s=96.3 val_s=110.2
2026-05-12 05:59:05  INFO      Fold 2 ep 21: loss=1.6088  epoch=62.5s  data_wait=36.8s  gpu=25.7s
2026-05-12 06:00:05  INFO      Fold 2 ep 22: loss=1.6029  epoch=60.6s  data_wait=28.1s  gpu=32.5s
2026-05-12 06:01:06  INFO      Fold 2 ep 23: loss=1.6132  epoch=61.0s  data_wait=28.4s  gpu=32.6s
2026-05-12 06:02:06  INFO      Fold 2 ep 24: loss=1.6097  epoch=59.5s  data_wait=27.0s  gpu=32.6s
2026-05-12 06:03:06  INFO      Fold 2 ep 25: loss=1.5889  epoch=59.8s  data_wait=27.4s  gpu=32.4s
2026-05-12 06:03:11  INFO        [Odam-CRE-A          ]  imread image   4.9s  shape=(1405, 479, 839)  2259 MB
2026-05-12 06:03:34  INFO        [Odam-CRE-A          ]  imread masks   4.9s
2026-05-12 06:03:34  INFO        [Odam-CRE-A          ]  load+combine   28.5s total
2026-05-12 06:06:25  INFO      fold=2 ep=25 loss=1.5889 dice=0.0585 inc=0.023 bone=0.000 molar=0.153 ep_s=59.8 val_s=199.3
2026-05-12 06:07:22  INFO      Fold 2 ep 26: loss=1.6110  epoch=57.0s  data_wait=50.6s  gpu=6.4s
2026-05-12 06:08:15  INFO      Fold 2 ep 27: loss=1.5774  epoch=53.1s  data_wait=47.2s  gpu=5.9s
2026-05-12 06:09:10  INFO      Fold 2 ep 28: loss=1.5699  epoch=55.1s  data_wait=49.5s  gpu=5.6s
2026-05-12 06:10:04  INFO      Fold 2 ep 29: loss=1.5908  epoch=53.4s  data_wait=47.8s  gpu=5.6s
2026-05-12 06:10:56  INFO      Fold 2 ep 30: loss=1.5845  epoch=52.3s  data_wait=46.7s  gpu=5.6s
2026-05-12 06:11:01  INFO        [Odam-CRE-A          ]  imread image   4.4s  shape=(1405, 479, 839)  2259 MB
2026-05-12 06:11:22  INFO        [Odam-CRE-A          ]  imread masks   5.0s
2026-05-12 06:11:23  INFO        [Odam-CRE-A          ]  load+combine   26.7s total
2026-05-12 06:11:52  INFO      fold=2 ep=30 loss=1.5845 dice=0.0604 inc=0.001 bone=0.000 molar=0.180 ep_s=52.3 val_s=55.7
2026-05-12 06:13:24  INFO      Fold 2 ep 31: loss=1.5938  epoch=91.6s  data_wait=12.7s  gpu=78.8s
2026-05-12 06:14:59  INFO      Fold 2 ep 32: loss=1.5578  epoch=95.3s  data_wait=12.6s  gpu=82.7s
2026-05-12 06:16:36  INFO      Fold 2 ep 33: loss=1.5772  epoch=96.7s  data_wait=13.9s  gpu=82.8s
2026-05-12 06:18:11  INFO      Fold 2 ep 34: loss=1.5718  epoch=95.2s  data_wait=12.8s  gpu=82.4s
2026-05-12 06:19:45  INFO      Fold 2 ep 35: loss=1.5563  epoch=94.3s  data_wait=12.4s  gpu=81.8s
2026-05-12 06:19:50  INFO        [Odam-CRE-A          ]  imread image   4.5s  shape=(1405, 479, 839)  2259 MB
2026-05-12 06:20:13  INFO        [Odam-CRE-A          ]  imread masks   5.0s
2026-05-12 06:20:13  INFO        [Odam-CRE-A          ]  load+combine   28.1s total
2026-05-12 06:22:02  INFO      fold=2 ep=35 loss=1.5563 dice=0.0795 inc=0.011 bone=0.014 molar=0.213 ep_s=94.3 val_s=136.2
2026-05-12 06:23:04  INFO      Fold 2 ep 36: loss=1.5287  epoch=62.0s  data_wait=42.9s  gpu=19.1s
2026-05-12 06:23:55  INFO      Fold 2 ep 37: loss=1.5633  epoch=51.6s  data_wait=32.7s  gpu=18.9s
2026-05-12 06:24:55  INFO      Fold 2 ep 38: loss=1.5473  epoch=59.2s  data_wait=33.5s  gpu=25.8s
2026-05-12 06:25:49  INFO      Fold 2 ep 39: loss=1.5536  epoch=54.8s  data_wait=35.4s  gpu=19.3s
2026-05-12 06:26:50  INFO      Fold 2 ep 40: loss=1.5215  epoch=60.5s  data_wait=34.9s  gpu=25.6s
2026-05-12 06:26:54  INFO        [Odam-CRE-A          ]  imread image   4.3s  shape=(1405, 479, 839)  2259 MB
2026-05-12 06:27:15  INFO        [Odam-CRE-A          ]  imread masks   4.4s
2026-05-12 06:27:15  INFO        [Odam-CRE-A          ]  load+combine   25.5s total
2026-05-12 06:28:59  INFO      fold=2 ep=40 loss=1.5215 dice=0.1444 inc=0.041 bone=0.179 molar=0.213 ep_s=60.5 val_s=128.6
2026-05-12 06:30:00  INFO      Fold 2 ep 41: loss=1.5346  epoch=61.6s  data_wait=42.6s  gpu=19.0s
2026-05-12 06:30:59  INFO      Fold 2 ep 42: loss=1.5058  epoch=58.3s  data_wait=32.8s  gpu=25.4s
2026-05-12 06:31:58  INFO      Fold 2 ep 43: loss=1.5190  epoch=59.1s  data_wait=33.0s  gpu=26.1s
2026-05-12 06:32:57  INFO      Fold 2 ep 44: loss=1.5264  epoch=59.3s  data_wait=33.4s  gpu=25.8s
2026-05-12 06:33:57  INFO      Fold 2 ep 45: loss=1.4782  epoch=59.6s  data_wait=34.0s  gpu=25.7s
2026-05-12 06:34:02  INFO        [Odam-CRE-A          ]  imread image   4.7s  shape=(1405, 479, 839)  2259 MB
2026-05-12 06:34:24  INFO        [Odam-CRE-A          ]  imread masks   4.5s
2026-05-12 06:34:24  INFO        [Odam-CRE-A          ]  load+combine   27.5s total
2026-05-12 06:34:59  INFO      fold=2 ep=45 loss=1.4782 dice=0.3066 inc=0.040 bone=0.632 molar=0.248 ep_s=59.6 val_s=61.7
2026-05-12 06:36:30  INFO      Fold 2 ep 46: loss=1.5195  epoch=91.3s  data_wait=13.3s  gpu=78.0s
2026-05-12 06:37:58  INFO      Fold 2 ep 47: loss=1.4764  epoch=87.5s  data_wait=13.9s  gpu=73.6s
2026-05-12 06:39:24  INFO      Fold 2 ep 48: loss=1.4995  epoch=85.8s  data_wait=12.7s  gpu=73.1s
2026-05-12 06:40:50  INFO      Fold 2 ep 49: loss=1.4876  epoch=86.1s  data_wait=12.4s  gpu=73.7s
2026-05-12 06:42:17  INFO      Fold 2 ep 50: loss=1.4653  epoch=87.8s  data_wait=13.5s  gpu=74.3s
2026-05-12 06:42:22  INFO        [Odam-CRE-A          ]  imread image   4.4s  shape=(1405, 479, 839)  2259 MB
2026-05-12 06:42:43  INFO        [Odam-CRE-A          ]  imread masks   5.2s
2026-05-12 06:42:43  INFO        [Odam-CRE-A          ]  load+combine   25.8s total
2026-05-12 06:46:02  INFO      fold=2 ep=50 loss=1.4653 dice=0.3701 inc=0.389 bone=0.479 molar=0.242 ep_s=87.8 val_s=224.0
2026-05-12 06:47:00  INFO      Fold 2 ep 51: loss=1.4467  epoch=58.2s  data_wait=39.3s  gpu=18.9s
2026-05-12 06:47:55  INFO      Fold 2 ep 52: loss=1.4523  epoch=55.2s  data_wait=29.8s  gpu=25.3s
2026-05-12 06:48:52  INFO      Fold 2 ep 53: loss=1.4544  epoch=57.2s  data_wait=31.2s  gpu=26.0s
2026-05-12 06:49:50  INFO      Fold 2 ep 54: loss=1.4653  epoch=58.0s  data_wait=32.1s  gpu=25.9s
2026-05-12 06:50:44  INFO      Fold 2 ep 55: loss=1.4241  epoch=53.5s  data_wait=27.8s  gpu=25.7s
2026-05-12 06:50:48  INFO        [Odam-CRE-A          ]  imread image   4.5s  shape=(1405, 479, 839)  2259 MB
2026-05-12 06:51:11  INFO        [Odam-CRE-A          ]  imread masks   4.4s
2026-05-12 06:51:12  INFO        [Odam-CRE-A          ]  load+combine   28.3s total
2026-05-12 06:51:47  INFO      fold=2 ep=55 loss=1.4241 dice=0.2835 inc=0.113 bone=0.471 molar=0.267 ep_s=53.5 val_s=63.0
2026-05-12 06:53:18  INFO      Fold 2 ep 56: loss=1.4517  epoch=91.1s  data_wait=13.1s  gpu=77.9s
2026-05-12 06:54:45  INFO      Fold 2 ep 57: loss=1.4431  epoch=87.3s  data_wait=13.1s  gpu=74.2s
2026-05-12 06:56:14  INFO      Fold 2 ep 58: loss=1.4248  epoch=88.3s  data_wait=13.5s  gpu=74.8s
2026-05-12 06:57:41  INFO      Fold 2 ep 59: loss=1.4582  epoch=87.5s  data_wait=13.4s  gpu=74.2s
2026-05-12 06:59:09  INFO      Fold 2 ep 60: loss=1.4758  epoch=88.1s  data_wait=14.6s  gpu=73.5s
2026-05-12 06:59:14  INFO        [Odam-CRE-A          ]  imread image   4.6s  shape=(1405, 479, 839)  2259 MB
2026-05-12 06:59:34  INFO        [Odam-CRE-A          ]  imread masks   5.1s
2026-05-12 06:59:35  INFO        [Odam-CRE-A          ]  load+combine   25.6s total
2026-05-12 07:02:54  INFO      fold=2 ep=60 loss=1.4758 dice=0.4000 inc=0.276 bone=0.647 molar=0.276 ep_s=88.1 val_s=224.7
2026-05-12 07:03:57  INFO      Fold 2 ep 61: loss=1.4460  epoch=62.7s  data_wait=43.5s  gpu=19.2s
2026-05-12 07:04:56  INFO      Fold 2 ep 62: loss=1.4273  epoch=59.3s  data_wait=33.4s  gpu=25.9s
2026-05-12 07:05:55  INFO      Fold 2 ep 63: loss=1.4438  epoch=58.5s  data_wait=32.7s  gpu=25.8s
2026-05-12 07:06:55  INFO      Fold 2 ep 64: loss=1.4498  epoch=60.0s  data_wait=33.8s  gpu=26.2s
2026-05-12 07:07:55  INFO      Fold 2 ep 65: loss=1.4403  epoch=59.8s  data_wait=34.5s  gpu=25.3s
2026-05-12 07:07:59  INFO        [Odam-CRE-A          ]  imread image   4.1s  shape=(1405, 479, 839)  2259 MB
2026-05-12 07:08:21  INFO        [Odam-CRE-A          ]  imread masks   4.9s
2026-05-12 07:08:21  INFO        [Odam-CRE-A          ]  load+combine   26.8s total
2026-05-12 07:08:56  INFO      fold=2 ep=65 loss=1.4403 dice=0.3483 inc=0.252 bone=0.519 molar=0.274 ep_s=59.8 val_s=61.3
2026-05-12 07:10:28  INFO      Fold 2 ep 66: loss=1.4220  epoch=91.9s  data_wait=13.8s  gpu=78.1s
2026-05-12 07:11:54  INFO      Fold 2 ep 67: loss=1.4264  epoch=86.1s  data_wait=12.8s  gpu=73.3s
2026-05-12 07:13:21  INFO      Fold 2 ep 68: loss=1.4169  epoch=87.2s  data_wait=13.4s  gpu=73.8s
2026-05-12 07:14:48  INFO      Fold 2 ep 69: loss=1.4048  epoch=87.2s  data_wait=13.2s  gpu=74.1s
2026-05-12 07:16:15  INFO      Fold 2 ep 70: loss=1.4275  epoch=86.6s  data_wait=13.1s  gpu=73.5s
2026-05-12 07:16:20  INFO        [Odam-CRE-A          ]  imread image   4.4s  shape=(1405, 479, 839)  2259 MB
2026-05-12 07:16:41  INFO        [Odam-CRE-A          ]  imread masks   5.4s
2026-05-12 07:16:41  INFO        [Odam-CRE-A          ]  load+combine   26.4s total
2026-05-12 07:19:59  INFO      fold=2 ep=70 loss=1.4275 dice=0.5046 inc=0.515 bone=0.728 molar=0.272 ep_s=86.6 val_s=224.0
2026-05-12 07:20:59  INFO      Fold 2 ep 71: loss=1.4155  epoch=59.5s  data_wait=40.6s  gpu=18.9s
2026-05-12 07:21:58  INFO      Fold 2 ep 72: loss=1.4410  epoch=59.4s  data_wait=33.9s  gpu=25.5s
2026-05-12 07:22:59  INFO      Fold 2 ep 73: loss=1.4386  epoch=61.2s  data_wait=35.2s  gpu=26.0s
2026-05-12 07:24:00  INFO      Fold 2 ep 74: loss=1.4052  epoch=60.1s  data_wait=33.8s  gpu=26.2s
2026-05-12 07:24:56  INFO      Fold 2 ep 75: loss=1.4193  epoch=56.8s  data_wait=31.1s  gpu=25.7s
2026-05-12 07:25:01  INFO        [Odam-CRE-A          ]  imread image   4.5s  shape=(1405, 479, 839)  2259 MB
2026-05-12 07:25:24  INFO        [Odam-CRE-A          ]  imread masks   4.8s
2026-05-12 07:25:24  INFO        [Odam-CRE-A          ]  load+combine   28.0s total
2026-05-12 07:25:58  INFO      fold=2 ep=75 loss=1.4193 dice=0.3991 inc=0.151 bone=0.759 molar=0.287 ep_s=56.8 val_s=61.9
2026-05-12 07:27:28  INFO      Fold 2 ep 76: loss=1.4707  epoch=89.4s  data_wait=12.4s  gpu=77.0s
2026-05-12 07:28:54  INFO      Fold 2 ep 77: loss=1.4196  epoch=86.1s  data_wait=13.2s  gpu=72.9s
2026-05-12 07:30:19  INFO      Fold 2 ep 78: loss=1.4263  epoch=85.4s  data_wait=11.9s  gpu=73.5s
2026-05-12 07:31:45  INFO      Fold 2 ep 79: loss=1.4153  epoch=85.8s  data_wait=12.2s  gpu=73.6s
2026-05-12 07:33:13  INFO      Fold 2 ep 80: loss=1.4170  epoch=87.4s  data_wait=13.1s  gpu=74.2s
2026-05-12 07:33:17  INFO        [Odam-CRE-A          ]  imread image   4.5s  shape=(1405, 479, 839)  2259 MB
2026-05-12 07:33:39  INFO        [Odam-CRE-A          ]  imread masks   5.2s
2026-05-12 07:33:39  INFO        [Odam-CRE-A          ]  load+combine   26.6s total
2026-05-12 07:36:58  INFO      fold=2 ep=80 loss=1.4170 dice=0.4221 inc=0.308 bone=0.673 molar=0.285 ep_s=87.4 val_s=225.7
2026-05-12 07:37:57  INFO      Fold 2 ep 81: loss=1.3386  epoch=58.4s  data_wait=39.5s  gpu=18.9s
2026-05-12 07:38:52  INFO      Fold 2 ep 82: loss=1.4195  epoch=54.8s  data_wait=29.0s  gpu=25.8s
2026-05-12 07:39:50  INFO      Fold 2 ep 83: loss=1.4145  epoch=58.8s  data_wait=32.9s  gpu=25.9s
2026-05-12 07:40:49  INFO      Fold 2 ep 84: loss=1.3806  epoch=58.1s  data_wait=32.1s  gpu=26.0s
2026-05-12 07:41:48  INFO      Fold 2 ep 85: loss=1.3924  epoch=59.6s  data_wait=33.8s  gpu=25.8s
2026-05-12 07:41:53  INFO        [Odam-CRE-A          ]  imread image   4.5s  shape=(1405, 479, 839)  2259 MB
2026-05-12 07:42:16  INFO        [Odam-CRE-A          ]  imread masks   4.7s
2026-05-12 07:42:16  INFO        [Odam-CRE-A          ]  load+combine   28.2s total
2026-05-12 07:42:51  INFO      fold=2 ep=85 loss=1.3924 dice=0.3999 inc=0.277 bone=0.632 molar=0.291 ep_s=59.6 val_s=63.1
2026-05-12 07:44:24  INFO      Fold 2 ep 86: loss=1.4029  epoch=92.8s  data_wait=14.2s  gpu=78.6s
2026-05-12 07:45:51  INFO      Fold 2 ep 87: loss=1.3740  epoch=86.7s  data_wait=12.6s  gpu=74.1s
2026-05-12 07:47:19  INFO      Fold 2 ep 88: loss=1.3820  epoch=87.6s  data_wait=13.6s  gpu=74.0s
2026-05-12 07:48:46  INFO      Fold 2 ep 89: loss=1.3603  epoch=87.4s  data_wait=13.6s  gpu=73.8s
2026-05-12 07:50:13  INFO      Fold 2 ep 90: loss=1.3479  epoch=86.7s  data_wait=13.4s  gpu=73.4s
2026-05-12 07:50:17  INFO        [Odam-CRE-A          ]  imread image   4.5s  shape=(1405, 479, 839)  2259 MB
2026-05-12 07:50:38  INFO        [Odam-CRE-A          ]  imread masks   4.9s
2026-05-12 07:50:39  INFO        [Odam-CRE-A          ]  load+combine   26.1s total
2026-05-12 07:53:56  INFO      fold=2 ep=90 loss=1.3479 dice=0.4627 inc=0.394 bone=0.705 molar=0.289 ep_s=86.7 val_s=223.7
2026-05-12 07:54:58  INFO      Fold 2 ep 91: loss=1.4214  epoch=61.3s  data_wait=42.4s  gpu=18.8s
2026-05-12 07:55:58  INFO      Fold 2 ep 92: loss=1.3567  epoch=59.7s  data_wait=34.1s  gpu=25.6s
2026-05-12 07:56:56  INFO      Fold 2 ep 93: loss=1.3544  epoch=58.4s  data_wait=32.1s  gpu=26.3s
2026-05-12 07:57:55  INFO      Fold 2 ep 94: loss=1.3477  epoch=59.2s  data_wait=33.0s  gpu=26.2s
2026-05-12 07:58:54  INFO      Fold 2 ep 95: loss=1.3602  epoch=58.7s  data_wait=33.1s  gpu=25.6s
2026-05-12 07:58:58  INFO        [Odam-CRE-A          ]  imread image   4.7s  shape=(1405, 479, 839)  2259 MB
2026-05-12 07:59:22  INFO        [Odam-CRE-A          ]  imread masks   4.8s
2026-05-12 07:59:22  INFO        [Odam-CRE-A          ]  load+combine   28.7s total
2026-05-12 07:59:57  INFO      fold=2 ep=95 loss=1.3602 dice=0.4574 inc=0.333 bone=0.738 molar=0.301 ep_s=58.7 val_s=62.7
2026-05-12 08:01:28  INFO      Fold 2 ep 96: loss=1.3477  epoch=91.0s  data_wait=13.0s  gpu=77.9s
2026-05-12 08:02:55  INFO      Fold 2 ep 97: loss=1.3909  epoch=86.9s  data_wait=13.7s  gpu=73.2s
2026-05-12 08:04:23  INFO      Fold 2 ep 98: loss=1.3579  epoch=88.3s  data_wait=14.7s  gpu=73.5s
2026-05-12 08:05:50  INFO      Fold 2 ep 99: loss=1.3395  epoch=87.4s  data_wait=14.1s  gpu=73.3s
2026-05-12 08:07:18  INFO      Fold 2 ep 100: loss=1.3400  epoch=87.3s  data_wait=12.5s  gpu=74.8s
2026-05-12 08:07:22  INFO        [Odam-CRE-A          ]  imread image   4.4s  shape=(1405, 479, 839)  2259 MB
2026-05-12 08:07:43  INFO        [Odam-CRE-A          ]  imread masks   5.3s
2026-05-12 08:07:44  INFO        [Odam-CRE-A          ]  load+combine   26.2s total
2026-05-12 08:11:02  INFO      fold=2 ep=100 loss=1.3400 dice=0.4259 inc=0.448 bone=0.549 molar=0.281 ep_s=87.3 val_s=224.5
2026-05-12 08:12:01  INFO      Fold 2 ep 101: loss=1.3212  epoch=59.2s  data_wait=40.1s  gpu=19.1s
2026-05-12 08:12:58  INFO      Fold 2 ep 102: loss=1.3319  epoch=56.6s  data_wait=30.8s  gpu=25.7s
2026-05-12 08:13:54  INFO      Fold 2 ep 103: loss=1.3441  epoch=56.4s  data_wait=30.1s  gpu=26.3s
2026-05-12 08:14:51  INFO      Fold 2 ep 104: loss=1.3859  epoch=57.0s  data_wait=30.9s  gpu=26.1s
2026-05-12 08:15:49  INFO      Fold 2 ep 105: loss=1.3587  epoch=57.3s  data_wait=31.7s  gpu=25.6s
2026-05-12 08:15:53  INFO        [Odam-CRE-A          ]  imread image   4.4s  shape=(1405, 479, 839)  2259 MB
2026-05-12 08:16:16  INFO        [Odam-CRE-A          ]  imread masks   4.7s
2026-05-12 08:16:17  INFO        [Odam-CRE-A          ]  load+combine   27.8s total
2026-05-12 08:16:51  INFO      fold=2 ep=105 loss=1.3587 dice=0.4554 inc=0.462 bone=0.600 molar=0.304 ep_s=57.3 val_s=61.9
2026-05-12 08:18:23  INFO      Fold 2 ep 106: loss=1.3228  epoch=92.1s  data_wait=14.2s  gpu=77.9s
2026-05-12 08:19:49  INFO      Fold 2 ep 107: loss=1.3554  epoch=85.9s  data_wait=12.6s  gpu=73.3s
2026-05-12 08:21:15  INFO      Fold 2 ep 108: loss=1.2946  epoch=86.6s  data_wait=12.8s  gpu=73.8s
2026-05-12 08:22:43  INFO      Fold 2 ep 109: loss=1.3101  epoch=87.2s  data_wait=13.2s  gpu=74.1s
2026-05-12 08:24:10  INFO      Fold 2 ep 110: loss=1.2899  epoch=87.4s  data_wait=13.4s  gpu=74.0s
2026-05-12 08:24:15  INFO        [Odam-CRE-A          ]  imread image   4.4s  shape=(1405, 479, 839)  2259 MB
2026-05-12 08:24:36  INFO        [Odam-CRE-A          ]  imread masks   5.0s
2026-05-12 08:24:36  INFO        [Odam-CRE-A          ]  load+combine   26.2s total
2026-05-12 08:27:53  INFO      fold=2 ep=110 loss=1.2899 dice=0.4865 inc=0.449 bone=0.679 molar=0.332 ep_s=87.4 val_s=223.1
2026-05-12 08:28:54  INFO      Fold 2 ep 111: loss=1.3114  epoch=60.7s  data_wait=42.1s  gpu=18.6s
2026-05-12 08:29:55  INFO      Fold 2 ep 112: loss=1.3152  epoch=60.9s  data_wait=35.1s  gpu=25.8s
2026-05-12 08:30:55  INFO      Fold 2 ep 113: loss=1.2754  epoch=59.6s  data_wait=33.7s  gpu=25.9s
2026-05-12 08:31:54  INFO      Fold 2 ep 114: loss=1.2729  epoch=59.4s  data_wait=33.4s  gpu=26.0s
2026-05-12 08:32:53  INFO      Fold 2 ep 115: loss=1.2728  epoch=59.1s  data_wait=33.3s  gpu=25.8s
2026-05-12 08:32:58  INFO        [Odam-CRE-A          ]  imread image   4.7s  shape=(1405, 479, 839)  2259 MB
2026-05-12 08:33:21  INFO        [Odam-CRE-A          ]  imread masks   4.5s
2026-05-12 08:33:22  INFO        [Odam-CRE-A          ]  load+combine   28.4s total
2026-05-12 08:33:56  INFO      fold=2 ep=115 loss=1.2728 dice=0.4732 inc=0.417 bone=0.670 molar=0.333 ep_s=59.1 val_s=62.8
2026-05-12 08:35:27  INFO      Fold 2 ep 116: loss=1.2780  epoch=90.9s  data_wait=12.7s  gpu=78.2s
2026-05-12 08:36:54  INFO      Fold 2 ep 117: loss=1.2931  epoch=87.1s  data_wait=12.8s  gpu=74.2s
2026-05-12 08:38:23  INFO      Fold 2 ep 118: loss=1.3200  epoch=88.3s  data_wait=14.2s  gpu=74.2s
2026-05-12 08:39:50  INFO      Fold 2 ep 119: loss=1.2541  epoch=87.1s  data_wait=13.1s  gpu=74.0s
2026-05-12 08:41:17  INFO      Fold 2 ep 120: loss=1.2746  epoch=87.1s  data_wait=13.3s  gpu=73.8s
2026-05-12 08:41:21  INFO        [Odam-CRE-A          ]  imread image   4.4s  shape=(1405, 479, 839)  2259 MB
2026-05-12 08:41:40  INFO        [Odam-CRE-A          ]  imread masks   4.9s
2026-05-12 08:41:41  INFO        [Odam-CRE-A          ]  load+combine   24.3s total
2026-05-12 08:45:01  INFO      fold=2 ep=120 loss=1.2746 dice=0.5109 inc=0.558 bone=0.654 molar=0.321 ep_s=87.1 val_s=223.5
2026-05-12 08:46:02  INFO      Fold 2 ep 121: loss=1.2484  epoch=61.7s  data_wait=42.8s  gpu=19.0s
2026-05-12 08:47:02  INFO      Fold 2 ep 122: loss=1.2990  epoch=59.8s  data_wait=34.0s  gpu=25.9s
2026-05-12 08:48:02  INFO      Fold 2 ep 123: loss=1.2503  epoch=59.5s  data_wait=33.3s  gpu=26.3s
2026-05-12 08:48:58  INFO      Fold 2 ep 124: loss=1.3592  epoch=55.7s  data_wait=30.0s  gpu=25.7s
2026-05-12 08:49:54  INFO      Fold 2 ep 125: loss=1.4899  epoch=56.3s  data_wait=30.6s  gpu=25.8s
2026-05-12 08:49:59  INFO        [Odam-CRE-A          ]  imread image   4.7s  shape=(1405, 479, 839)  2259 MB
2026-05-12 08:50:22  INFO        [Odam-CRE-A          ]  imread masks   4.9s
2026-05-12 08:50:22  INFO        [Odam-CRE-A          ]  load+combine   28.4s total
2026-05-12 08:50:57  INFO      fold=2 ep=125 loss=1.4899 dice=0.4533 inc=0.289 bone=0.781 molar=0.289 ep_s=56.3 val_s=62.6
2026-05-12 08:52:29  INFO      Fold 2 ep 126: loss=1.3796  epoch=91.8s  data_wait=13.3s  gpu=78.5s
2026-05-12 08:53:56  INFO      Fold 2 ep 127: loss=1.2896  epoch=87.1s  data_wait=13.2s  gpu=73.9s
2026-05-12 08:55:22  INFO      Fold 2 ep 128: loss=1.2557  epoch=86.8s  data_wait=13.3s  gpu=73.5s
2026-05-12 08:56:49  INFO      Fold 2 ep 129: loss=1.2961  epoch=86.3s  data_wait=12.1s  gpu=74.2s
2026-05-12 08:58:16  INFO      Fold 2 ep 130: loss=1.2549  epoch=87.6s  data_wait=13.4s  gpu=74.2s
2026-05-12 08:58:21  INFO        [Odam-CRE-A          ]  imread image   4.3s  shape=(1405, 479, 839)  2259 MB
2026-05-12 08:58:41  INFO        [Odam-CRE-A          ]  imread masks   5.0s
2026-05-12 08:58:42  INFO        [Odam-CRE-A          ]  load+combine   25.4s total
2026-05-12 09:02:00  INFO      fold=2 ep=130 loss=1.2549 dice=0.4966 inc=0.522 bone=0.633 molar=0.335 ep_s=87.6 val_s=223.4
2026-05-12 09:02:59  INFO      Fold 2 ep 131: loss=1.2602  epoch=58.7s  data_wait=40.0s  gpu=18.7s
2026-05-12 09:03:59  INFO      Fold 2 ep 132: loss=1.2730  epoch=60.6s  data_wait=34.8s  gpu=25.8s
2026-05-12 09:04:57  INFO      Fold 2 ep 133: loss=1.2908  epoch=57.9s  data_wait=31.8s  gpu=26.1s
2026-05-12 09:05:55  INFO      Fold 2 ep 134: loss=1.2642  epoch=57.7s  data_wait=31.7s  gpu=26.0s
2026-05-12 09:06:54  INFO      Fold 2 ep 135: loss=1.2608  epoch=59.5s  data_wait=33.6s  gpu=25.9s
2026-05-12 09:06:59  INFO        [Odam-CRE-A          ]  imread image   4.2s  shape=(1405, 479, 839)  2259 MB
2026-05-12 09:07:27  INFO        [Odam-CRE-A          ]  imread masks   4.9s
2026-05-12 09:07:28  INFO        [Odam-CRE-A          ]  load+combine   33.7s total
2026-05-12 09:08:02  INFO      fold=2 ep=135 loss=1.2608 dice=0.5109 inc=0.637 bone=0.577 molar=0.319 ep_s=59.5 val_s=67.6
2026-05-12 09:09:33  INFO      Fold 2 ep 136: loss=1.2585  epoch=90.4s  data_wait=12.9s  gpu=77.5s
2026-05-12 09:11:00  INFO      Fold 2 ep 137: loss=1.3314  epoch=87.7s  data_wait=14.0s  gpu=73.7s
2026-05-12 09:12:27  INFO      Fold 2 ep 138: loss=1.1954  epoch=87.1s  data_wait=13.5s  gpu=73.6s
2026-05-12 09:13:56  INFO      Fold 2 ep 139: loss=1.2276  epoch=88.3s  data_wait=14.0s  gpu=74.3s
2026-05-12 09:15:22  INFO      Fold 2 ep 140: loss=1.2320  epoch=86.4s  data_wait=12.7s  gpu=73.8s
2026-05-12 09:15:26  INFO        [Odam-CRE-A          ]  imread image   4.2s  shape=(1405, 479, 839)  2259 MB
2026-05-12 09:15:46  INFO        [Odam-CRE-A          ]  imread masks   5.2s
2026-05-12 09:15:46  INFO        [Odam-CRE-A          ]  load+combine   24.2s total
2026-05-12 09:19:02  INFO      fold=2 ep=140 loss=1.2320 dice=0.5154 inc=0.621 bone=0.603 molar=0.322 ep_s=86.4 val_s=220.1
2026-05-12 09:20:03  INFO      Fold 2 ep 141: loss=1.2214  epoch=60.0s  data_wait=41.4s  gpu=18.6s
2026-05-12 09:21:02  INFO      Fold 2 ep 142: loss=1.2038  epoch=59.4s  data_wait=33.8s  gpu=25.6s
2026-05-12 09:22:04  INFO      Fold 2 ep 143: loss=1.2102  epoch=61.8s  data_wait=35.4s  gpu=26.3s
2026-05-12 09:23:04  INFO      Fold 2 ep 144: loss=1.2543  epoch=60.5s  data_wait=34.8s  gpu=25.7s
2026-05-12 09:24:05  INFO      Fold 2 ep 145: loss=1.2364  epoch=60.3s  data_wait=34.2s  gpu=26.1s
2026-05-12 09:24:09  INFO        [Odam-CRE-A          ]  imread image   4.4s  shape=(1405, 479, 839)  2259 MB
2026-05-12 09:24:32  INFO        [Odam-CRE-A          ]  imread masks   5.3s
2026-05-12 09:24:32  INFO        [Odam-CRE-A          ]  load+combine   27.5s total
2026-05-12 09:25:07  INFO      fold=2 ep=145 loss=1.2364 dice=0.6032 inc=0.697 bone=0.727 molar=0.385 ep_s=60.3 val_s=62.0
2026-05-12 09:26:38  INFO      Fold 2 ep 146: loss=1.2390  epoch=91.2s  data_wait=13.6s  gpu=77.6s
2026-05-12 09:28:07  INFO      Fold 2 ep 147: loss=1.2222  epoch=88.4s  data_wait=14.0s  gpu=74.3s
2026-05-12 09:29:34  INFO      Fold 2 ep 148: loss=1.1965  epoch=87.7s  data_wait=13.6s  gpu=74.1s
2026-05-12 09:31:01  INFO      Fold 2 ep 149: loss=1.1701  epoch=87.0s  data_wait=12.3s  gpu=74.7s
2026-05-12 09:32:28  INFO      Fold 2 ep 150: loss=1.1481  epoch=87.0s  data_wait=12.9s  gpu=74.1s
2026-05-12 09:32:33  INFO        [Odam-CRE-A          ]  imread image   4.3s  shape=(1405, 479, 839)  2259 MB
2026-05-12 09:32:55  INFO        [Odam-CRE-A          ]  imread masks   4.7s
2026-05-12 09:32:56  INFO        [Odam-CRE-A          ]  load+combine   27.9s total
2026-05-12 09:36:14  INFO      fold=2 ep=150 loss=1.1481 dice=0.5152 inc=0.695 bone=0.628 molar=0.223 ep_s=87.0 val_s=226.1
2026-05-12 09:37:14  INFO      Fold 2 ep 151: loss=1.1998  epoch=59.2s  data_wait=40.3s  gpu=18.9s
2026-05-12 09:38:10  INFO      Fold 2 ep 152: loss=1.2756  epoch=56.7s  data_wait=31.0s  gpu=25.7s
2026-05-12 09:39:06  INFO      Fold 2 ep 153: loss=1.4119  epoch=55.5s  data_wait=29.6s  gpu=25.9s
2026-05-12 09:40:03  INFO      Fold 2 ep 154: loss=1.3696  epoch=57.0s  data_wait=31.1s  gpu=25.9s
2026-05-12 09:41:02  INFO      Fold 2 ep 155: loss=1.2357  epoch=59.2s  data_wait=33.3s  gpu=25.9s
2026-05-12 09:41:07  INFO        [Odam-CRE-A          ]  imread image   4.4s  shape=(1405, 479, 839)  2259 MB
2026-05-12 09:41:26  INFO        [Odam-CRE-A          ]  imread masks   4.9s
2026-05-12 09:41:27  INFO        [Odam-CRE-A          ]  load+combine   24.8s total
2026-05-12 09:42:01  INFO      fold=2 ep=155 loss=1.2357 dice=0.5697 inc=0.597 bone=0.781 molar=0.331 ep_s=59.2 val_s=59.3
2026-05-12 09:43:33  INFO      Fold 2 ep 156: loss=1.2405  epoch=91.6s  data_wait=13.1s  gpu=78.5s
2026-05-12 09:45:01  INFO      Fold 2 ep 157: loss=1.2145  epoch=87.5s  data_wait=13.3s  gpu=74.1s
2026-05-12 09:46:27  INFO      Fold 2 ep 158: loss=1.1967  epoch=86.2s  data_wait=12.8s  gpu=73.4s
2026-05-12 09:47:54  INFO      Fold 2 ep 159: loss=1.2148  epoch=87.2s  data_wait=13.5s  gpu=73.8s
2026-05-12 09:49:20  INFO      Fold 2 ep 160: loss=1.1707  epoch=86.2s  data_wait=12.8s  gpu=73.4s
2026-05-12 09:49:25  INFO        [Odam-CRE-A          ]  imread image   4.4s  shape=(1405, 479, 839)  2259 MB
2026-05-12 09:49:48  INFO        [Odam-CRE-A          ]  imread masks   4.8s
2026-05-12 09:49:49  INFO        [Odam-CRE-A          ]  load+combine   28.2s total
2026-05-12 09:53:07  INFO      fold=2 ep=160 loss=1.1707 dice=0.6251 inc=0.727 bone=0.738 molar=0.410 ep_s=86.2 val_s=226.4
2026-05-12 09:54:09  INFO      Fold 2 ep 161: loss=1.1731  epoch=62.0s  data_wait=43.1s  gpu=18.9s
2026-05-12 09:55:11  INFO      Fold 2 ep 162: loss=1.1612  epoch=61.7s  data_wait=35.9s  gpu=25.8s
2026-05-12 09:56:10  INFO      Fold 2 ep 163: loss=1.2101  epoch=59.6s  data_wait=33.6s  gpu=26.0s
2026-05-12 09:57:10  INFO      Fold 2 ep 164: loss=1.2080  epoch=60.0s  data_wait=33.9s  gpu=26.1s
2026-05-12 09:58:08  INFO      Fold 2 ep 165: loss=1.1111  epoch=57.9s  data_wait=32.1s  gpu=25.8s
2026-05-12 09:58:13  INFO        [Odam-CRE-A          ]  imread image   4.6s  shape=(1405, 479, 839)  2259 MB
2026-05-12 09:58:33  INFO        [Odam-CRE-A          ]  imread masks   5.3s
2026-05-12 09:58:34  INFO        [Odam-CRE-A          ]  load+combine   25.8s total
2026-05-12 09:59:09  INFO      fold=2 ep=165 loss=1.1111 dice=0.6659 inc=0.767 bone=0.765 molar=0.465 ep_s=57.9 val_s=60.7
2026-05-12 10:00:41  INFO      Fold 2 ep 166: loss=1.1126  epoch=91.8s  data_wait=12.9s  gpu=78.9s
2026-05-12 10:02:09  INFO      Fold 2 ep 167: loss=1.2260  epoch=87.5s  data_wait=13.1s  gpu=74.4s
2026-05-12 10:03:36  INFO      Fold 2 ep 168: loss=1.2147  epoch=87.4s  data_wait=13.4s  gpu=74.1s
2026-05-12 10:05:03  INFO      Fold 2 ep 169: loss=1.3150  epoch=86.7s  data_wait=12.7s  gpu=73.9s
2026-05-12 10:06:31  INFO      Fold 2 ep 170: loss=1.2278  epoch=88.4s  data_wait=14.1s  gpu=74.3s
2026-05-12 10:06:36  INFO        [Odam-CRE-A          ]  imread image   4.4s  shape=(1405, 479, 839)  2259 MB
2026-05-12 10:06:58  INFO        [Odam-CRE-A          ]  imread masks   4.8s
2026-05-12 10:06:59  INFO        [Odam-CRE-A          ]  load+combine   27.6s total
2026-05-12 10:10:17  INFO      fold=2 ep=170 loss=1.2278 dice=0.5969 inc=0.687 bone=0.783 molar=0.321 ep_s=88.4 val_s=226.1
2026-05-12 10:11:15  INFO      Fold 2 ep 171: loss=1.2772  epoch=57.4s  data_wait=38.6s  gpu=18.7s
2026-05-12 10:12:12  INFO      Fold 2 ep 172: loss=1.1819  epoch=56.8s  data_wait=30.9s  gpu=25.9s
2026-05-12 10:13:09  INFO      Fold 2 ep 173: loss=1.1535  epoch=57.0s  data_wait=30.8s  gpu=26.1s
2026-05-12 10:14:05  INFO      Fold 2 ep 174: loss=1.1620  epoch=56.0s  data_wait=30.1s  gpu=25.9s
2026-05-12 10:14:58  INFO      Fold 2 ep 175: loss=1.1021  epoch=53.2s  data_wait=27.6s  gpu=25.6s
2026-05-12 10:15:02  INFO        [Odam-CRE-A          ]  imread image   4.4s  shape=(1405, 479, 839)  2259 MB
2026-05-12 10:15:23  INFO        [Odam-CRE-A          ]  imread masks   5.1s
2026-05-12 10:15:23  INFO        [Odam-CRE-A          ]  load+combine   25.6s total
2026-05-12 10:15:58  INFO      fold=2 ep=175 loss=1.1021 dice=0.6365 inc=0.772 bone=0.715 molar=0.423 ep_s=53.2 val_s=59.8
2026-05-12 10:17:29  INFO      Fold 2 ep 176: loss=1.1953  epoch=91.5s  data_wait=13.6s  gpu=77.9s
2026-05-12 10:18:56  INFO      Fold 2 ep 177: loss=1.2097  epoch=87.2s  data_wait=13.2s  gpu=73.9s
2026-05-12 10:20:23  INFO      Fold 2 ep 178: loss=1.1497  epoch=86.1s  data_wait=12.2s  gpu=73.9s
2026-05-12 10:21:49  INFO      Fold 2 ep 179: loss=1.1021  epoch=86.5s  data_wait=12.6s  gpu=73.9s
2026-05-12 10:23:15  INFO      Fold 2 ep 180: loss=1.0917  epoch=86.3s  data_wait=12.8s  gpu=73.5s
2026-05-12 10:23:19  INFO        [Odam-CRE-A          ]  imread image   3.4s  shape=(1405, 479, 839)  2259 MB
2026-05-12 10:23:41  INFO        [Odam-CRE-A          ]  imread masks   4.9s
2026-05-12 10:23:41  INFO        [Odam-CRE-A          ]  load+combine   25.9s total
2026-05-12 10:26:59  INFO      fold=2 ep=180 loss=1.0917 dice=0.6563 inc=0.834 bone=0.724 molar=0.411 ep_s=86.3 val_s=223.9
2026-05-12 10:27:58  INFO      Fold 2 ep 181: loss=1.0481  epoch=58.9s  data_wait=40.4s  gpu=18.5s
2026-05-12 10:28:58  INFO      Fold 2 ep 182: loss=1.0733  epoch=59.8s  data_wait=33.9s  gpu=25.9s
2026-05-12 10:29:58  INFO      Fold 2 ep 183: loss=1.1026  epoch=60.0s  data_wait=33.7s  gpu=26.2s
2026-05-12 10:30:58  INFO      Fold 2 ep 184: loss=1.0766  epoch=59.5s  data_wait=33.5s  gpu=25.9s
2026-05-12 10:31:58  INFO      Fold 2 ep 185: loss=1.0552  epoch=60.5s  data_wait=34.6s  gpu=25.9s
2026-05-12 10:32:03  INFO        [Odam-CRE-A          ]  imread image   4.5s  shape=(1405, 479, 839)  2259 MB
2026-05-12 10:32:24  INFO        [Odam-CRE-A          ]  imread masks   5.3s
2026-05-12 10:32:25  INFO        [Odam-CRE-A          ]  load+combine   26.4s total
2026-05-12 10:32:59  INFO      fold=2 ep=185 loss=1.0552 dice=0.6487 inc=0.745 bone=0.810 molar=0.391 ep_s=60.5 val_s=60.9
2026-05-12 10:34:31  INFO      Fold 2 ep 186: loss=1.1700  epoch=92.3s  data_wait=14.0s  gpu=78.3s
2026-05-12 10:35:59  INFO      Fold 2 ep 187: loss=1.1346  epoch=88.0s  data_wait=13.6s  gpu=74.4s
2026-05-12 10:37:27  INFO      Fold 2 ep 188: loss=1.1323  epoch=87.1s  data_wait=13.7s  gpu=73.4s
2026-05-12 10:38:54  INFO      Fold 2 ep 189: loss=1.0742  epoch=87.8s  data_wait=13.4s  gpu=74.5s
2026-05-12 10:40:21  INFO      Fold 2 ep 190: loss=1.0752  epoch=86.9s  data_wait=13.3s  gpu=73.6s
2026-05-12 10:40:25  INFO        [Odam-CRE-A          ]  imread image   4.0s  shape=(1405, 479, 839)  2259 MB
2026-05-12 10:40:53  INFO        [Odam-CRE-A          ]  imread masks   4.8s
2026-05-12 10:40:54  INFO        [Odam-CRE-A          ]  load+combine   32.4s total
2026-05-12 10:44:12  INFO      fold=2 ep=190 loss=1.0752 dice=0.5973 inc=0.806 bone=0.641 molar=0.345 ep_s=86.9 val_s=231.1
2026-05-12 10:45:13  INFO      Fold 2 ep 191: loss=1.0547  epoch=60.0s  data_wait=41.0s  gpu=19.0s
2026-05-12 10:46:12  INFO      Fold 2 ep 192: loss=1.0658  epoch=59.2s  data_wait=33.7s  gpu=25.4s
2026-05-12 10:47:09  INFO      Fold 2 ep 193: loss=0.9952  epoch=57.6s  data_wait=31.7s  gpu=25.9s
2026-05-12 10:48:10  INFO      Fold 2 ep 194: loss=0.9858  epoch=60.1s  data_wait=33.9s  gpu=26.3s
2026-05-12 10:49:10  INFO      Fold 2 ep 195: loss=1.0011  epoch=60.0s  data_wait=34.3s  gpu=25.7s
2026-05-12 10:49:14  INFO        [Odam-CRE-A          ]  imread image   4.4s  shape=(1405, 479, 839)  2259 MB
2026-05-12 10:49:33  INFO        [Odam-CRE-A          ]  imread masks   4.6s
2026-05-12 10:49:34  INFO        [Odam-CRE-A          ]  load+combine   24.1s total
2026-05-12 10:50:08  INFO      fold=2 ep=195 loss=1.0011 dice=0.7026 inc=0.856 bone=0.746 molar=0.506 ep_s=60.0 val_s=58.1
2026-05-12 10:51:40  INFO      Fold 2 ep 196: loss=1.0449  epoch=92.1s  data_wait=13.8s  gpu=78.2s
2026-05-12 10:53:07  INFO      Fold 2 ep 197: loss=1.0128  epoch=87.3s  data_wait=13.2s  gpu=74.1s
2026-05-12 10:54:34  INFO      Fold 2 ep 198: loss=1.0087  epoch=86.5s  data_wait=12.7s  gpu=73.8s
2026-05-12 10:56:01  INFO      Fold 2 ep 199: loss=1.0056  epoch=86.9s  data_wait=12.8s  gpu=74.0s
2026-05-12 10:57:27  INFO      Fold 2 ep 200: loss=1.0193  epoch=86.3s  data_wait=12.8s  gpu=73.4s
2026-05-12 10:57:32  INFO        [Odam-CRE-A          ]  imread image   4.7s  shape=(1405, 479, 839)  2259 MB
2026-05-12 10:57:55  INFO        [Odam-CRE-A          ]  imread masks   4.6s
2026-05-12 10:57:56  INFO        [Odam-CRE-A          ]  load+combine   29.0s total
2026-05-12 11:01:14  INFO      fold=2 ep=200 loss=1.0193 dice=0.7428 inc=0.864 bone=0.793 molar=0.571 ep_s=86.3 val_s=226.9
2026-05-12 11:02:13  INFO      Fold 2 ep 201: loss=1.0146  epoch=59.1s  data_wait=40.4s  gpu=18.7s
2026-05-12 11:03:10  INFO      Fold 2 ep 202: loss=0.9942  epoch=56.3s  data_wait=30.4s  gpu=25.9s
2026-05-12 11:04:08  INFO      Fold 2 ep 203: loss=0.9453  epoch=58.6s  data_wait=32.6s  gpu=26.0s
2026-05-12 11:05:11  INFO      Fold 2 ep 204: loss=1.0316  epoch=62.3s  data_wait=36.5s  gpu=25.8s
2026-05-12 11:06:10  INFO      Fold 2 ep 205: loss=1.1738  epoch=59.0s  data_wait=33.0s  gpu=26.0s
2026-05-12 11:06:14  INFO        [Odam-CRE-A          ]  imread image   4.7s  shape=(1405, 479, 839)  2259 MB
2026-05-12 11:06:34  INFO        [Odam-CRE-A          ]  imread masks   5.1s
2026-05-12 11:06:35  INFO        [Odam-CRE-A          ]  load+combine   25.4s total
2026-05-12 11:07:09  INFO      fold=2 ep=205 loss=1.1738 dice=0.7870 inc=0.806 bone=0.901 molar=0.654 ep_s=59.0 val_s=59.7
2026-05-12 11:08:41  INFO      Fold 2 ep 206: loss=1.1254  epoch=91.3s  data_wait=13.7s  gpu=77.5s
2026-05-12 11:10:08  INFO      Fold 2 ep 207: loss=1.0476  epoch=87.0s  data_wait=13.2s  gpu=73.8s
2026-05-12 11:11:35  INFO      Fold 2 ep 208: loss=0.9918  epoch=87.5s  data_wait=14.2s  gpu=73.3s
2026-05-12 11:13:02  INFO      Fold 2 ep 209: loss=1.0309  epoch=86.9s  data_wait=13.4s  gpu=73.4s
2026-05-12 11:14:29  INFO      Fold 2 ep 210: loss=0.9739  epoch=86.7s  data_wait=13.3s  gpu=73.4s
2026-05-12 11:14:34  INFO        [Odam-CRE-A          ]  imread image   4.7s  shape=(1405, 479, 839)  2259 MB
2026-05-12 11:14:56  INFO        [Odam-CRE-A          ]  imread masks   4.6s
2026-05-12 11:14:57  INFO        [Odam-CRE-A          ]  load+combine   28.1s total
2026-05-12 11:18:15  INFO      fold=2 ep=210 loss=0.9739 dice=0.6910 inc=0.870 bone=0.725 molar=0.478 ep_s=86.7 val_s=225.8
2026-05-12 11:19:07  INFO      Fold 2 ep 211: loss=1.0350  epoch=52.1s  data_wait=33.4s  gpu=18.6s
2026-05-12 11:19:58  INFO      Fold 2 ep 212: loss=1.0706  epoch=50.9s  data_wait=25.6s  gpu=25.2s
2026-05-12 11:20:47  INFO      Fold 2 ep 213: loss=1.0014  epoch=48.7s  data_wait=23.3s  gpu=25.3s
2026-05-12 11:21:34  INFO      Fold 2 ep 214: loss=1.0491  epoch=47.3s  data_wait=22.2s  gpu=25.2s
2026-05-12 11:22:20  INFO      Fold 2 ep 215: loss=1.0356  epoch=45.9s  data_wait=20.8s  gpu=25.1s
2026-05-12 11:22:25  INFO        [Odam-CRE-A          ]  imread image   4.9s  shape=(1405, 479, 839)  2259 MB
2026-05-12 11:22:47  INFO        [Odam-CRE-A          ]  imread masks   6.0s
2026-05-12 11:22:48  INFO        [Odam-CRE-A          ]  load+combine   27.6s total
2026-05-12 11:23:22  INFO      fold=2 ep=215 loss=1.0356 dice=0.7574 inc=0.875 bone=0.833 molar=0.564 ep_s=45.9 val_s=61.6
2026-05-12 11:24:50  INFO      Fold 2 ep 216: loss=0.9587  epoch=88.6s  data_wait=10.7s  gpu=77.9s
2026-05-12 11:26:15  INFO      Fold 2 ep 217: loss=0.9342  epoch=84.7s  data_wait=10.2s  gpu=74.5s
2026-05-12 11:27:39  INFO      Fold 2 ep 218: loss=1.0065  epoch=83.5s  data_wait=10.0s  gpu=73.5s
2026-05-12 11:29:02  INFO      Fold 2 ep 219: loss=0.9574  epoch=83.9s  data_wait=10.1s  gpu=73.8s
2026-05-12 11:30:26  INFO      Fold 2 ep 220: loss=0.9892  epoch=83.9s  data_wait=9.7s  gpu=74.2s
2026-05-12 11:30:30  INFO        [Odam-CRE-A          ]  imread image   4.0s  shape=(1405, 479, 839)  2259 MB
2026-05-12 11:30:55  INFO        [Odam-CRE-A          ]  imread masks   5.7s
2026-05-12 11:30:56  INFO        [Odam-CRE-A          ]  load+combine   29.6s total
2026-05-12 11:34:14  INFO      fold=2 ep=220 loss=0.9892 dice=0.6716 inc=0.804 bone=0.750 molar=0.461 ep_s=83.9 val_s=227.6
2026-05-12 11:35:02  INFO      Fold 2 ep 221: loss=0.9612  epoch=48.3s  data_wait=29.9s  gpu=18.3s
2026-05-12 11:35:49  INFO      Fold 2 ep 222: loss=0.9488  epoch=46.2s  data_wait=21.0s  gpu=25.2s
2026-05-12 11:36:34  INFO      Fold 2 ep 223: loss=0.9109  epoch=45.5s  data_wait=19.9s  gpu=25.5s
2026-05-12 11:37:19  INFO      Fold 2 ep 224: loss=0.9406  epoch=44.4s  data_wait=19.1s  gpu=25.2s
2026-05-12 11:38:04  INFO      Fold 2 ep 225: loss=0.9368  epoch=45.1s  data_wait=19.8s  gpu=25.3s
2026-05-12 11:38:09  INFO        [Odam-CRE-A          ]  imread image   4.9s  shape=(1405, 479, 839)  2259 MB
2026-05-12 11:38:32  INFO        [Odam-CRE-A          ]  imread masks   5.6s
2026-05-12 11:38:33  INFO        [Odam-CRE-A          ]  load+combine   29.2s total
2026-05-12 11:39:07  INFO      fold=2 ep=225 loss=0.9368 dice=0.8003 inc=0.896 bone=0.864 molar=0.640 ep_s=45.1 val_s=63.1
2026-05-12 11:40:35  INFO      Fold 2 ep 226: loss=0.9300  epoch=88.2s  data_wait=10.1s  gpu=78.0s
2026-05-12 11:41:59  INFO      Fold 2 ep 227: loss=0.9298  epoch=83.9s  data_wait=10.1s  gpu=73.8s
2026-05-12 11:43:24  INFO      Fold 2 ep 228: loss=0.9707  epoch=85.1s  data_wait=10.7s  gpu=74.3s
2026-05-12 11:44:48  INFO      Fold 2 ep 229: loss=0.9595  epoch=84.0s  data_wait=10.0s  gpu=74.0s
2026-05-12 11:46:13  INFO      Fold 2 ep 230: loss=0.9475  epoch=84.8s  data_wait=10.3s  gpu=74.5s
2026-05-12 11:46:18  INFO        [Odam-CRE-A          ]  imread image   5.0s  shape=(1405, 479, 839)  2259 MB
2026-05-12 11:46:41  INFO        [Odam-CRE-A          ]  imread masks   6.0s
2026-05-12 11:46:41  INFO        [Odam-CRE-A          ]  load+combine   28.3s total
2026-05-12 11:50:00  INFO      fold=2 ep=230 loss=0.9475 dice=0.6590 inc=0.891 bone=0.649 molar=0.437 ep_s=84.8 val_s=227.1
2026-05-12 11:50:49  INFO      Fold 2 ep 231: loss=0.9061  epoch=48.7s  data_wait=30.2s  gpu=18.5s
2026-05-12 11:51:37  INFO      Fold 2 ep 232: loss=0.8877  epoch=47.8s  data_wait=22.6s  gpu=25.2s
2026-05-12 11:52:24  INFO      Fold 2 ep 233: loss=0.9041  epoch=46.8s  data_wait=21.6s  gpu=25.2s
2026-05-12 11:53:10  INFO      Fold 2 ep 234: loss=0.8945  epoch=46.7s  data_wait=21.3s  gpu=25.4s
2026-05-12 11:53:56  INFO      Fold 2 ep 235: loss=0.8807  epoch=45.3s  data_wait=20.3s  gpu=24.9s
2026-05-12 11:54:00  INFO        [Odam-CRE-A          ]  imread image   4.4s  shape=(1405, 479, 839)  2259 MB
2026-05-12 11:54:24  INFO        [Odam-CRE-A          ]  imread masks   5.5s
2026-05-12 11:54:25  INFO        [Odam-CRE-A          ]  load+combine   29.1s total
2026-05-12 11:54:59  INFO      fold=2 ep=235 loss=0.8807 dice=0.8027 inc=0.866 bone=0.866 molar=0.676 ep_s=45.3 val_s=62.8
2026-05-12 11:56:25  INFO      Fold 2 ep 236: loss=0.9000  epoch=86.7s  data_wait=10.3s  gpu=76.4s
2026-05-12 11:57:46  INFO      Fold 2 ep 237: loss=0.9623  epoch=80.9s  data_wait=9.2s  gpu=71.7s
2026-05-12 11:59:09  INFO      Fold 2 ep 238: loss=0.9181  epoch=83.1s  data_wait=10.9s  gpu=72.2s
2026-05-12 12:00:35  INFO      Fold 2 ep 239: loss=0.8620  epoch=85.2s  data_wait=10.4s  gpu=74.7s
2026-05-12 12:01:59  INFO      Fold 2 ep 240: loss=0.8235  epoch=84.0s  data_wait=10.0s  gpu=74.0s
2026-05-12 12:02:03  INFO        [Odam-CRE-A          ]  imread image   4.7s  shape=(1405, 479, 839)  2259 MB
2026-05-12 12:02:25  INFO        [Odam-CRE-A          ]  imread masks   6.4s
2026-05-12 12:02:25  INFO        [Odam-CRE-A          ]  load+combine   26.8s total
2026-05-12 12:05:44  INFO      fold=2 ep=240 loss=0.8235 dice=0.7872 inc=0.867 bone=0.865 molar=0.630 ep_s=84.0 val_s=225.6
2026-05-12 12:06:33  INFO      Fold 2 ep 241: loss=0.9085  epoch=48.5s  data_wait=29.8s  gpu=18.6s
2026-05-12 12:07:21  INFO      Fold 2 ep 242: loss=0.9214  epoch=48.0s  data_wait=22.9s  gpu=25.2s
2026-05-12 12:08:06  INFO      Fold 2 ep 243: loss=0.9319  epoch=44.8s  data_wait=19.7s  gpu=25.0s
2026-05-12 12:08:51  INFO      Fold 2 ep 244: loss=0.8996  epoch=45.2s  data_wait=20.2s  gpu=24.9s
2026-05-12 12:09:35  INFO      Fold 2 ep 245: loss=0.8546  epoch=44.1s  data_wait=19.2s  gpu=24.9s
2026-05-12 12:09:39  INFO        [Odam-CRE-A          ]  imread image   4.4s  shape=(1405, 479, 839)  2259 MB
2026-05-12 12:10:03  INFO        [Odam-CRE-A          ]  imread masks   5.6s
2026-05-12 12:10:04  INFO        [Odam-CRE-A          ]  load+combine   28.8s total
2026-05-12 12:10:38  INFO      fold=2 ep=245 loss=0.8546 dice=0.8345 inc=0.921 bone=0.894 molar=0.688 ep_s=44.1 val_s=63.1
2026-05-12 12:12:08  INFO      Fold 2 ep 246: loss=0.9417  epoch=89.4s  data_wait=10.6s  gpu=78.8s
2026-05-12 12:13:31  INFO      Fold 2 ep 247: loss=0.8904  epoch=83.4s  data_wait=9.7s  gpu=73.7s
2026-05-12 12:14:55  INFO      Fold 2 ep 248: loss=0.8808  epoch=83.6s  data_wait=9.2s  gpu=74.4s
2026-05-12 12:16:19  INFO      Fold 2 ep 249: loss=0.8758  epoch=84.5s  data_wait=10.3s  gpu=74.2s
2026-05-12 12:17:43  INFO      Fold 2 ep 250: loss=0.8779  epoch=83.6s  data_wait=9.6s  gpu=74.0s
2026-05-12 12:17:48  INFO        [Odam-CRE-A          ]  imread image   5.0s  shape=(1405, 479, 839)  2259 MB
2026-05-12 12:18:09  INFO        [Odam-CRE-A          ]  imread masks   6.3s
2026-05-12 12:18:10  INFO        [Odam-CRE-A          ]  load+combine   27.3s total
2026-05-12 12:21:27  INFO      fold=2 ep=250 loss=0.8779 dice=0.8177 inc=0.869 bone=0.898 molar=0.686 ep_s=83.6 val_s=224.5
2026-05-12 12:22:14  INFO      Fold 2 ep 251: loss=0.9150  epoch=46.9s  data_wait=28.5s  gpu=18.4s
2026-05-12 12:23:05  INFO      Fold 2 ep 252: loss=0.8622  epoch=50.7s  data_wait=25.0s  gpu=25.6s
2026-05-12 12:23:56  INFO      Fold 2 ep 253: loss=0.8717  epoch=51.3s  data_wait=25.5s  gpu=25.8s
2026-05-12 12:24:46  INFO      Fold 2 ep 254: loss=0.8855  epoch=49.1s  data_wait=23.6s  gpu=25.5s
2026-05-12 12:25:33  INFO      Fold 2 ep 255: loss=0.8612  epoch=47.4s  data_wait=22.6s  gpu=24.8s
2026-05-12 12:25:38  INFO        [Odam-CRE-A          ]  imread image   5.3s  shape=(1405, 479, 839)  2259 MB
2026-05-12 12:26:04  INFO        [Odam-CRE-A          ]  imread masks   5.5s
2026-05-12 12:26:05  INFO        [Odam-CRE-A          ]  load+combine   31.8s total
2026-05-12 12:26:39  INFO      fold=2 ep=255 loss=0.8612 dice=0.8202 inc=0.908 bone=0.874 molar=0.678 ep_s=47.4 val_s=66.1
2026-05-12 12:28:07  INFO      Fold 2 ep 256: loss=0.8573  epoch=88.0s  data_wait=10.0s  gpu=78.0s
2026-05-12 12:29:31  INFO      Fold 2 ep 257: loss=0.8412  epoch=84.1s  data_wait=9.7s  gpu=74.4s
2026-05-12 12:30:56  INFO      Fold 2 ep 258: loss=0.8276  epoch=84.5s  data_wait=10.1s  gpu=74.4s
2026-05-12 12:32:20  INFO      Fold 2 ep 259: loss=0.8310  epoch=84.1s  data_wait=9.6s  gpu=74.5s
2026-05-12 12:33:45  INFO      Fold 2 ep 260: loss=0.8979  epoch=84.6s  data_wait=10.5s  gpu=74.1s
2026-05-12 12:33:49  INFO        [Odam-CRE-A          ]  imread image   4.4s  shape=(1405, 479, 839)  2259 MB
2026-05-12 12:34:10  INFO        [Odam-CRE-A          ]  imread masks   6.0s
2026-05-12 12:34:10  INFO        [Odam-CRE-A          ]  load+combine   25.5s total
2026-05-12 12:37:29  INFO      fold=2 ep=260 loss=0.8979 dice=0.7873 inc=0.869 bone=0.844 molar=0.650 ep_s=84.6 val_s=224.2
2026-05-12 12:38:18  INFO      Fold 2 ep 261: loss=0.8275  epoch=48.5s  data_wait=30.3s  gpu=18.3s
2026-05-12 12:39:05  INFO      Fold 2 ep 262: loss=0.9090  epoch=47.3s  data_wait=22.1s  gpu=25.2s
2026-05-12 12:39:51  INFO      Fold 2 ep 263: loss=0.8399  epoch=46.4s  data_wait=21.0s  gpu=25.5s
2026-05-12 12:40:38  INFO      Fold 2 ep 264: loss=0.7997  epoch=46.9s  data_wait=21.5s  gpu=25.4s
2026-05-12 12:41:21  INFO      Fold 2 ep 265: loss=0.8324  epoch=43.2s  data_wait=18.3s  gpu=24.9s
2026-05-12 12:41:26  INFO        [Odam-CRE-A          ]  imread image   5.0s  shape=(1405, 479, 839)  2259 MB
2026-05-12 12:41:51  INFO        [Odam-CRE-A          ]  imread masks   5.7s
2026-05-12 12:41:52  INFO        [Odam-CRE-A          ]  load+combine   30.1s total
2026-05-12 12:42:26  INFO      fold=2 ep=265 loss=0.8324 dice=0.7970 inc=0.897 bone=0.865 molar=0.629 ep_s=43.2 val_s=64.9
2026-05-12 12:43:56  INFO      Fold 2 ep 266: loss=0.8843  epoch=89.0s  data_wait=10.5s  gpu=78.6s
2026-05-12 12:45:20  INFO      Fold 2 ep 267: loss=0.8326  epoch=84.2s  data_wait=10.0s  gpu=74.2s
2026-05-12 12:46:44  INFO      Fold 2 ep 268: loss=0.8383  epoch=84.3s  data_wait=10.1s  gpu=74.2s
2026-05-12 12:48:09  INFO      Fold 2 ep 269: loss=0.8088  epoch=85.2s  data_wait=10.8s  gpu=74.4s
2026-05-12 12:49:34  INFO      Fold 2 ep 270: loss=0.8187  epoch=84.5s  data_wait=10.0s  gpu=74.5s
2026-05-12 12:49:39  INFO        [Odam-CRE-A          ]  imread image   4.7s  shape=(1405, 479, 839)  2259 MB
2026-05-12 12:50:00  INFO        [Odam-CRE-A          ]  imread masks   6.1s
2026-05-12 12:50:01  INFO        [Odam-CRE-A          ]  load+combine   27.3s total
2026-05-12 12:53:20  INFO      fold=2 ep=270 loss=0.8187 dice=0.8608 inc=0.925 bone=0.906 molar=0.751 ep_s=84.5 val_s=225.5
2026-05-12 12:54:08  INFO      Fold 2 ep 271: loss=0.8392  epoch=48.2s  data_wait=29.8s  gpu=18.5s
2026-05-12 12:54:55  INFO      Fold 2 ep 272: loss=0.8631  epoch=46.6s  data_wait=21.6s  gpu=25.0s
2026-05-12 12:55:40  INFO      Fold 2 ep 273: loss=0.8113  epoch=45.0s  data_wait=19.7s  gpu=25.3s
2026-05-12 12:56:25  INFO      Fold 2 ep 274: loss=0.8284  epoch=45.1s  data_wait=19.8s  gpu=25.2s
2026-05-12 12:57:12  INFO      Fold 2 ep 275: loss=0.8609  epoch=47.1s  data_wait=21.7s  gpu=25.4s
2026-05-12 12:57:16  INFO        [Odam-CRE-A          ]  imread image   4.6s  shape=(1405, 479, 839)  2259 MB
2026-05-12 12:57:40  INFO        [Odam-CRE-A          ]  imread masks   5.3s
2026-05-12 12:57:40  INFO        [Odam-CRE-A          ]  load+combine   28.6s total
2026-05-12 12:58:15  INFO      fold=2 ep=275 loss=0.8609 dice=0.8753 inc=0.916 bone=0.926 molar=0.784 ep_s=47.1 val_s=63.3
2026-05-12 12:59:44  INFO      Fold 2 ep 276: loss=0.8464  epoch=88.6s  data_wait=10.3s  gpu=78.3s
2026-05-12 13:01:09  INFO      Fold 2 ep 277: loss=0.8337  epoch=84.6s  data_wait=10.5s  gpu=74.1s
2026-05-12 13:02:33  INFO      Fold 2 ep 278: loss=0.8064  epoch=84.9s  data_wait=11.0s  gpu=73.8s
2026-05-12 13:03:57  INFO      Fold 2 ep 279: loss=0.8401  epoch=83.9s  data_wait=9.9s  gpu=74.0s
2026-05-12 13:05:22  INFO      Fold 2 ep 280: loss=0.8017  epoch=84.2s  data_wait=10.0s  gpu=74.2s
2026-05-12 13:05:26  INFO        [Odam-CRE-A          ]  imread image   4.7s  shape=(1405, 479, 839)  2259 MB
2026-05-12 13:05:48  INFO        [Odam-CRE-A          ]  imread masks   6.2s
2026-05-12 13:05:49  INFO        [Odam-CRE-A          ]  load+combine   27.5s total
2026-05-12 13:09:05  INFO      fold=2 ep=280 loss=0.8017 dice=0.8637 inc=0.924 bone=0.908 molar=0.759 ep_s=84.2 val_s=223.2
2026-05-12 13:09:51  INFO      Fold 2 ep 281: loss=0.8221  epoch=46.2s  data_wait=27.5s  gpu=18.7s
2026-05-12 13:10:39  INFO      Fold 2 ep 282: loss=0.8137  epoch=48.3s  data_wait=23.1s  gpu=25.1s
2026-05-12 13:11:25  INFO      Fold 2 ep 283: loss=0.8226  epoch=46.0s  data_wait=20.7s  gpu=25.3s
2026-05-12 13:12:12  INFO      Fold 2 ep 284: loss=0.8296  epoch=47.0s  data_wait=21.7s  gpu=25.3s
2026-05-12 13:12:57  INFO      Fold 2 ep 285: loss=0.7972  epoch=45.0s  data_wait=20.1s  gpu=24.9s
2026-05-12 13:13:02  INFO        [Odam-CRE-A          ]  imread image   4.9s  shape=(1405, 479, 839)  2259 MB
2026-05-12 13:13:26  INFO        [Odam-CRE-A          ]  imread masks   5.6s
2026-05-12 13:13:27  INFO        [Odam-CRE-A          ]  load+combine   29.1s total
2026-05-12 13:14:01  INFO      fold=2 ep=285 loss=0.7972 dice=0.8685 inc=0.891 bone=0.929 molar=0.786 ep_s=45.0 val_s=63.5
2026-05-12 13:15:29  INFO      Fold 2 ep 286: loss=0.8006  epoch=88.1s  data_wait=9.9s  gpu=78.2s
2026-05-12 13:16:54  INFO      Fold 2 ep 287: loss=0.7777  epoch=84.3s  data_wait=10.0s  gpu=74.3s
2026-05-12 13:18:17  INFO      Fold 2 ep 288: loss=0.7847  epoch=83.6s  data_wait=9.1s  gpu=74.4s
2026-05-12 13:19:40  INFO      Fold 2 ep 289: loss=0.7928  epoch=83.3s  data_wait=9.7s  gpu=73.6s
2026-05-12 13:21:04  INFO      Fold 2 ep 290: loss=0.8059  epoch=83.9s  data_wait=9.9s  gpu=74.0s
2026-05-12 13:21:09  INFO        [Odam-CRE-A          ]  imread image   4.4s  shape=(1405, 479, 839)  2259 MB
2026-05-12 13:21:31  INFO        [Odam-CRE-A          ]  imread masks   6.3s
2026-05-12 13:21:32  INFO        [Odam-CRE-A          ]  load+combine   27.5s total
2026-05-12 13:24:51  INFO      fold=2 ep=290 loss=0.8059 dice=0.8434 inc=0.879 bone=0.902 molar=0.749 ep_s=83.9 val_s=227.0
